"Appendix S2: Individual and species mean values, standard deviations and standard errors for 10 Ceanothus species. Values are averages of three leaves per individual plant, and three plants per species for 26 traits.",,,,,,,,,,,,,,,,,,,,,,,,,,,,,,,,,,,,,,,,,,,,,,,,,,,,,,,,,,,,,,,,,,,,,,,,,,,,,,,,,,,,,,,,,,,,,,,,,,,,,,,,,,,,,,,,,,,,,,,,,,,,,,,,,,,,,,,,,
,,,,,,,,,,,,,,,,,,,,,,,,,,,,,,,,,,,,,,,,,,,,,,,,,,,,,,,,,,,,,,,,,,,,,,,,,,,,,,,,,,,,,,,,,,,,,,,,,,,,,,,,,,,,,,,,,,,,,,,,,,,,,,,,,,,,,,,,,
Individual means,,,,,,,,,,,,,,,,,,,,,,,,,,,,,,,,,,,Species means,,,,,,,,,,,,,,,,,,,,,,,,,,,,,,,,,,,,,,,,,,,,,,,,,,,,,,,,,,,,,,,,,,,,,,,,,,,,,,,,,,,,,,,,,,,,,,,,,,,,,,
,,Structural Traits,,,,,,,,,,,,Drought tolerance traits,,,Cell and Tissue Cross-Sectional Thicknesses,,,,,,,Cross-sectional Cell Areas,,,,Cell Wall Thicknesses,,,,,,,,,Structural Traits,,,,,,,,,,Drought tolerance traits,,,Cell and Tissue Cross-Sectional Thicknesses,,,,,,,Cross-sectional Cell Areas,,,,Cell Wall Thicknesses,,,,Climate Variables,,,,,,,,,,,,,,,,,,,,,,,,,,,,,,,,,,,,,,,,,,,,,,,,,,,,,,,,,,,,,,,,,,,,,,,,
Species,Subgenus,Leaf area,Leaf mass per area,Density,Saturated water content,Leaf dry matter content,Leaf area shrinkage,Leaf thickness shrinkage,Leaf thickness,Petiole area/leaf area,Petiole area/dry leaf mass,Osmotic potential at turgor loss point,Osmotic potential at full turgor,Interveinal distance,Upper cuticle,Upper epidermis,Mesophyll,Lower epidermis,Lower cuticle,Crypt lower epidermis,Hypodermis,Upper epidermis,Palisade mesophyll,Spongy mesophyll,Lower epidermis,Upper epidermis,Palisade mesophyll,Spongy mesophyll,Lower epidermis,,,,Species,Subgenus,Leaf area,Leaf mass per area,Density,Saturated water content,Leaf dry matter content,Leaf area shrinkage,Thickness shrinkage,Leaf thickness,Petiole area/leaf area,Petiole area/dry leaf mass,Osmotic potential at turgor loss point,Osmotic potential at full turgor,Interveinal distance,Upper cuticle,Upper epidermis,Mesophyll,Lower epidermis,Lower cuticle,Crypt lower epidermis,Hypodermis,Upper epidermis,Palisade mesophyll,Spongy mesophyll,Lower epidermis,Upper epidermis,Palisade mesophyll,Spongy mesophyll,Lower epidermis,Potential Evapo-transpiration,Aridity index,Mean Annual Temperature,Annual Annual Precipitationitation,,,,,,,,,,,,,,,,,,,,,,,,,,,,,,,,,,,,,,,,,,,,,,,,,,,,,,,,,,,,,,,,,,,,,,,
,,cm2,g m-2,g 0.001m-3,g g-1,g g-1,%,%,mm,,,MPa,MPa,μm,μm,μm,μm,μm,μm,μm,μm,μm2,μm2,μm2,μm2,μm,μm,μm,μm,,,,,,cm2,g m-2,g 0.001m-3,g g-1,g g-1,%,%,mm,,,MPa,MPa,μm,μm,μm,μm,μm,μm,μm,μm,μm2,μm2,μm2,μm2,μm,μm,μm,μm,,,,,,,,,,,,,,,,,,,,,,,,,,,,,,,,,,,,,,,,,,,,,,,,,,,,,,,,,,,,,,,,,,,,,,,,,,,
Ceanothus lemmonii,Ceanothus,0.254397341,103.9650811,0.32248664,2.65918,0.27331,35.35837966,28.46409,0.324444444,0.07221,69.40039,-2.105026667,-1.771666667,196.5395912,3.883455458,49.2585666,245.6285577,19.92825827,1.839531533,,,930.8744081,692.0340273,268.4541833,565.6713147,1.122471922,4.148347998,0.9403583,1.052825214,,,,Ceanothus lemmonii,Ceanothus,1.990637198,88.71822127,0.352308844,3.04529,0.25765,35.46501,19.35272,0.25444,0.06434,72.39611,-2.12814,-1.79944,199.4947238,3.065102384,44.4555157,247.7842162,18.46348019,1.566599558,,,854.3049673,405.2866328,181.0766658,23.49195109,0.665393286,4.206764976,0.569073852,0.557793593,1269.997642,0.928988443,130.0636792,1166.705189,,,,,,,,,,,,,,,,,,,,,,,,,,,,,,,,,,,,,,,,,,,,,,,,,,,,,,,,,,,,,,,,,,,,,,,
Ceanothus lemmonii,Ceanothus,0.215341863,60.27984766,0.304716018,4.07097,0.20597,42.1899512,13.36491,0.202222222,0.03811,65.51295,-2.06828,-1.7275,166.0287057,3.168490869,50.74071803,238.2197423,20.43954584,1.532636355,,,1206.453354,580.1781176,212.7768859,554.7363813,0.822628282,5.575875566,0.63729548,0.670100459,,,,Ceanothus incanus,Ceanothus,6.709717763,169.4982868,0.54812273,1.39336,0.41905,30.51621,6.99410,0.31,0.04490,26.32518,-1.94648,-1.58111,173.4646606,2.933296176,36.21432212,291.4646455,10.6961406,1.290378644,,,514.2688502,373.7893035,249.0998066,13.2377666,0.840612076,3.90615207,0.667728388,0.7005909,1116.718157,1.044256911,123,1150.525745,,,,,,,,,,,,,,,,,,,,,,,,,,,,,,,,,,,,,,,,,,,,,,,,,,,,,,,,,,,,,,,,,,,,,,,
Ceanothus lemmonii,Ceanothus,0.127451955,101.9097351,0.429723874,2.40571,0.29366,28.84669986,16.22916,0.236666667,0.08268,82.27498,-2.211106667,-1.899166667,235.9158747,2.143360824,33.36726247,259.5043484,15.02263646,1.327630786,,,1633.874583,599.3220842,235.1480679,447.5489675,0.937496806,5.750988748,0.751908514,0.544501334,,,,Ceanothus tomentosus,Ceanothus,0.890432309,145.124529,0.467324297,1.69751,0.37602,29.36596,5.53595,0.312222222,0.10035,70.33152,-2.28737,-1.99083,161.4432621,3.81399611,46.72042187,267.5517028,10.30989293,1.157371923,,,1134.791123,571.4677694,182.7815383,13.813417,0.8337847,3.48146672,0.626871468,0.735182403,1368.706316,0.389132316,159.8778947,520.1978947,,,,,,,,,,,,,,,,,,,,,,,,,,,,,,,,,,,,,,,,,,,,,,,,,,,,,,,,,,,,,,,,,,,,,,,
Ceanothus verrucosus,Cerastes,0.135495547,354.5794939,0.524022858,1.14200,0.46686,25.16850149,17.22946,0.676666667,0.18501,52.21893,-2.794893333,-2.600833333,262.2612205,6.892045092,34.84647214,161.7353211,54.83727961,5.825230915,9.950543496,306.226847,526.7505625,445.2565962,205.4461971,223.6752362,1.558683391,2.79681597,0.733092819,0.89579971,,,,Ceanothus impressus,Ceanothus,1.40625565,90.0193355,0.54999077,1.74446,0.36580,28.66568,0.00000,0.164814815,0.04749,52.99390,-2.31280,-2.02139,188.3210358,3.252973058,32.46003277,121.9358429,12.9966139,1.208572217,,,587.0529952,262.2399661,172.2643674,15.27720718,0.784202512,3.353176428,0.603775127,0.603587768,1115.967033,0.47698022,134.494382,510.1797753,,,,,,,,,,,,,,,,,,,,,,,,,,,,,,,,,,,,,,,,,,,,,,,,,,,,,,,,,,,,,,,,,,,,,,,
Ceanothus verrucosus,Cerastes,0.138034969,345.719137,0.547789735,1.58619,0.38703,21.6830802,14.97579,0.631111111,0.11777,34.14661,-2.5134,-2.2625,257.5789903,6.563186705,32.72786373,159.6850247,41.88618012,5.545002234,12.4382577,344.0533817,285.5360967,390.3231406,213.3290248,193.7451247,0.989614518,4.061593575,0.733092819,1.081707024,,,,Ceanothus oliganthus,Ceanothus,2.4768011,117.5247556,0.404298924,1.32034,0.43144,30.15121,28.91267,0.290740741,0.05181,43.51974,-2.37104,-2.09139,150.8592768,4.061617493,49.87855685,150.4981894,14.25640344,1.94349913,,,1282.027772,278.3447105,140.6188579,19.62957285,0.583966098,3.339771694,0.67427347,0.715492603,1274.845405,0.533212538,144.119294,648.3584906,,,,,,,,,,,,,,,,,,,,,,,,,,,,,,,,,,,,,,,,,,,,,,,,,,,,,,,,,,,,,,,,,,,,,,,
Ceanothus verrucosus,Cerastes,0.145192063,391.0604544,0.621245876,1.17065,0.46072,20.92186688,11.99901,0.631111111,0.11247,28.69205,-2.60492,-2.3725,244.5273851,6.534616752,38.58087984,248.1589179,34.10704237,5.517040153,21.2972807,458.2866364,272.5345803,331.325102,313.7119089,204.2145053,1.126892126,3.468513785,0.794487823,1.059924968,,,,Ceanothus spinosus,Ceanothus,4.170125073,125.7751353,0.398526659,1.65232,0.38244,30.47294,40.16274,0.312222222,0.05452,48.16196,-2.39854,-2.12444,170.309133,4.225199538,75.79384302,157.3834027,17.63851843,2.58723297,,,2139.973983,231.2942088,164.6610898,23.22970639,0.548827639,2.880604184,0.48756102,0.615936475,1277.119565,0.399273913,155.5804348,505.273913,,,,,,,,,,,,,,,,,,,,,,,,,,,,,,,,,,,,,,,,,,,,,,,,,,,,,,,,,,,,,,,,,,,,,,,
Ceonothus incanus,Ceanothus,0.334298615,173.150187,0.556630625,1.23115,0.44821,29.61904439,7.70538,0.311111111,0.08478,49.13920,-1.909506667,-1.536666667,153.6143522,2.243308704,39.35023658,243.1192834,11.58843548,1.224719216,,,774.6427347,325.4474325,205.5704828,170.4471005,0.715373374,4.676702333,0.584255654,0.536376736,,,,Ceanothus verrucosus,Cerastes,1.395741932,363.7863618,0.564352823,1.29961,0.43821,22.59115,14.73475,0.646296296,0.13842,38.35253,-2.63774,-2.41194,254.7891987,6.66328285,35.3850719,189.8597546,43.61016737,5.629091101,369.5222884,14.5620273,361.6070798,388.9682796,244.1623769,14.21986638,1.225063345,3.442307777,0.75355782,1.012477234,1230.019293,0.26659582,167.7073955,324.607717,,,,,,,,,,,,,,,,,,,,,,,,,,,,,,,,,,,,,,,,,,,,,,,,,,,,,,,,,,,,,,,,,,,,,,,
Ceonothus incanus,Ceanothus,0.750233267,160.833649,0.534969383,1.52279,0.39648,30.7372296,6.11538,0.301111111,0.02447,15.27894,-1.88108,-1.5025,166.6870304,4.006682532,30.50825135,357.6910413,10.35691165,1.0133215,,,256.3032644,495.632792,287.9695496,136.2251163,1.277137656,4.457723056,0.955776348,1.012105757,,,,Ceanothus megacarpus var. megacarpus,Cerastes,1.491470534,307.1244239,0.510691726,1.74773,0.39383,26.38623,8.83198,0.602222222,0.11529,37.27829,-2.80760,-2.61611,358.6210169,6.344960899,39.02467622,173.1823113,43.54411067,6.494902492,325.8636369,14.41873605,300.4621776,256.3971824,133.802789,15.64978237,1.066645324,3.231916757,0.647382962,0.89093674,1160.432739,0.370161102,155.9518072,436.3599398,,,,,,,,,,,,,,,,,,,,,,,,,,,,,,,,,,,,,,,,,,,,,,,,,,,,,,,,,,,,,,,,,,,,,,,
Ceonothus incanus,Ceanothus,0.928383448,174.5110242,0.552768181,1.42614,0.41246,31.19235594,7.16153,0.317777778,0.02544,14.55741,-2.048866667,-1.704166667,200.0925991,2.549897293,38.78447844,273.5836118,10.14307467,1.633095216,,,602.3130159,300.2876858,253.7593873,152.6504179,0.529325199,2.584030822,0.463153161,0.553290207,,,,Ceanothus cuneatus var. fascicularis,Cerastes,0.555180092,243.1364487,0.512680223,1.50436,0.41334,14.84266,20.48465,0.498148148,0.22003,91.19131,-2.61694,-2.38694,194.6083164,4.686080051,30.43986482,231.1310079,30.59734205,4.609893511,243.0071853,13.81524733,220.8559683,273.4766425,176.2961571,13.97388112,0.982083668,3.220637367,2.850916518,1.176231015,1106.223404,0.419293617,139.1333333,397.3733333,,,,,,,,,,,,,,,,,,,,,,,,,,,,,,,,,,,,,,,,,,,,,,,,,,,,,,,,,,,,,,,,,,,,,,,
Ceanothus tomentosus,Ceanothus,0.109296675,137.6015204,0.491144909,1.62077,0.38226,33.10578566,1.49813,0.28,0.08635,63.07128,-2.4094,-2.1375,199.0543548,5.614045845,45.32421743,264.8416981,8.700575365,0.511083177,,,1106.456078,530.6105968,139.7728888,222.0198813,0.87990925,3.608905377,0.502907482,0.527536765,,,,Ceanothus ferrisiae,Cerastes,1.201226192,261.7231703,0.426259013,1.39112,0.42169,83.15023,15.10556,0.45806,0.49825,196.69798,-2.51941,-2.26972,276.0444327,5.850356263,32.3345274,260.1251595,42.19520587,5.990369292,307.9093395,20.32760985,351.2219963,303.7352051,122.7996754,12.7084281,1.885819476,3.984123752,1.421608407,1.487663758,1324.111111,0.43411111,145.5432099,564.9876543,,,,,,,,,,,,,,,,,,,,,,,,,,,,,,,,,,,,,,,,,,,,,,,,,,,,,,,,,,,,,,,,,,,,,,,
Ceanothus tomentosus,Ceanothus,0.089431721,138.0433537,0.466507837,1.63724,0.39243,25.94168866,7.47586,0.296666667,0.09007,69.66826,-2.231906667,-1.924166667,137.2303964,3.273548559,51.55757223,288.8604102,11.65935964,2.144076197,,,1352.073477,638.9573015,230.6362328,256.046637,0.993704714,3.583509622,0.901268255,1.127786124,,,,,,stdev,stdev,stdev,stdev,stdev,stdev,stdev,stdev,stdev,stdev,stdev,stdev,stdev,stdev,stdev,stdev,stdev,stdev,,,stdev,stdev,stdev,stdev,stdev,stdev,stdev,stdev,,,,,,,,,,,,,,,,,,,,,,,,,,,,,,,,,,,,,,,,,,,,,,,,,,,,,,,,,,,,,,,,,,,,,,,,,,,
Ceanothus tomentosus,Ceanothus,0.068401297,159.7287129,0.444320145,1.83453,0.35336,29.05041573,7.63386,0.36,0.12463,78.25502,-2.220813333,-1.910833333,148.0450352,2.554393925,43.27947594,248.953,10.56974379,0.816956393,,,945.8438158,544.83541,177.9354933,234.3647632,0.627740136,3.251985161,0.476438667,0.550224321,,,,Ceanothus lemmonii,Ceanothus,0.616022083,24.64978563,0.067629608,0.897263726,0.045894786,6.672264732,8.019587183,0.064355782,0.023305956,8.773377589,0.074165064,0.089140702,35.03717601,0.874642337,9.631262272,10.80480274,2.990803894,0.257634854,,,354.2226015,59.82438241,28.01704408,65.27072258,0.151281625,0.879105318,0.153023169,0.264778695,,,,,,,,,,,,,,,,,,,,,,,,,,,,,,,,,,,,,,,,,,,,,,,,,,,,,,,,,,,,,,,,,,,,,,,,,,,
Ceanothus impressus,Ceanothus,0.134129959,94.58886637,0.562384194,1.70580,0.37318,27.06293331,0.39138,0.168888889,0.04971,52.66520,-2.352546667,-2.069166667,161.1829581,3.982892357,34.03715854,165.0122635,15.04905417,1.838611767,,,596.7555849,229.2576166,186.9278312,258.9918626,0.764223156,3.301805807,0.765040725,0.565707044,,,,Ceanothus incanus,Ceanothus,3.166652796,9.058710841,0.01155368,0.148554745,0.026488407,0.809607663,0.808112074,0.021278576,0.034547389,19.76080988,0.089797597,0.107929804,23.96891863,0.942134726,4.949692249,59.34197883,0.780111642,0.315060685,,,263.9747736,106.2667869,41.3966825,17.11557111,0.389319171,1.150213644,0.256700553,0.269912293,,,,,,,,,,,,,,,,,,,,,,,,,,,,,,,,,,,,,,,,,,,,,,,,,,,,,,,,,,,,,,,,,,,,,,,,,,,
Ceanothus impressus,Ceanothus,0.093698737,85.0659944,0.488810898,1.82231,0.35450,25.81907202,4.88476,0.174444444,0.04890,57.62318,-2.408706667,-2.136666667,236.1616573,3.221632891,36.56436827,117.7141521,11.65649815,1.073060061,,,652.5428492,327.3586959,227.6283428,388.8951123,1.080980266,4.752123126,0.617162829,0.68297718,,,,Ceanothus tomentosus,Ceanothus,0.271251949,23.81296937,0.023423057,0.118943948,0.020267769,3.592457263,3.497748732,0.038514067,0.021104503,7.613569961,0.105823655,0.127191894,33.017947,1.599821907,4.312048198,20.09125288,1.49641002,0.868089051,,,204.5917655,58.878808,45.62510203,17.22556174,0.187291547,0.199142099,0.23800283,0.340193978,,,,,,,,,,,,,,,,,,,,,,,,,,,,,,,,,,,,,,,,,,,,,,,,,,,,,,,,,,,,,,,,,,,,,,,,,,,
Ceanothus impressus,Ceanothus,0.194047999,90.40314573,0.598777216,1.70526,0.36971,33.1150335,-5.76053,0.151111111,0.04385,48.69331,-2.177133333,-1.858333333,167.6184919,2.554393925,26.7785715,83.08111312,12.28428938,0.714044823,,,511.8605515,230.1035857,102.2369281,167.7212002,0.507404114,2.005600352,0.429121828,0.562079079,,,,Ceanothus impressus,Ceanothus,0.466737576,6.315359996,0.056020938,0.067426315,0.009934262,3.903121864,5.344134602,0.015995756,0.003178768,4.474003496,0.120795966,0.145187459,41.55596017,0.714764714,5.079955598,41.12840086,1.804969188,0.574400001,,,70.84124792,56.39606057,63.96885648,111.1478651,0.287309557,1.37398182,0.168359138,0.068777174,,,,,,,,,,,,,,,,,,,,,,,,,,,,,,,,,,,,,,,,,,,,,,,,,,,,,,,,,,,,,,,,,,,,,,,,,,,
Ceanothus cuneatus var. fascicularis,Cerastes,0.041864313,282.7297471,0.436539802,1.32303,0.43048,7.535355887,33.43190,0.652222222,0.29414,103.79024,-2.724866667,-2.516666667,202.3484096,6.365628524,31.91536968,287.9935736,32.2739149,7.375910667,16.8613157,304.8742701,230.3107147,356.4516153,145.5859742,222.197206,0.77341495,4.243549725,3.67113756,1.13084329,,,,Ceanothus oliganthus,Ceanothus,0.546117536,5.694231884,0.012380295,0.029979565,0.005651018,4.991339613,5.304882449,0.0111527,0.003959964,4.083267303,0.318830691,0.318830691,45.04182161,1.426656463,8.965997736,31.62180366,2.444619222,1.139359429,,,587.74339,15.05202115,23.71163571,166.0255704,0.063624999,0.360728069,0.186532516,0.035824626,,,,,,,,,,,,,,,,,,,,,,,,,,,,,,,,,,,,,,,,,,,,,,,,,,,,,,,,,,,,,,,,,,,,,,,,,,,
Ceanothus cuneatus var. fascicularis,Cerastes,0.059362486,226.6413163,0.666965447,1.56395,0.40787,17.26975434,-3.94908,0.34,0.14162,65.74150,-2.55708,-2.315,215.2527073,4.114073133,32.38508564,216.6667701,28.5624699,1.96707161,16.2811346,215.9376837,201.1659114,246.2151966,182.4135599,196.0853392,1.114430764,3.03672252,4.142035214,1.316142732,,,,Ceanothus spinosus,Ceanothus,2.190635186,32.02630978,0.050334178,0.313836191,0.047201648,1.639454094,4.162936046,0.045430044,0.010968401,17.00573092,0.209869889,0.20986989,27.54434291,0.92026289,14.50339408,59.85408489,4.173428381,0.309975102,,,121.6188825,86.49381902,46.44312082,114.9526382,0.108233737,0.64282219,0.065287701,0.102307887,,,,,,,,,,,,,,,,,,,,,,,,,,,,,,,,,,,,,,,,,,,,,,,,,,,,,,,,,,,,,,,,,,,,,,,,,,,
Ceanothus cuneatus var. fascicularis,Cerastes,0.065327229,220.0382827,0.434535421,1.62610,0.40166,19.7228673,31.97112,0.502222222,0.22433,104.04219,-2.568866667,-2.329166667,166.2238324,3.578538495,27.01913913,188.73268,30.95564135,4.486698256,8.303291682,208.2096021,231.0912788,217.7631154,200.8889373,159.2577535,1.05840529,2.381639854,0.73957678,1.081707024,,,,Ceanothus verrucosus,Cerastes,0.10454039,26.44323765,0.050683634,0.248593688,0.044425026,2.264270035,2.623541223,0.040635386,0.040433228,12.31445671,0.143587531,0.172581167,9.190181338,0.198628254,2.963446754,50.498963,10.47209545,0.170436468,5.964051413,79.16466253,143.1661177,56.97782971,60.36048203,15.18848002,0.296964706,0.63279591,0.035446422,0.10163094,,,,,,,,,,,,,,,,,,,,,,,,,,,,,,,,,,,,,,,,,,,,,,,,,,,,,,,,,,,,,,,,,,,,,,,,,,,
Ceanothus megacarpus var. megacarpus,Cerastes,0.124626394,263.8485412,0.477039278,1.44833,0.40856,23.54416908,8.54168,0.552222222,0.11875,45.14949,-3.019533333,-2.870833333,324.5318631,5.774777595,32.55752876,127.9151508,36.64943911,6.10728321,10.49937945,225.0295061,215.2647291,169.9734724,142.6299138,151.498095,0.858314312,2.8703684,0.596321771,0.833391588,,,,Ceanothus megacarpus var. megacarpus,Cerastes,0.243945493,66.72769002,0.030605776,0.630558608,0.045907133,2.623832485,7.132418603,0.123434643,0.03887753,9.008337007,0.183536129,0.220596309,34.22122674,1.424999236,7.135499813,40.7623786,12.09046509,1.317284559,3.639590257,98.94851955,92.15263832,79.87541299,21.8861391,28.08860543,0.190563603,0.420130044,0.109799653,0.072371869,,,,,,,,,,,,,,,,,,,,,,,,,,,,,,,,,,,,,,,,,,,,,,,,,,,,,,,,,,,,,,,,,,,,,,,,,,,
Ceanothus megacarpus var. megacarpus,Cerastes,0.153123947,388.1324807,0.518171929,1.32265,0.43056,26.89814126,16.10512,0.75,0.15232,39.23195,-2.701293333,-2.488333333,392.9728049,7.966761596,46.67948964,184.6474249,36.47826548,7.962506497,15.06479336,422.8120688,398.270999,327.5068574,108.8815577,133.6385635,1.109466481,3.692818304,0.572412165,0.972188874,,,,Ceanothus cuneatus var. fascicularis,Cerastes,0.142998107,53.33309239,0.133618682,0.160081587,0.015169041,6.446080344,21.17283008,0.145096817,0.076352471,22.04054315,0.093654766,0.112565824,25.4143547,1.478973172,2.971730381,51.18683307,1.881486059,2.706523192,4.782300054,53.71762231,17.05655521,73.25308746,28.15442051,31.62139396,0.182870689,0.944481654,1.843570657,0.123632761,,,,,,,,,,,,,,,,,,,,,,,,,,,,,,,,,,,,,,,,,,,,,,,,,,,,,,,,,,,,,,,,,,,,,,,,,,,
Ceanothus megacarpus var. megacarpus,Cerastes,0.16969082,269.3922498,0.536863971,2.47221,0.34236,28.71638673,1.84915,0.504444444,0.07480,27.45344,-2.701986667,-2.489166667,358.3583827,5.293343505,37.83701027,206.9843581,57.50462742,5.41491777,17.69203534,329.7493359,287.8508048,271.7112175,149.8968956,188.6951882,1.232155177,3.132563566,0.77341495,0.867229758,,,,Ceanothus ferrisiae,Cerastes,3.3649E-05,59.47162299,0.017510301,0.244322945,0.040049677,0.375136009,3.228347242,0.118119699,0.078779564,52.66586757,0.160429834,0.160429834,74.99848938,0.601574701,4.438711045,42.71304538,15.71650852,1.905896798,5.151041918,106.6762994,124.4709847,25.52813172,19.79348316,31.53523983,0.704949867,0.123486904,0.351306154,0.309670586,,,,,,,,,,,,,,,,,,,,,,,,,,,,,,,,,,,,,,,,,,,,,,,,,,,,,,,,,,,,,,,,,,,,,,,,,,,
Ceanothus oliganthus,Ceanothus,0.224400985,117.4239094,0.412650946,1.31532,0.43252,24.76769889,34.97742,0.284444444,0.04990,42.02647,-2.64444,-2.42,115.8695954,5.638164148,54.21610408,141.6950261,12.69532248,2.145915729,,,1466.456336,261.5924342,145.7260045,329.3952881,0.627740136,3.48146672,0.769179671,0.740104853,,,,,,stderr,stderr,stderr,stderr,stderr,stderr,stderr,stderr,stderr,stderr,stderr,stderr,stderr,stderr,stderr,stderr,stderr,stderr,,,stderr,stderr,stderr,stderr,stderr,stderr,stderr,stderr,,,,,,,,,,,,,,,,,,,,,,,,,,,,,,,,,,,,,,,,,,,,,,,,,,,,,,,,,,,,,,,,,,,,,,,,,,,
Ceanothus oliganthus,Ceanothus,0.229694284,119.8954503,0.410170525,1.29318,0.43648,31.06058211,26.62593,0.292222222,0.04916,40.39331,-2.353933333,-2.070833333,135.0290917,3.687136565,55.85093663,185.5888034,17.07371412,2.968084128,,,1755.438693,290.7313686,161.3607661,571.1857797,0.613177178,3.608138905,0.794268837,0.674392699,,,,Ceanothus lemmonii,Ceanothus,0.355660516,14.23156037,0.039045972,0.518035453,0.026497367,3.852233838,4.630110818,0.037155828,0.0134557,5.065311911,0.04281922,0.051465409,20.228723,0.504974989,5.560611864,6.238155768,1.726741433,0.148745552,,,204.5105143,34.53962328,16.17564794,37.68406924,0.087342487,0.507551692,0.088347968,0.152870051,,,,,,,,,,,,,,,,,,,,,,,,,,,,,,,,,,,,,,,,,,,,,,,,,,,,,,,,,,,,,,,,,,,,,,,,,,,
Ceanothus oliganthus,Ceanothus,0.288945061,115.254907,0.390075302,1.35251,0.42533,34.6253348,25.13468,0.295555556,0.05636,48.13945,-2.114733333,-1.783333333,201.6791432,2.859551767,39.56862986,124.2107388,13.00017373,0.716497532,,,624.1882858,282.7103286,114.7698031,253.1954079,0.510980981,2.929709456,0.459371902,0.731980256,,,,Ceanothus incanus,Ceanothus,1.828267844,5.230049141,0.00667052,0.085768122,0.015293089,0.467427202,0.466563724,0.012285191,0.019945944,11.4089089,0.051844667,0.062313301,13.83846162,0.543941738,2.857706152,34.26110744,0.450397667,0.181900371,,,152.4059066,61.35315799,23.90038578,9.881679586,0.224773528,0.664076157,0.148206133,0.155833935,,,,,,,,,,,,,,,,,,,,,,,,,,,,,,,,,,,,,,,,,,,,,,,,,,,,,,,,,,,,,,,,,,,,,,,,,,,
Ceanothus spinosus,Ceanothus,0.546441559,161.4858279,0.45617792,1.29028,0.43681,28.71059831,35.35734,0.354444444,0.04472,28.57401,-2.351853333,-2.068333333,164.6451906,4.088461027,91.05200764,226.4773482,22.35276083,2.656079141,,,2255.685302,304.3608702,205.445154,628.4296865,0.459882883,3.205383696,0.516755066,0.621455069,,,,Ceanothus tomentosus,Ceanothus,0.156607386,13.74842427,0.013523308,0.068672321,0.011701602,2.074106168,2.019426172,0.022236107,0.01218469,4.395696666,0.061097316,0.073434274,19.06292058,0.923657608,2.489562187,11.59969025,0.863952728,0.501191447,,,118.1211109,33.99369564,26.34166493,9.945182707,0.108132825,0.114974744,0.137410998,0.196411085,,,,,,,,,,,,,,,,,,,,,,,,,,,,,,,,,,,,,,,,,,,,,,,,,,,,,,,,,,,,,,,,,,,,,,,,,,,
Ceanothus spinosus,Ceanothus,0.329435422,94.35298959,0.363315227,1.81952,0.35848,31.95279533,42.45991,0.258888889,0.05249,59.15133,-2.252013333,-1.948333333,200.2451748,3.380956761,62.18648762,121.4111251,14.41569325,2.248622906,,,2013.203009,253.7280551,174.4262883,471.674752,0.517266047,3.296236114,0.533157556,0.715373374,,,,Ceanothus impressus,Ceanothus,0.269471065,3.646174793,0.032343704,0.038928601,0.005735549,2.253468459,3.08543755,0.009235154,0.001835262,2.583067122,0.069741583,0.083824019,23.99234478,0.4126696,2.932913731,23.7454933,1.042099446,0.331629995,,,40.90021355,32.56028074,36.9324365,64.17124982,0.16587825,0.793268774,0.097202193,0.03970852,,,,,,,,,,,,,,,,,,,,,,,,,,,,,,,,,,,,,,,,,,,,,,,,,,,,,,,,,,,,,,,,,,,,,,,,,,,
Ceanothus spinosus,Ceanothus,0.37516054,121.4865885,0.376086828,1.84714,0.35202,30.75542795,42.67096,0.323333333,0.06637,56.76055,-2.591746667,-2.356666667,146.0370335,5.206180826,74.1430338,124.2617347,16.1471012,2.856996863,,,2151.033638,135.793701,114.1118272,404.4045452,0.669333987,2.140192742,0.412770437,0.510980981,,,,Ceanothus oliganthus,Ceanothus,0.315301106,3.287566311,0.007147767,0.01730871,0.003262617,2.881751269,3.062775309,0.006439014,0.002286286,2.357475476,0.184076985,0.184076985,26.00490783,0.823680493,5.176521205,18.25685685,1.411401566,0.657809473,,,339.3338043,8.690288462,13.68991926,95.85490773,0.03673391,0.208266448,0.107694598,0.020683357,,,,,,,,,,,,,,,,,,,,,,,,,,,,,,,,,,,,,,,,,,,,,,,,,,,,,,,,,,,,,,,,,,,,,,,,,,,
Ceanothus ferrisiae,Cerastes,1.415146513,304.4178411,0.444621268,1.22613,0.44962,82.7905204,16.26800,0.683333333,0.43102,141.71836,-2.606306667,-2.374166667,338.7767197,6.484163432,37.20297848,282.2804036,33.09138697,8.167967005,24.64385555,400.7131647,256.8782908,278.9781993,100.0133765,135.8556087,2.61972279,3.841544155,1.218174137,1.421608407,,,,Ceanothus spinosus,Ceanothus,1.264763814,18.49039857,0.029060451,0.181193409,0.027251884,0.946539262,2.403472246,0.026229048,0.006332609,9.81826332,0.121168437,0.121168437,15.90273379,0.531314027,8.373538475,34.55677202,2.409529999,0.178964209,,,70.21669453,49.93722968,26.8139483,66.36793658,0.062488777,0.371133564,0.037693872,0.059067486,,,,,,,,,,,,,,,,,,,,,,,,,,,,,,,,,,,,,,,,,,,,,,,,,,,,,,,,,,,,,,,,,,,,,,,,,,,
Ceanothus ferrisiae,Cerastes,1.375164514,286.9563862,0.42440805,1.27543,0.43964,83.53909201,17.59172,0.674444444,0.58493,201.67944,-2.5862,-2.35,296.3819499,5.779640566,28.51257213,210.8865218,60.34303386,5.177240082,14.62537214,191.3617187,492.2952598,302.2571749,132.65321,198.9182304,1.213919038,4.056933228,1.827261205,1.216350523,,,,Ceanothus verrucosus,Cerastes,0.060356422,15.26701037,0.02926221,0.143525633,0.025648801,1.307276914,1.514702231,0.023460851,0.023344135,7.109754897,0.0829003,0.099639783,5.305953668,0.114678076,1.710946781,29.15558987,6.046067123,0.098401541,3.443346688,45.70573921,82.65699657,32.89616531,34.84914054,8.769073025,0.171452653,0.365344889,0.020465001,0.05867665,,,,,,,,,,,,,,,,,,,,,,,,,,,,,,,,,,,,,,,,,,,,,,,,,,,,,,,,,,,,,,,,,,,,,,,,,,,
Ceanothus ferrisiae,Cerastes,0.813367549,193.7952837,0.409747721,1.67180,0.37581,83.12108573,11.45697,0.474444444,0.47879,246.69612,-2.36572,-2.085,192.9746285,5.287264792,31.2880316,287.208553,33.15119677,4.625900789,21.71360186,331.653135,304.4924382,329.970241,135.7324396,168.2491039,1.823816601,4.053893872,1.21938988,1.825032344,,,,Ceanothus megacarpus var. megacarpus,Cerastes,0.140841996,38.52524978,0.017670253,0.364053182,0.026504496,1.514870391,4.117903799,0.071265024,0.022445953,5.200965795,0.105964633,0.127361338,19.75763447,0.822723692,4.119682737,23.53417025,6.980433271,0.760534595,2.101318414,57.12795438,53.20435053,46.11609118,12.6359683,16.2169639,0.110021947,0.242562194,0.063392859,0.041783918,,,,,,,,,,,,,,,,,,,,,,,,,,,,,,,,,,,,,,,,,,,,,,,,,,,,,,,,,,,,,,,,,,,,,,,,,,,
,,,,,,,,,,,,,,,,,,,,,,,,,,,,,,,,,,,Ceanothus cuneatus var. fascicularis,Cerastes,0.082559996,30.79187524,0.077144782,0.092423148,0.00875785,3.721646221,12.22413914,0.083771687,0.04408212,12.72511352,0.054071604,0.064989909,14.67298452,0.853885559,1.715729335,29.55273185,1.086276483,1.562611893,2.761062223,31.0138837,9.847606739,42.29268976,16.25496226,18.25662031,0.105580441,0.545296737,1.064386015,0.071379408,,,,,,,,,,,,,,,,,,,,,,,,,,,,,,,,,,,,,,,,,,,,,,,,,,,,,,,,,,,,,,,,,,,,,,,,,
,,,,,,,,,,,,,,,,,,,,,,,,,,,,,,,,,,,Ceanothus ferrisiae,Cerastes,1.94272E-05,34.33595754,0.010109577,0.141059918,0.023122692,0.216584876,1.863887149,0.06819644,0.045483402,30.40665281,0.092624208,0.092624208,43.30039802,0.347319316,2.562691016,24.66038824,9.073930422,1.100370029,2.973955437,61.58959015,71.86335648,14.73867372,11.42777283,18.2068792,0.407002995,0.071295197,0.202826702,0.178788396,,,,,,,,,,,,,,,,,,,,,,,,,,,,,,,,,,,,,,,,,,,,,,,,,,,,,,,,,,,,,,,,,,,,,,,,,
,,,,,,,,,,,,,,,,,,,,,,,,,,,,,,,,,,,,,,,,,,,,,,,,,,,,,,,,,,,,,,,,,,,,,,,,,,,,,,,,,,,,,,,,,,,,,,,,,,,,,,,,,,,,,,,,,,,,,,,,,,,,,,,,,,,,,,,,,
,,,,,,,,,,,,,,,,,,,,,,,,,,,,,,,,,,,,,,,,,,,,,,,,,,,,,,,,,,,,,,,,,,,,,,,,,,,,,,,,,,,,,,,,,,,,,,,,,,,,,,,,,,,,,,,,,,,,,,,,,,,,,,,,,,,,,,,,,
,,,,,,,,,,,,,,,,,,,,,,,,,,,,,,,,,,,,,,,,,,,,,,,,,,,,,,,,,,,,,,,,,,,,,,,,,,,,,,,,,,,,,,,,,,,,,,,,,,,,,,,,,,,,,,,,,,,,,,,,,,,,,,,,,,,,,,,,,
,,,,,,,,,,,,,,,,,,,,,,,,,,,,,,,,,,,,,,,,,,,,,,,,,,,,,,,,,,,,,,,,,,,,,,,,,,,,,,,,,,,,,,,,,,,,,,,,,,,,,,,,,,,,,,,,,,,,,,,,,,,,,,,,,,,,,,,,,
,,,,,,,,,,,,,,,,,,,,,,,,,,,,,,,,,,,,,,,,,,,,,,,,,,,,,,,,,,,,,,,,,,,,,,,,,,,,,,,,,,,,,,,,,,,,,,,,,,,,,,,,,,,,,,,,,,,,,,,,,,,,,,,,,,,,,,,,,
,,,,,,,,,,,,,,,,,,,,,,,,,,,,,,,,,,,,,,,,,,,,,,,,,,,,,,,,,,,,,,,,,,,,,,,,,,,,,,,,,,,,,,,,,,,,,,,,,,,,,,,,,,,,,,,,,,,,,,,,,,,,,,,,,,,,,,,,,
,,,,,,,,,,,,,,,,,,,,,,,,,,,,,,,,,,,,,,,,,,,,,,,,,,,,,,,,,,,,,,,,,,,,,,,,,,,,,,,,,,,,,,,,,,,,,,,,,,,,,,,,,,,,,,,,,,,,,,,,,,,,,,,,,,,,,,,,,
,,,,,,,,,,,,,,,,,,,,,,,,,,,,,,,,,,,,,,,,,,,,,,,,,,,,,,,,,,,,,,,,,,,,,,,,,,,,,,,,,,,,,,,,,,,,,,,,,,,,,,,,,,,,,,,,,,,,,,,,,,,,,,,,,,,,,,,,,
,,,,,,,,,,,,,,,,,,,,,,,,,,,,,,,,,,,,,,,,,,,,,,,,,,,,,,,,,,,,,,,,,,,,,,,,,,,,,,,,,,,,,,,,,,,,,,,,,,,,,,,,,,,,,,,,,,,,,,,,,,,,,,,,,,,,,,,,,
,,,,,,,,,,,,,,,,,,,,,,,,,,,,,,,,,,,,,,,,,,,,,,,,,,,,,,,,,,,,,,,,,,,,,,,,,,,,,,,,,,,,,,,,,,,,,,,,,,,,,,,,,,,,,,,,,,,,,,,,,,,,,,,,,,,,,,,,,
,,,,,,,,,,,,,,,,,,,,,,,,,,,,,,,,,,,,,,,,,,,,,,,,,,,,,,,,,,,,,,,,,,,,,,,,,,,,,,,,,,,,,,,,,,,,,,,,,,,,,,,,,,,,,,,,,,,,,,,,,,,,,,,,,,,,,,,,,
,,,,,,,,,,,,,,,,,,,,,,,,,,,,,,,,,,,,,,,,,,,,,,,,,,,,,,,,,,,,,,,,,,,,,,,,,,,,,,,,,,,,,,,,,,,,,,,,,,,,,,,,,,,,,,,,,,,,,,,,,,,,,,,,,,,,,,,,,
,,,,,,,,,,,,,,,,,,,,,,,,,,,,,,,,,,,,,,,,,,,,,,,,,,,,,,,,,,,,,,,,,,,,,,,,,,,,,,,,,,,,,,,,,,,,,,,,,,,,,,,,,,,,,,,,,,,,,,,,,,,,,,,,,,,,,,,,,
,,,,,,,,,,,,,,,,,,,,,,,,,,,,,,,,,,,,,,,,,,,,,,,,,,,,,,,,,,,,,,,,,,,,,,,,,,,,,,,,,,,,,,,,,,,,,,,,,,,,,,,,,,,,,,,,,,,,,,,,,,,,,,,,,,,,,,,,,
,,,,,,,,,,,,,,,,,,,,,,,,,,,,,,,,,,,,,,,,,,,,,,,,,,,,,,,,,,,,,,,,,,,,,,,,,,,,,,,,,,,,,,,,,,,,,,,,,,,,,,,,,,,,,,,,,,,,,,,,,,,,,,,,,,,,,,,,,
,,,,,,,,,,,,,,,,,,,,,,,,,,,,,,,,,,,,,,,,,,,,,,,,,,,,,,,,,,,,,,,,,,,,,,,,,,,,,,,,,,,,,,,,,,,,,,,,,,,,,,,,,,,,,,,,,,,,,,,,,,,,,,,,,,,,,,,,,
,,,,,,,,,,,,,,,,,,,,,,,,,,,,,,,,,,,,,,,,,,,,,,,,,,,,,,,,,,,,,,,,,,,,,,,,,,,,,,,,,,,,,,,,,,,,,,,,,,,,,,,,,,,,,,,,,,,,,,,,,,,,,,,,,,,,,,,,,
,,,,,,,,,,,,,,,,,,,,,,,,,,,,,,,,,,,,,,,,,,,,,,,,,,,,,,,,,,,,,,,,,,,,,,,,,,,,,,,,,,,,,,,,,,,,,,,,,,,,,,,,,,,,,,,,,,,,,,,,,,,,,,,,,,,,,,,,,
,,,,,,,,,,,,,,,,,,,,,,,,,,,,,,,,,,,,,,,,,,,,,,,,,,,,,,,,,,,,,,,,,,,,,,,,,,,,,,,,,,,,,,,,,,,,,,,,,,,,,,,,,,,,,,,,,,,,,,,,,,,,,,,,,,,,,,,,,
,,,,,,,,,,,,,,,,,,,,,,,,,,,,,,,,,,,,,,,,,,,,,,,,,,,,,,,,,,,,,,,,,,,,,,,,,,,,,,,,,,,,,,,,,,,,,,,,,,,,,,,,,,,,,,,,,,,,,,,,,,,,,,,,,,,,,,,,,
,,,,,,,,,,,,,,,,,,,,,,,,,,,,,,,,,,,,,,,,,,,,,,,,,,,,,,,,,,,,,,,,,,,,,,,,,,,,,,,,,,,,,,,,,,,,,,,,,,,,,,,,,,,,,,,,,,,,,,,,,,,,,,,,,,,,,,,,,
,,,,,,,,,,,,,,,,,,,,,,,,,,,,,,,,,,,,,,,,,,,,,,,,,,,,,,,,,,,,,,,,,,,,,,,,,,,,,,,,,,,,,,,,,,,,,,,,,,,,,,,,,,,,,,,,,,,,,,,,,,,,,,,,,,,,,,,,,
,,,,,,,,,,,,,,,,,,,,,,,,,,,,,,,,,,,,,,,,,,,,,,,,,,,,,,,,,,,,,,,,,,,,,,,,,,,,,,,,,,,,,,,,,,,,,,,,,,,,,,,,,,,,,,,,,,,,,,,,,,,,,,,,,,,,,,,,,
,,,,,,,,,,,,,,,,,,,,,,,,,,,,,,,,,,,,,,,,,,,,,,,,,,,,,,,,,,,,,,,,,,,,,,,,,,,,,,,,,,,,,,,,,,,,,,,,,,,,,,,,,,,,,,,,,,,,,,,,,,,,,,,,,,,,,,,,,
,,,,,,,,,,,,,,,,,,,,,,,,,,,,,,,,,,,,,,,,,,,,,,,,,,,,,,,,,,,,,,,,,,,,,,,,,,,,,,,,,,,,,,,,,,,,,,,,,,,,,,,,,,,,,,,,,,,,,,,,,,,,,,,,,,,,,,,,,
,,,,,,,,,,,,,,,,,,,,,,,,,,,,,,,,,,,,,,,,,,,,,,,,,,,,,,,,,,,,,,,,,,,,,,,,,,,,,,,,,,,,,,,,,,,,,,,,,,,,,,,,,,,,,,,,,,,,,,,,,,,,,,,,,,,,,,,,,
,,,,,,,,,,,,,,,,,,,,,,,,,,,,,,,,,,,,,,,,,,,,,,,,,,,,,,,,,,,,,,,,,,,,,,,,,,,,,,,,,,,,,,,,,,,,,,,,,,,,,,,,,,,,,,,,,,,,,,,,,,,,,,,,,,,,,,,,,
,,,,,,,,,,,,,,,,,,,,,,,,,,,,,,,,,,,,,,,,,,,,,,,,,,,,,,,,,,,,,,,,,,,,,,,,,,,,,,,,,,,,,,,,,,,,,,,,,,,,,,,,,,,,,,,,,,,,,,,,,,,,,,,,,,,,,,,,,
,,,,,,,,,,,,,,,,,,,,,,,,,,,,,,,,,,,,,,,,,,,,,,,,,,,,,,,,,,,,,,,,,,,,,,,,,,,,,,,,,,,,,,,,,,,,,,,,,,,,,,,,,,,,,,,,,,,,,,,,,,,,,,,,,,,,,,,,,
,,,,,,,,,,,,,,,,,,,,,,,,,,,,,,,,,,,,,,,,,,,,,,,,,,,,,,,,,,,,,,,,,,,,,,,,,,,,,,,,,,,,,,,,,,,,,,,,,,,,,,,,,,,,,,,,,,,,,,,,,,,,,,,,,,,,,,,,,
,,,,,,,,,,,,,,,,,,,,,,,,,,,,,,,,,,,,,,,,,,,,,,,,,,,,,,,,,,,,,,,,,,,,,,,,,,,,,,,,,,,,,,,,,,,,,,,,,,,,,,,,,,,,,,,,,,,,,,,,,,,,,,,,,,,,,,,,,
,,,,,,,,,,,,,,,,,,,,,,,,,,,,,,,,,,,,,,,,,,,,,,,,,,,,,,,,,,,,,,,,,,,,,,,,,,,,,,,,,,,,,,,,,,,,,,,,,,,,,,,,,,,,,,,,,,,,,,,,,,,,,,,,,,,,,,,,,
,,,,,,,,,,,,,,,,,,,,,,,,,,,,,,,,,,,,,,,,,,,,,,,,,,,,,,,,,,,,,,,,,,,,,,,,,,,,,,,,,,,,,,,,,,,,,,,,,,,,,,,,,,,,,,,,,,,,,,,,,,,,,,,,,,,,,,,,,
,,,,,,,,,,,,,,,,,,,,,,,,,,,,,,,,,,,,,,,,,,,,,,,,,,,,,,,,,,,,,,,,,,,,,,,,,,,,,,,,,,,,,,,,,,,,,,,,,,,,,,,,,,,,,,,,,,,,,,,,,,,,,,,,,,,,,,,,,
,,,,,,,,,,,,,,,,,,,,,,,,,,,,,,,,,,,,,,,,,,,,,,,,,,,,,,,,,,,,,,,,,,,,,,,,,,,,,,,,,,,,,,,,,,,,,,,,,,,,,,,,,,,,,,,,,,,,,,,,,,,,,,,,,,,,,,,,,
,,,,,,,,,,,,,,,,,,,,,,,,,,,,,,,,,,,,,,,,,,,,,,,,,,,,,,,,,,,,,,,,,,,,,,,,,,,,,,,,,,,,,,,,,,,,,,,,,,,,,,,,,,,,,,,,,,,,,,,,,,,,,,,,,,,,,,,,,
,,,,,,,,,,,,,,,,,,,,,,,,,,,,,,,,,,,,,,,,,,,,,,,,,,,,,,,,,,,,,,,,,,,,,,,,,,,,,,,,,,,,,,,,,,,,,,,,,,,,,,,,,,,,,,,,,,,,,,,,,,,,,,,,,,,,,,,,,
,,,,,,,,,,,,,,,,,,,,,,,,,,,,,,,,,,,,,,,,,,,,,,,,,,,,,,,,,,,,,,,,,,,,,,,,,,,,,,,,,,,,,,,,,,,,,,,,,,,,,,,,,,,,,,,,,,,,,,,,,,,,,,,,,,,,,,,,,
,,,,,,,,,,,,,,,,,,,,,,,,,,,,,,,,,,,,,,,,,,,,,,,,,,,,,,,,,,,,,,,,,,,,,,,,,,,,,,,,,,,,,,,,,,,,,,,,,,,,,,,,,,,,,,,,,,,,,,,,,,,,,,,,,,,,,,,,,
,,,,,,,,,,,,,,,,,,,,,,,,,,,,,,,,,,,,,,,,,,,,,,,,,,,,,,,,,,,,,,,,,,,,,,,,,,,,,,,,,,,,,,,,,,,,,,,,,,,,,,,,,,,,,,,,,,,,,,,,,,,,,,,,,,,,,,,,,
,,,,,,,,,,,,,,,,,,,,,,,,,,,,,,,,,,,,,,,,,,,,,,,,,,,,,,,,,,,,,,,,,,,,,,,,,,,,,,,,,,,,,,,,,,,,,,,,,,,,,,,,,,,,,,,,,,,,,,,,,,,,,,,,,,,,,,,,,
,,,,,,,,,,,,,,,,,,,,,,,,,,,,,,,,,,,,,,,,,,,,,,,,,,,,,,,,,,,,,,,,,,,,,,,,,,,,,,,,,,,,,,,,,,,,,,,,,,,,,,,,,,,,,,,,,,,,,,,,,,,,,,,,,,,,,,,,,
,,,,,,,,,,,,,,,,,,,,,,,,,,,,,,,,,,,,,,,,,,,,,,,,,,,,,,,,,,,,,,,,,,,,,,,,,,,,,,,,,,,,,,,,,,,,,,,,,,,,,,,,,,,,,,,,,,,,,,,,,,,,,,,,,,,,,,,,,
,,,,,,,,,,,,,,,,,,,,,,,,,,,,,,,,,,,,,,,,,,,,,,,,,,,,,,,,,,,,,,,,,,,,,,,,,,,,,,,,,,,,,,,,,,,,,,,,,,,,,,,,,,,,,,,,,,,,,,,,,,,,,,,,,,,,,,,,,
,,,,,,,,,,,,,,,,,,,,,,,,,,,,,,,,,,,,,,,,,,,,,,,,,,,,,,,,,,,,,,,,,,,,,,,,,,,,,,,,,,,,,,,,,,,,,,,,,,,,,,,,,,,,,,,,,,,,,,,,,,,,,,,,,,,,,,,,,
,,,,,,,,,,,,,,,,,,,,,,,,,,,,,,,,,,,,,,,,,,,,,,,,,,,,,,,,,,,,,,,,,,,,,,,,,,,,,,,,,,,,,,,,,,,,,,,,,,,,,,,,,,,,,,,,,,,,,,,,,,,,,,,,,,,,,,,,,
,,,,,,,,,,,,,,,,,,,,,,,,,,,,,,,,,,,,,,,,,,,,,,,,,,,,,,,,,,,,,,,,,,,,,,,,,,,,,,,,,,,,,,,,,,,,,,,,,,,,,,,,,,,,,,,,,,,,,,,,,,,,,,,,,,,,,,,,,
,,,,,,,,,,,,,,,,,,,,,,,,,,,,,,,,,,,,,,,,,,,,,,,,,,,,,,,,,,,,,,,,,,,,,,,,,,,,,,,,,,,,,,,,,,,,,,,,,,,,,,,,,,,,,,,,,,,,,,,,,,,,,,,,,,,,,,,,,
,,,,,,,,,,,,,,,,,,,,,,,,,,,,,,,,,,,,,,,,,,,,,,,,,,,,,,,,,,,,,,,,,,,,,,,,,,,,,,,,,,,,,,,,,,,,,,,,,,,,,,,,,,,,,,,,,,,,,,,,,,,,,,,,,,,,,,,,,
,,,,,,,,,,,,,,,,,,,,,,,,,,,,,,,,,,,,,,,,,,,,,,,,,,,,,,,,,,,,,,,,,,,,,,,,,,,,,,,,,,,,,,,,,,,,,,,,,,,,,,,,,,,,,,,,,,,,,,,,,,,,,,,,,,,,,,,,,
,,,,,,,,,,,,,,,,,,,,,,,,,,,,,,,,,,,,,,,,,,,,,,,,,,,,,,,,,,,,,,,,,,,,,,,,,,,,,,,,,,,,,,,,,,,,,,,,,,,,,,,,,,,,,,,,,,,,,,,,,,,,,,,,,,,,,,,,,
,,,,,,,,,,,,,,,,,,,,,,,,,,,,,,,,,,,,,,,,,,,,,,,,,,,,,,,,,,,,,,,,,,,,,,,,,,,,,,,,,,,,,,,,,,,,,,,,,,,,,,,,,,,,,,,,,,,,,,,,,,,,,,,,,,,,,,,,,
,,,,,,,,,,,,,,,,,,,,,,,,,,,,,,,,,,,,,,,,,,,,,,,,,,,,,,,,,,,,,,,,,,,,,,,,,,,,,,,,,,,,,,,,,,,,,,,,,,,,,,,,,,,,,,,,,,,,,,,,,,,,,,,,,,,,,,,,,
,,,,,,,,,,,,,,,,,,,,,,,,,,,,,,,,,,,,,,,,,,,,,,,,,,,,,,,,,,,,,,,,,,,,,,,,,,,,,,,,,,,,,,,,,,,,,,,,,,,,,,,,,,,,,,,,,,,,,,,,,,,,,,,,,,,,,,,,,
,,,,,,,,,,,,,,,,,,,,,,,,,,,,,,,,,,,,,,,,,,,,,,,,,,,,,,,,,,,,,,,,,,,,,,,,,,,,,,,,,,,,,,,,,,,,,,,,,,,,,,,,,,,,,,,,,,,,,,,,,,,,,,,,,,,,,,,,,
,,,,,,,,,,,,,,,,,,,,,,,,,,,,,,,,,,,,,,,,,,,,,,,,,,,,,,,,,,,,,,,,,,,,,,,,,,,,,,,,,,,,,,,,,,,,,,,,,,,,,,,,,,,,,,,,,,,,,,,,,,,,,,,,,,,,,,,,,
,,,,,,,,,,,,,,,,,,,,,,,,,,,,,,,,,,,,,,,,,,,,,,,,,,,,,,,,,,,,,,,,,,,,,,,,,,,,,,,,,,,,,,,,,,,,,,,,,,,,,,,,,,,,,,,,,,,,,,,,,,,,,,,,,,,,,,,,,
,,,,,,,,,,,,,,,,,,,,,,,,,,,,,,,,,,,,,,,,,,,,,,,,,,,,,,,,,,,,,,,,,,,,,,,,,,,,,,,,,,,,,,,,,,,,,,,,,,,,,,,,,,,,,,,,,,,,,,,,,,,,,,,,,,,,,,,,,
,,,,,,,,,,,,,,,,,,,,,,,,,,,,,,,,,,,,,,,,,,,,,,,,,,,,,,,,,,,,,,,,,,,,,,,,,,,,,,,,,,,,,,,,,,,,,,,,,,,,,,,,,,,,,,,,,,,,,,,,,,,,,,,,,,,,,,,,,
,,,,,,,,,,,,,,,,,,,,,,,,,,,,,,,,,,,,,,,,,,,,,,,,,,,,,,,,,,,,,,,,,,,,,,,,,,,,,,,,,,,,,,,,,,,,,,,,,,,,,,,,,,,,,,,,,,,,,,,,,,,,,,,,,,,,,,,,,
,,,,,,,,,,,,,,,,,,,,,,,,,,,,,,,,,,,,,,,,,,,,,,,,,,,,,,,,,,,,,,,,,,,,,,,,,,,,,,,,,,,,,,,,,,,,,,,,,,,,,,,,,,,,,,,,,,,,,,,,,,,,,,,,,,,,,,,,,
,,,,,,,,,,,,,,,,,,,,,,,,,,,,,,,,,,,,,,,,,,,,,,,,,,,,,,,,,,,,,,,,,,,,,,,,,,,,,,,,,,,,,,,,,,,,,,,,,,,,,,,,,,,,,,,,,,,,,,,,,,,,,,,,,,,,,,,,,
,,,,,,,,,,,,,,,,,,,,,,,,,,,,,,,,,,,,,,,,,,,,,,,,,,,,,,,,,,,,,,,,,,,,,,,,,,,,,,,,,,,,,,,,,,,,,,,,,,,,,,,,,,,,,,,,,,,,,,,,,,,,,,,,,,,,,,,,,
,,,,,,,,,,,,,,,,,,,,,,,,,,,,,,,,,,,,,,,,,,,,,,,,,,,,,,,,,,,,,,,,,,,,,,,,,,,,,,,,,,,,,,,,,,,,,,,,,,,,,,,,,,,,,,,,,,,,,,,,,,,,,,,,,,,,,,,,,
,,,,,,,,,,,,,,,,,,,,,,,,,,,,,,,,,,,,,,,,,,,,,,,,,,,,,,,,,,,,,,,,,,,,,,,,,,,,,,,,,,,,,,,,,,,,,,,,,,,,,,,,,,,,,,,,,,,,,,,,,,,,,,,,,,,,,,,,,
,,,,,,,,,,,,,,,,,,,,,,,,,,,,,,,,,,,,,,,,,,,,,,,,,,,,,,,,,,,,,,,,,,,,,,,,,,,,,,,,,,,,,,,,,,,,,,,,,,,,,,,,,,,,,,,,,,,,,,,,,,,,,,,,,,,,,,,,,
,,,,,,,,,,,,,,,,,,,,,,,,,,,,,,,,,,,,,,,,,,,,,,,,,,,,,,,,,,,,,,,,,,,,,,,,,,,,,,,,,,,,,,,,,,,,,,,,,,,,,,,,,,,,,,,,,,,,,,,,,,,,,,,,,,,,,,,,,
,,,,,,,,,,,,,,,,,,,,,,,,,,,,,,,,,,,,,,,,,,,,,,,,,,,,,,,,,,,,,,,,,,,,,,,,,,,,,,,,,,,,,,,,,,,,,,,,,,,,,,,,,,,,,,,,,,,,,,,,,,,,,,,,,,,,,,,,,
,,,,,,,,,,,,,,,,,,,,,,,,,,,,,,,,,,,,,,,,,,,,,,,,,,,,,,,,,,,,,,,,,,,,,,,,,,,,,,,,,,,,,,,,,,,,,,,,,,,,,,,,,,,,,,,,,,,,,,,,,,,,,,,,,,,,,,,,,
,,,,,,,,,,,,,,,,,,,,,,,,,,,,,,,,,,,,,,,,,,,,,,,,,,,,,,,,,,,,,,,,,,,,,,,,,,,,,,,,,,,,,,,,,,,,,,,,,,,,,,,,,,,,,,,,,,,,,,,,,,,,,,,,,,,,,,,,,
,,,,,,,,,,,,,,,,,,,,,,,,,,,,,,,,,,,,,,,,,,,,,,,,,,,,,,,,,,,,,,,,,,,,,,,,,,,,,,,,,,,,,,,,,,,,,,,,,,,,,,,,,,,,,,,,,,,,,,,,,,,,,,,,,,,,,,,,,
,,,,,,,,,,,,,,,,,,,,,,,,,,,,,,,,,,,,,,,,,,,,,,,,,,,,,,,,,,,,,,,,,,,,,,,,,,,,,,,,,,,,,,,,,,,,,,,,,,,,,,,,,,,,,,,,,,,,,,,,,,,,,,,,,,,,,,,,,