"","spp","Species","unique_id","tissue_age","date","year","location","lfm","time","water_potential"
"1","ABCO","A. concolor","ABCO_N_1_1.1","new",2021-04-24,2021,"CZO",136.7987918,"midday",-0.765
"2","ABCO","A. concolor","ABCO_N_1_1.2","new",2021-04-24,2021,"CZO",140.4427031,"midday",-0.97
"3","ABCO","A. concolor","ABCO_N_1_1.3","new",2021-04-24,2021,"CZO",124.6264749,"midday",-1.125
"4","ABCO","A. concolor","ABCO_N_1_1.4","new",2021-04-24,2021,"CZO",124.2028867,"midday",-0.935
"5","ABCO","A. concolor","ABCO_N_1_1.5","new",2021-04-24,2021,"CZO",131.0974719,"midday",-1.115
"6","ABCO","A. concolor","ABCO_N_1_1.6","new",2021-04-24,2021,"CZO",127.7849324,"midday",-0.89
"7","ABCO","A. concolor","ABCO_N_2_2.1","new",2021-04-24,2021,"CZO",136.6259488,"midday",-1.545
"8","ABCO","A. concolor","ABCO_N_2_2.2","new",2021-04-24,2021,"CZO",133.7575195,"midday",-0.815
"9","ABCO","A. concolor","ABCO_N_2_2.3","new",2021-04-24,2021,"CZO",131.6718142,"midday",-1.57
"10","ABCO","A. concolor","ABCO_N_2_2.4","new",2021-04-24,2021,"CZO",118.928846,"midday",-1.56
"11","ABCO","A. concolor","ABCO_N_2_2.5","new",2021-04-24,2021,"CZO",126.2829053,"midday",-1.48
"12","ABCO","A. concolor","ABCO_New_1_1","new",2020-08-04,2020,"CZO",189.9899179,"midday",-1.7
"13","ABCO","A. concolor","ABCO_New_1_1","new",2020-08-26,2020,"CZO",168.0235936,"midday",-1.9385
"14","ABCO","A. concolor","ABCO_new_1_1.1","new",2021-06-16,2021,"CZO",191.9749403,"midday",-2.17
"15","ABCO","A. concolor","ABCO_new_1_1.1","new",2021-07-30,2021,"CZO",190.8559853,"midday",-2.05
"16","ABCO","A. concolor","ABCO_new_1_1.1","new",2021-09-16,2021,"CZO",136.0741386,"midday",-1.86
"17","ABCO","A. concolor","ABCO_new_1_1.2","new",2021-07-08,2021,"CZO",266.5707434,"midday",-2.136666667
"18","ABCO","A. concolor","ABCO_new_1_1.2","new",2021-08-19,2021,"CZO",161.8935469,"midday",-2.045
"19","ABCO","A. concolor","ABCO_new_1_1.2","new",2021-09-16,2021,"CZO",194.0756397,"midday",-1.96
"20","ABCO","A. concolor","ABCO_new_1_1.2","new",2021-10-16,2021,"CZO",221.149576,"midday",-1.97
"21","ABCO","A. concolor","ABCO_new_1_1.3","new",2021-05-15,2021,"CZO",121.9488833,"midday",-0.795
"22","ABCO","A. concolor","ABCO_new_1_1.3","new",2021-07-30,2021,"CZO",183.8530411,"midday",-2.046666667
"23","ABCO","A. concolor","ABCO_new_1_1.3","new",2021-08-19,2021,"CZO",152.3414655,"midday",-2.005
"24","ABCO","A. concolor","ABCO_new_1_1.3","new",2021-09-16,2021,"CZO",145.0229112,"midday",-2.235
"25","ABCO","A. concolor","ABCO_new_1_1.3","new",2021-10-16,2021,"CZO",128.5439901,"midday",-1.9
"26","ABCO","A. concolor","ABCO_new_1_1.4","new",2021-07-08,2021,"CZO",267.8534393,"midday",-2.27
"27","ABCO","A. concolor","ABCO_new_1_1.4","new",2021-10-16,2021,"CZO",130.7082925,"midday",-1.9
"28","ABCO","A. concolor","ABCO_new_1_1.5","new",2021-07-30,2021,"CZO",116.507718,"midday",-2.275
"29","ABCO","A. concolor","ABCO_new_1_1.5","new",2021-08-19,2021,"CZO",133.5897057,"midday",-2.21
"30","ABCO","A. concolor","ABCO_new_1_1.6","new",2021-05-15,2021,"CZO",117.0487395,"midday",-1.515
"31","ABCO","A. concolor","ABCO_new_1_1.6","new",2021-07-08,2021,"CZO",249.5819519,"midday",-2.193333333
"32","ABCO","A. concolor","ABCO_new_1_1.6","new",2021-07-30,2021,"CZO",147.7605512,"midday",-2.16
"33","ABCO","A. concolor","ABCO_new_1_1.6","new",2021-08-19,2021,"CZO",140.6290549,"midday",-2.115
"34","ABCO","A. concolor","ABCO_new_1_1.6","new",2021-09-16,2021,"CZO",158.148316,"midday",-2.195
"35","ABCO","A. concolor","ABCO_new_1_1.6","new",2021-10-16,2021,"CZO",138.9745866,"midday",-1.825
"36","ABCO","A. concolor","ABCO_New_1_2","new",2020-08-04,2020,"CZO",191.0454938,"midday",-1.92
"37","ABCO","A. concolor","ABCO_New_1_2","new",2020-08-26,2020,"CZO",172.4758793,"midday",-2.3915
"38","ABCO","A. concolor","ABCO_New_1_2","new",2020-10-19,2020,"SEKI",161.9039524,"midday",-2.0865
"39","ABCO","A. concolor","ABCO_New_1_3","new",2020-08-04,2020,"CZO",177.085171,"midday",-1.805
"40","ABCO","A. concolor","ABCO_New_1_3","new",2020-08-26,2020,"CZO",183.0025152,"midday",-1.9645
"41","ABCO","A. concolor","ABCO_New_1_3","new",2020-10-19,2020,"SEKI",166.799407,"midday",-2.0355
"42","ABCO","A. concolor","ABCO_New_1_4","new",2020-08-04,2020,"CZO",173.710297,"midday",-1.8
"43","ABCO","A. concolor","ABCO_New_1_4","new",2020-08-26,2020,"CZO",172.039528,"midday",-2.3265
"44","ABCO","A. concolor","ABCO_New_1_4","new",2020-10-19,2020,"SEKI",160.0374515,"midday",-2.265
"45","ABCO","A. concolor","ABCO_New_1_5","new",2020-08-04,2020,"CZO",178.7627112,"midday",-1.925
"46","ABCO","A. concolor","ABCO_New_1_5","new",2020-08-26,2020,"CZO",171.456421,"midday",-2.2285
"47","ABCO","A. concolor","ABCO_New_1_5","new",2020-10-19,2020,"SEKI",160.7845977,"midday",-2.202
"48","ABCO","A. concolor","ABCO_New_1_6","new",2020-08-04,2020,"CZO",174.6981691,"midday",-1.445
"49","ABCO","A. concolor","ABCO_New_1_6","new",2020-08-26,2020,"CZO",165.8264518,"midday",-2.019
"50","ABCO","A. concolor","ABCO_New_1_6","new",2020-10-19,2020,"SEKI",161.4821905,"midday",-2.2345
"51","ABCO","A. concolor","ABCO_New_2_1","new",2020-08-04,2020,"CZO",239.6032968,"midday",-1.865
"52","ABCO","A. concolor","ABCO_New_2_1","new",2020-08-26,2020,"CZO",195.389157,"midday",-2.195
"53","ABCO","A. concolor","ABCO_New_2_1","new",2020-10-19,2020,"SEKI",159.8613426,"midday",-1.998
"54","ABCO","A. concolor","ABCO_New_2_2","new",2020-08-04,2020,"CZO",206.695348,"midday",-1.845
"55","ABCO","A. concolor","ABCO_New_2_2","new",2020-08-26,2020,"CZO",131.2832034,"midday",-1.7505
"56","ABCO","A. concolor","ABCO_New_2_2","new",2020-10-19,2020,"SEKI",159.9327393,"midday",-2.394
"57","ABCO","A. concolor","ABCO_new_2_2.1","new",2021-07-31,2021,"CZO",203.1806205,"midday",-1.825
"58","ABCO","A. concolor","ABCO_new_2_2.1","new",2021-08-20,2021,"CZO",159.1595407,"midday",-2.04
"59","ABCO","A. concolor","ABCO_new_2_2.1","new",2021-09-17,2021,"CZO",140.4497696,"midday",-1.885
"60","ABCO","A. concolor","ABCO_new_2_2.1","new",2021-10-17,2021,"CZO",140.3265107,"midday",-1.87
"61","ABCO","A. concolor","ABCO_new_2_2.2","new",2021-07-31,2021,"CZO",202.282029,"midday",-1.793333333
"62","ABCO","A. concolor","ABCO_new_2_2.2","new",2021-08-20,2021,"CZO",158.3967756,"midday",-2.016666667
"63","ABCO","A. concolor","ABCO_new_2_2.2","new",2021-09-17,2021,"CZO",133.5532933,"midday",-1.865
"64","ABCO","A. concolor","ABCO_new_2_2.2","new",2021-10-17,2021,"CZO",142.8093831,"midday",-1.955
"65","ABCO","A. concolor","ABCO_new_2_2.3","new",2021-07-31,2021,"CZO",193.4981399,"midday",-1.8
"66","ABCO","A. concolor","ABCO_new_2_2.3","new",2021-08-20,2021,"CZO",183.5597331,"midday",-1.89
"67","ABCO","A. concolor","ABCO_new_2_2.3","new",2021-09-17,2021,"CZO",186.1346046,"midday",-1.865
"68","ABCO","A. concolor","ABCO_new_2_2.3","new",2021-10-17,2021,"CZO",165.8039517,"midday",-1.93
"69","ABCO","A. concolor","ABCO_new_2_2.4","new",2021-07-09,2021,"CZO",239.3787596,"midday",-1.97
"70","ABCO","A. concolor","ABCO_new_2_2.4","new",2021-07-31,2021,"CZO",160.1263334,"midday",-1.825
"71","ABCO","A. concolor","ABCO_new_2_2.5","new",2021-07-09,2021,"CZO",242.5369686,"midday",-1.92
"72","ABCO","A. concolor","ABCO_new_2_2.5","new",2021-07-31,2021,"CZO",133.1894835,"midday",-1.98
"73","ABCO","A. concolor","ABCO_new_2_2.5","new",2021-08-20,2021,"CZO",131.3307393,"midday",-2.115
"74","ABCO","A. concolor","ABCO_new_2_2.5","new",2021-09-17,2021,"CZO",119.8367575,"midday",-1.97
"75","ABCO","A. concolor","ABCO_New_2_3","new",2020-08-04,2020,"CZO",195.9206412,"midday",-1.805
"76","ABCO","A. concolor","ABCO_New_2_3","new",2020-08-26,2020,"CZO",199.1485746,"midday",-1.877
"77","ABCO","A. concolor","ABCO_New_2_3","new",2020-10-19,2020,"SEKI",128.2792728,"midday",-2.2435
"78","ABCO","A. concolor","ABCO_New_2_3","new",2020-10-19,2020,"SEKI",144.4046781,"midday",-2.2435
"79","ABCO","A. concolor","ABCO_New_2_3","new",2020-10-19,2020,"SEKI",166.3814574,"midday",-2.2435
"80","ABCO","A. concolor","ABCO_New_2_4","new",2020-08-04,2020,"CZO",88.42143311,"midday",-1.725
"81","ABCO","A. concolor","ABCO_New_2_4","new",2020-08-26,2020,"CZO",84.71023191,"midday",-1.796
"82","ABCO","A. concolor","ABCO_New_2_5","new",2020-08-04,2020,"CZO",129.6646052,"midday",-1.87
"83","ABCO","A. concolor","ABCO_New_2_5","new",2020-08-26,2020,"CZO",154.2216714,"midday",-1.727
"84","ABCO","A. concolor","ABCO_O_1_1.1","old",2021-04-24,2021,"CZO",117.7724041,"midday",-0.765
"85","ABCO","A. concolor","ABCO_O_1_1.2","old",2021-04-24,2021,"CZO",127.8647084,"midday",-0.97
"86","ABCO","A. concolor","ABCO_O_1_1.3","old",2021-04-24,2021,"CZO",115.9194827,"midday",-1.125
"87","ABCO","A. concolor","ABCO_O_1_1.4","old",2021-04-24,2021,"CZO",117.1928733,"midday",-0.935
"88","ABCO","A. concolor","ABCO_O_1_1.5","old",2021-04-24,2021,"CZO",126.9409766,"midday",-1.115
"89","ABCO","A. concolor","ABCO_O_1_1.6","old",2021-04-24,2021,"CZO",126.7246254,"midday",-0.89
"90","ABCO","A. concolor","ABCO_O_2_2.1","old",2021-04-24,2021,"CZO",123.9121829,"midday",-1.545
"91","ABCO","A. concolor","ABCO_O_2_2.2","old",2021-04-24,2021,"CZO",125.9093413,"midday",-0.815
"92","ABCO","A. concolor","ABCO_O_2_2.3","old",2021-04-24,2021,"CZO",117.1128028,"midday",-1.57
"93","ABCO","A. concolor","ABCO_O_2_2.4","old",2021-04-24,2021,"CZO",112.6673354,"midday",-1.56
"94","ABCO","A. concolor","ABCO_O_2_2.5","old",2021-04-24,2021,"CZO",112.9226181,"midday",-1.48
"95","ABCO","A. concolor","ABCO_Old_1_1","old",2020-08-04,2020,"CZO",136.2643268,"midday",-1.7
"96","ABCO","A. concolor","ABCO_Old_1_1","old",2020-08-26,2020,"CZO",146.2693365,"midday",-1.9385
"97","ABCO","A. concolor","ABCO_Old_1_1","old",2020-10-19,2020,"SEKI",134.831468,"midday",-2.285
"98","ABCO","A. concolor","ABCO_Old_1_1","old",2020-10-19,2020,"SEKI",134.831468,"midday",-2.285
"99","ABCO","A. concolor","ABCO_Old_1_1","old",2020-10-19,2020,"SEKI",149.7689864,"midday",-2.285
"100","ABCO","A. concolor","ABCO_Old_1_1","old",2020-10-19,2020,"SEKI",149.7689864,"midday",-2.285
"101","ABCO","A. concolor","ABCO_old_1_1.1","old",2021-05-15,2021,"CZO",109.6013333,"midday",-1.56
"102","ABCO","A. concolor","ABCO_old_1_1.1","old",2021-06-16,2021,"CZO",113.5494922,"midday",-2.17
"103","ABCO","A. concolor","ABCO_old_1_1.1","old",2021-07-08,2021,"CZO",134.586799,"midday",-1.725
"104","ABCO","A. concolor","ABCO_old_1_1.1","old",2021-07-30,2021,"CZO",140.1354188,"midday",-2.05
"105","ABCO","A. concolor","ABCO_old_1_1.1","old",2021-08-19,2021,"CZO",126.9074131,"midday",-1.89
"106","ABCO","A. concolor","ABCO_old_1_1.1","old",2021-09-16,2021,"CZO",125.4719451,"midday",-1.86
"107","ABCO","A. concolor","ABCO_old_1_1.1","old",2021-10-16,2021,"CZO",118.8754801,"midday",-1.885
"108","ABCO","A. concolor","ABCO_old_1_1.2","old",2021-05-15,2021,"CZO",111.2280881,"midday",-1.725
"109","ABCO","A. concolor","ABCO_old_1_1.2","old",2021-06-16,2021,"CZO",107.0244153,"midday",-1.96
"110","ABCO","A. concolor","ABCO_old_1_1.2","old",2021-07-08,2021,"CZO",117.0055022,"midday",-2.136666667
"111","ABCO","A. concolor","ABCO_old_1_1.2","old",2021-08-19,2021,"CZO",133.7093559,"midday",-2.045
"112","ABCO","A. concolor","ABCO_old_1_1.2","old",2021-09-16,2021,"CZO",125.3250867,"midday",-1.96
"113","ABCO","A. concolor","ABCO_old_1_1.2","old",2021-10-16,2021,"CZO",144.0331076,"midday",-1.97
"114","ABCO","A. concolor","ABCO_old_1_1.3","old",2021-05-15,2021,"CZO",100.5980322,"midday",-0.795
"115","ABCO","A. concolor","ABCO_old_1_1.3","old",2021-06-16,2021,"CZO",129.3575352,"midday",-1.87
"116","ABCO","A. concolor","ABCO_old_1_1.3","old",2021-07-08,2021,"CZO",130.8164042,"midday",-1.896666667
"117","ABCO","A. concolor","ABCO_old_1_1.3","old",2021-07-30,2021,"CZO",124.7024133,"midday",-2.046666667
"118","ABCO","A. concolor","ABCO_old_1_1.3","old",2021-08-19,2021,"CZO",122.3345627,"midday",-2.005
"119","ABCO","A. concolor","ABCO_old_1_1.3","old",2021-09-16,2021,"CZO",126.167086,"midday",-2.235
"120","ABCO","A. concolor","ABCO_old_1_1.3","old",2021-10-16,2021,"CZO",125.1655003,"midday",-1.9
"121","ABCO","A. concolor","ABCO_old_1_1.4","old",2021-05-15,2021,"CZO",92.64854465,"midday",-1.58
"122","ABCO","A. concolor","ABCO_old_1_1.4","old",2021-06-16,2021,"CZO",95.41994477,"midday",-2.166666667
"123","ABCO","A. concolor","ABCO_old_1_1.4","old",2021-07-08,2021,"CZO",124.2991095,"midday",-2.27
"124","ABCO","A. concolor","ABCO_old_1_1.4","old",2021-07-30,2021,"CZO",107.768442,"midday",-2.105
"125","ABCO","A. concolor","ABCO_old_1_1.4","old",2021-08-19,2021,"CZO",120.3591835,"midday",-2
"126","ABCO","A. concolor","ABCO_old_1_1.4","old",2021-09-16,2021,"CZO",125.6083267,"midday",-2.225
"127","ABCO","A. concolor","ABCO_old_1_1.4","old",2021-10-16,2021,"CZO",125.611399,"midday",-1.9
"128","ABCO","A. concolor","ABCO_old_1_1.5","old",2021-05-15,2021,"CZO",205.0550563,"midday",-1.825
"129","ABCO","A. concolor","ABCO_old_1_1.5","old",2021-06-16,2021,"CZO",122.65713,"midday",-2.245
"130","ABCO","A. concolor","ABCO_old_1_1.5","old",2021-07-08,2021,"CZO",141.281734,"midday",-1.995
"131","ABCO","A. concolor","ABCO_old_1_1.5","old",2021-07-30,2021,"CZO",124.8549059,"midday",-2.275
"132","ABCO","A. concolor","ABCO_old_1_1.5","old",2021-08-19,2021,"CZO",120.2145275,"midday",-2.21
"133","ABCO","A. concolor","ABCO_old_1_1.5","old",2021-09-16,2021,"CZO",130.7225035,"midday",-2.03
"134","ABCO","A. concolor","ABCO_old_1_1.5","old",2021-10-16,2021,"CZO",125.9529899,"midday",-1.815
"135","ABCO","A. concolor","ABCO_old_1_1.6","old",2021-05-15,2021,"CZO",111.0665112,"midday",-1.515
"136","ABCO","A. concolor","ABCO_old_1_1.6","old",2021-06-16,2021,"CZO",105.1617966,"midday",-2.223333333
"137","ABCO","A. concolor","ABCO_old_1_1.6","old",2021-07-08,2021,"CZO",137.8218672,"midday",-2.193333333
"138","ABCO","A. concolor","ABCO_old_1_1.6","old",2021-07-30,2021,"CZO",125.7248327,"midday",-2.16
"139","ABCO","A. concolor","ABCO_old_1_1.6","old",2021-08-19,2021,"CZO",125.7093409,"midday",-2.115
"140","ABCO","A. concolor","ABCO_old_1_1.6","old",2021-09-16,2021,"CZO",118.6216845,"midday",-2.195
"141","ABCO","A. concolor","ABCO_old_1_1.6","old",2021-10-16,2021,"CZO",126.7403315,"midday",-1.825
"142","ABCO","A. concolor","ABCO_Old_1_2","old",2020-08-04,2020,"CZO",133.0160992,"midday",-1.92
"143","ABCO","A. concolor","ABCO_Old_1_3","old",2020-08-04,2020,"CZO",135.514106,"midday",-1.805
"144","ABCO","A. concolor","ABCO_Old_1_3","old",2020-08-26,2020,"CZO",143.5401689,"midday",-1.9645
"145","ABCO","A. concolor","ABCO_Old_1_3","old",2020-10-19,2020,"SEKI",127.0860077,"midday",-2.0355
"146","ABCO","A. concolor","ABCO_Old_1_4","old",2020-08-04,2020,"CZO",110.4518525,"midday",-1.8
"147","ABCO","A. concolor","ABCO_Old_1_4","old",2020-08-26,2020,"CZO",133.4944225,"midday",-2.3265
"148","ABCO","A. concolor","ABCO_Old_1_4","old",2020-10-19,2020,"SEKI",134.4513448,"midday",-2.265
"149","ABCO","A. concolor","ABCO_Old_1_5","old",2020-08-04,2020,"CZO",141.2277735,"midday",-1.925
"150","ABCO","A. concolor","ABCO_Old_1_5","old",2020-08-26,2020,"CZO",85.49955433,"midday",-2.2285
"151","ABCO","A. concolor","ABCO_Old_1_5","old",2020-10-19,2020,"SEKI",133.6409902,"midday",-2.202
"152","ABCO","A. concolor","ABCO_Old_1_6","old",2020-08-04,2020,"CZO",130.2657818,"midday",-1.445
"153","ABCO","A. concolor","ABCO_Old_1_6","old",2020-10-19,2020,"SEKI",135.786488,"midday",-2.2345
"154","ABCO","A. concolor","ABCO_Old_2_1","old",2020-08-04,2020,"CZO",152.1879362,"midday",-1.865
"155","ABCO","A. concolor","ABCO_Old_2_1","old",2020-10-19,2020,"SEKI",131.3633938,"midday",-1.998
"156","ABCO","A. concolor","ABCO_Old_2_2","old",2020-08-04,2020,"CZO",142.8377329,"midday",-1.845
"157","ABCO","A. concolor","ABCO_Old_2_2","old",2020-08-26,2020,"CZO",179.9815007,"midday",-1.7505
"158","ABCO","A. concolor","ABCO_Old_2_2","old",2020-10-19,2020,"SEKI",121.2165889,"midday",-2.394
"159","ABCO","A. concolor","ABCO_old_2_2.1","old",2021-05-14,2021,"CZO",123.030894,"midday",-2.196666667
"160","ABCO","A. concolor","ABCO_old_2_2.1","old",2021-06-15,2021,"CZO",122.6946888,"midday",-1.4
"161","ABCO","A. concolor","ABCO_old_2_2.1","old",2021-07-09,2021,"CZO",135.839217,"midday",-1.81
"162","ABCO","A. concolor","ABCO_old_2_2.1","old",2021-07-31,2021,"CZO",130.8678575,"midday",-1.825
"163","ABCO","A. concolor","ABCO_old_2_2.1","old",2021-08-20,2021,"CZO",129.5437998,"midday",-2.04
"164","ABCO","A. concolor","ABCO_old_2_2.1","old",2021-09-17,2021,"CZO",127.2862987,"midday",-1.885
"165","ABCO","A. concolor","ABCO_old_2_2.1","old",2021-10-17,2021,"CZO",130.1982846,"midday",-1.885
"166","ABCO","A. concolor","ABCO_old_2_2.2","old",2021-05-14,2021,"CZO",107.9494106,"midday",-2.373333333
"167","ABCO","A. concolor","ABCO_old_2_2.2","old",2021-06-15,2021,"CZO",120.7900834,"midday",-1.69
"168","ABCO","A. concolor","ABCO_old_2_2.2","old",2021-07-09,2021,"CZO",143.1966406,"midday",-1.755
"169","ABCO","A. concolor","ABCO_old_2_2.2","old",2021-07-31,2021,"CZO",139.8065007,"midday",-1.793333333
"170","ABCO","A. concolor","ABCO_old_2_2.2","old",2021-08-20,2021,"CZO",134.8879344,"midday",-2.016666667
"171","ABCO","A. concolor","ABCO_old_2_2.2","old",2021-09-17,2021,"CZO",136.8846476,"midday",-1.865
"172","ABCO","A. concolor","ABCO_old_2_2.2","old",2021-10-17,2021,"CZO",128.9259891,"midday",-1.955
"173","ABCO","A. concolor","ABCO_old_2_2.3","old",2021-05-14,2021,"CZO",104.2173392,"midday",-2.335
"174","ABCO","A. concolor","ABCO_old_2_2.3","old",2021-06-15,2021,"CZO",102.1520766,"midday",-1.783333333
"175","ABCO","A. concolor","ABCO_old_2_2.3","old",2021-07-09,2021,"CZO",136.2969865,"midday",-1.755
"176","ABCO","A. concolor","ABCO_old_2_2.3","old",2021-07-31,2021,"CZO",139.9630475,"midday",-1.8
"177","ABCO","A. concolor","ABCO_old_2_2.3","old",2021-08-20,2021,"CZO",145.5829502,"midday",-1.89
"178","ABCO","A. concolor","ABCO_old_2_2.3","old",2021-09-17,2021,"CZO",149.7178921,"midday",-1.865
"179","ABCO","A. concolor","ABCO_old_2_2.3","old",2021-10-17,2021,"CZO",151.0996053,"midday",-1.93
"180","ABCO","A. concolor","ABCO_old_2_2.4","old",2021-05-14,2021,"CZO",103.6515272,"midday",-1.906666667
"181","ABCO","A. concolor","ABCO_old_2_2.4","old",2021-06-15,2021,"CZO",103.0953495,"midday",-1.67
"182","ABCO","A. concolor","ABCO_old_2_2.4","old",2021-07-09,2021,"CZO",115.6565105,"midday",-1.97
"183","ABCO","A. concolor","ABCO_old_2_2.4","old",2021-07-31,2021,"CZO",123.4439919,"midday",-1.825
"184","ABCO","A. concolor","ABCO_old_2_2.4","old",2021-08-20,2021,"CZO",117.3838496,"midday",-1.71
"185","ABCO","A. concolor","ABCO_old_2_2.4","old",2021-09-17,2021,"CZO",128.5415246,"midday",-1.93
"186","ABCO","A. concolor","ABCO_old_2_2.5","old",2021-05-14,2021,"CZO",96.49160642,"midday",-1.985
"187","ABCO","A. concolor","ABCO_old_2_2.5","old",2021-06-15,2021,"CZO",101.9135875,"midday",-1.68
"188","ABCO","A. concolor","ABCO_old_2_2.5","old",2021-07-09,2021,"CZO",124.0029641,"midday",-1.92
"189","ABCO","A. concolor","ABCO_old_2_2.5","old",2021-07-31,2021,"CZO",105.9018926,"midday",-1.98
"190","ABCO","A. concolor","ABCO_old_2_2.5","old",2021-08-20,2021,"CZO",110.6745728,"midday",-2.115
"191","ABCO","A. concolor","ABCO_old_2_2.5","old",2021-09-17,2021,"CZO",115.9792387,"midday",-1.97
"192","ABCO","A. concolor","ABCO_old_2_2.5","old",2021-10-17,2021,"CZO",108.990887,"midday",-1.97
"193","ABCO","A. concolor","ABCO_Old_2_3","old",2020-08-04,2020,"CZO",143.022415,"midday",-1.805
"194","ABCO","A. concolor","ABCO_Old_2_3","old",2020-08-26,2020,"CZO",160.9165334,"midday",-1.877
"195","ABCO","A. concolor","ABCO_Old_2_4","old",2020-08-04,2020,"CZO",235.5755249,"midday",-1.725
"196","ABCO","A. concolor","ABCO_Old_2_4","old",2020-08-26,2020,"CZO",88.35114982,"midday",-1.796
"197","ABCO","A. concolor","ABCO_Old_2_4","old",2020-10-19,2020,"SEKI",138.8258007,"midday",-2.336
"198","ABCO","A. concolor","ABCO_Old_2_5","old",2020-08-04,2020,"CZO",183.2976215,"midday",-1.87
"199","ABCO","A. concolor","ABCO_Old_2_5","old",2020-08-26,2020,"CZO",115.0502272,"midday",-1.727
"200","ARPA","A. patula","ARPA_both_1_1.3","both",2021-07-30,2021,"CZO",100.9410189,"midday",-2.035
"201","ARPA","A. patula","ARPA_both_1_1.5","both",2021-07-30,2021,"CZO",106.9104228,"midday",-3.35
"202","ARPA","A. patula","ARPA_both_1_1.6","both",2021-07-30,2021,"CZO",111.4548119,"midday",-2.83
"203","ARPA","A. patula","ARPA_both_2_2.1","both",2021-07-31,2021,"CZO",127.1200402,"midday",-1.74
"204","ARPA","A. patula","ARPA_both_2_2.2","both",2021-07-31,2021,"CZO",137.155978,"midday",-1.915
"205","ARPA","A. patula","ARPA_both_2_2.3","both",2021-07-31,2021,"CZO",135.2302742,"midday",-2.156666667
"206","ARPA","A. patula","ARPA_both_2_2.4","both",2021-07-31,2021,"CZO",119.7308403,"midday",-2.025
"207","ARPA","A. patula","ARPA_New_1_1","new",2020-08-04,2020,"CZO",144.3414957,"midday",-1.65
"208","ARPA","A. patula","ARPA_New_1_1","new",2020-08-26,2020,"CZO",125.6296716,"midday",-2.661
"209","ARPA","A. patula","ARPA_New_1_1","new",2020-10-19,2020,"SEKI",73.05716838,"midday",-6.411
"210","ARPA","A. patula","ARPA_new_1_1.1","new",2021-07-08,2021,"CZO",207.6236507,"midday",-1.7
"211","ARPA","A. patula","ARPA_new_1_1.2","new",2021-06-16,2021,"CZO",200.5565863,"midday",-1.903333333
"212","ARPA","A. patula","ARPA_new_1_1.4","new",2021-06-16,2021,"CZO",182.6684828,"midday",-1.74
"213","ARPA","A. patula","ARPA_new_1_1.5","new",2021-07-08,2021,"CZO",186.1682799,"midday",-2.26
"214","ARPA","A. patula","ARPA_New_1_2","new",2020-08-04,2020,"CZO",134.2995798,"midday",-2.685
"215","ARPA","A. patula","ARPA_New_1_2","new",2020-08-26,2020,"CZO",111.7165878,"midday",-3.052
"216","ARPA","A. patula","ARPA_New_1_2","new",2020-10-19,2020,"SEKI",117.1872681,"midday",-3.6535
"217","ARPA","A. patula","ARPA_New_1_3","new",2020-08-04,2020,"CZO",117.0170715,"midday",-2.055
"218","ARPA","A. patula","ARPA_New_1_3","new",2020-08-26,2020,"CZO",115.5191853,"midday",-1.9825
"219","ARPA","A. patula","ARPA_New_1_3","new",2020-10-19,2020,"SEKI",84.36418207,"midday",-5.035
"220","ARPA","A. patula","ARPA_New_1_4","new",2020-08-04,2020,"CZO",117.694099,"midday",-2.55
"221","ARPA","A. patula","ARPA_New_1_4","new",2020-08-26,2020,"CZO",112.2478411,"midday",-2.762
"222","ARPA","A. patula","ARPA_New_1_4","new",2020-10-19,2020,"SEKI",106.2017357,"midday",-3.7375
"223","ARPA","A. patula","ARPA_New_1_5","new",2020-08-04,2020,"CZO",133.9722219,"midday",-2.005
"224","ARPA","A. patula","ARPA_New_1_5","new",2020-08-26,2020,"CZO",123.0890631,"midday",-3.0805
"225","ARPA","A. patula","ARPA_New_1_5","new",2020-10-19,2020,"SEKI",103.2457854,"midday",-2.8645
"226","ARPA","A. patula","ARPA_New_1_6","new",2020-08-04,2020,"CZO",134.6157819,"midday",-2.265
"227","ARPA","A. patula","ARPA_New_1_6","new",2020-08-26,2020,"CZO",118.7640165,"midday",-3.126
"228","ARPA","A. patula","ARPA_New_1_6","new",2020-10-19,2020,"SEKI",80.56910171,"midday",-3.8005
"229","ARPA","A. patula","ARPA_New_2_1","new",2020-08-04,2020,"CZO",147.6912001,"midday",-1.435
"230","ARPA","A. patula","ARPA_New_2_1","new",2020-08-26,2020,"CZO",184.9312396,"midday",-2.081
"231","ARPA","A. patula","ARPA_New_2_1","new",2020-10-19,2020,"SEKI",72.25904411,"midday",-5.319
"232","ARPA","A. patula","ARPA_New_2_2","new",2020-08-04,2020,"CZO",141.4335486,"midday",-2.0045
"233","ARPA","A. patula","ARPA_New_2_2","new",2020-08-26,2020,"CZO",136.4167295,"midday",-2.7615
"234","ARPA","A. patula","ARPA_New_2_2","new",2020-10-19,2020,"SEKI",84.50142965,"midday",-4.8265
"235","ARPA","A. patula","ARPA_new_2_2.1","new",2021-07-09,2021,"CZO",201.8646243,"midday",-1.515
"236","ARPA","A. patula","ARPA_new_2_2.3","new",2021-07-09,2021,"CZO",192.5729981,"midday",-1.81
"237","ARPA","A. patula","ARPA_new_2_2.4","new",2021-07-09,2021,"CZO",180.0850226,"midday",-1.97
"238","ARPA","A. patula","ARPA_New_2_3","new",2020-08-04,2020,"CZO",137.172034,"midday",-2.255
"239","ARPA","A. patula","ARPA_New_2_3","new",2020-08-26,2020,"CZO",127.4452104,"midday",-2.5445
"240","ARPA","A. patula","ARPA_New_2_3","new",2020-10-19,2020,"SEKI",78.98981538,"midday",-3.58
"241","ARPA","A. patula","ARPA_New_2_4","new",2020-08-04,2020,"CZO",147.2526774,"midday",-2.08
"242","ARPA","A. patula","ARPA_New_2_4","new",2020-08-26,2020,"CZO",136.9142478,"midday",-2.4965
"243","ARPA","A. patula","ARPA_New_2_4","new",2020-10-19,2020,"SEKI",76.25441273,"midday",-4.636
"244","ARPA","A. patula","ARPA_New_2_5","new",2020-08-04,2020,"CZO",167.7395466,"midday",-1.89
"245","ARPA","A. patula","ARPA_New_2_5","new",2020-08-26,2020,"CZO",126.273202,"midday",-2.412
"246","ARPA","A. patula","ARPA_New_2_5","new",2020-10-19,2020,"SEKI",86.46355453,"midday",-4.2915
"247","ARPA","A. patula","ARPA_O_1_1.1","old",2021-04-24,2021,"CZO",105.117549,"midday",-0.745
"248","ARPA","A. patula","ARPA_O_1_1.2","old",2021-04-24,2021,"CZO",107.5271257,"midday",-0.535
"249","ARPA","A. patula","ARPA_O_1_1.3","old",2021-04-24,2021,"CZO",89.56486579,"midday",-0.75
"250","ARPA","A. patula","ARPA_O_1_1.4","old",2021-04-24,2021,"CZO",96.96616994,"midday",-0.61
"251","ARPA","A. patula","ARPA_O_1_1.5","old",2021-04-24,2021,"CZO",102.8200519,"midday",-0.65
"252","ARPA","A. patula","ARPA_O_1_1.6","old",2021-04-24,2021,"CZO",99.30157482,"midday",-0.84
"253","ARPA","A. patula","ARPA_O_2_2.1","old",2021-04-24,2021,"CZO",105.057422,"midday",-2.035
"254","ARPA","A. patula","ARPA_O_2_2.2","old",2021-04-24,2021,"CZO",101.8276267,"midday",-1.105
"255","ARPA","A. patula","ARPA_O_2_2.3","old",2021-04-24,2021,"CZO",99.11793766,"midday",-0.995
"256","ARPA","A. patula","ARPA_O_2_2.4","old",2021-04-24,2021,"CZO",97.48837847,"midday",-1.09
"257","ARPA","A. patula","ARPA_O_2_2.5","old",2021-04-24,2021,"CZO",100.9946182,"midday",-1.47
"258","ARPA","A. patula","ARPA_old_1_1.1","old",2021-05-15,2021,"CZO",99.91100758,"midday",-0.935
"259","ARPA","A. patula","ARPA_old_1_1.1","old",2021-06-16,2021,"CZO",94.31306255,"midday",-1.71
"260","ARPA","A. patula","ARPA_old_1_1.1","old",2021-07-08,2021,"CZO",114.5402336,"midday",-1.7
"261","ARPA","A. patula","ARPA_old_1_1.1","old",2021-08-19,2021,"CZO",99.03526423,"midday",-3.21
"262","ARPA","A. patula","ARPA_old_1_1.1","old",2021-09-16,2021,"CZO",85.04272603,"midday",-4.32
"263","ARPA","A. patula","ARPA_old_1_1.1","old",2021-10-16,2021,"CZO",99.97722425,"midday",-2.285
"264","ARPA","A. patula","ARPA_old_1_1.2","old",2021-05-15,2021,"CZO",101.6581905,"midday",-1.19
"265","ARPA","A. patula","ARPA_old_1_1.2","old",2021-06-16,2021,"CZO",109.684227,"midday",-1.903333333
"266","ARPA","A. patula","ARPA_old_1_1.2","old",2021-07-08,2021,"CZO",141.5283877,"midday",-2.125
"267","ARPA","A. patula","ARPA_old_1_1.2","old",2021-08-19,2021,"CZO",95.4922543,"midday",-3.28
"268","ARPA","A. patula","ARPA_old_1_1.2","old",2021-09-16,2021,"CZO",86.41425562,"midday",-3.715
"269","ARPA","A. patula","ARPA_old_1_1.2","old",2021-10-16,2021,"CZO",93.5318318,"midday",-2.39
"270","ARPA","A. patula","ARPA_old_1_1.3","old",2021-05-15,2021,"CZO",90.43289623,"midday",-1.17
"271","ARPA","A. patula","ARPA_old_1_1.3","old",2021-06-16,2021,"CZO",85.04993917,"midday",-1.63
"272","ARPA","A. patula","ARPA_old_1_1.3","old",2021-07-08,2021,"CZO",127.3093308,"midday",-1.695
"273","ARPA","A. patula","ARPA_old_1_1.3","old",2021-08-19,2021,"CZO",88.28862547,"midday",-2.24
"274","ARPA","A. patula","ARPA_old_1_1.3","old",2021-09-16,2021,"CZO",91.95522577,"midday",-3.195
"275","ARPA","A. patula","ARPA_old_1_1.3","old",2021-10-16,2021,"CZO",98.36169165,"midday",-4.55
"276","ARPA","A. patula","ARPA_old_1_1.4","old",2021-05-15,2021,"CZO",90.79148506,"midday",-1.61
"277","ARPA","A. patula","ARPA_old_1_1.4","old",2021-06-16,2021,"CZO",100.0799506,"midday",-1.74
"278","ARPA","A. patula","ARPA_old_1_1.4","old",2021-07-08,2021,"CZO",130.7637128,"midday",-2.193333333
"279","ARPA","A. patula","ARPA_old_1_1.4","old",2021-07-30,2021,"CZO",116.7423733,"midday",-2.96
"280","ARPA","A. patula","ARPA_old_1_1.4","old",2021-08-19,2021,"CZO",93.43525204,"midday",-2
"281","ARPA","A. patula","ARPA_old_1_1.4","old",2021-09-16,2021,"CZO",83.59054753,"midday",-3.23
"282","ARPA","A. patula","ARPA_old_1_1.4","old",2021-10-16,2021,"CZO",99.3594349,"midday",-2.02
"283","ARPA","A. patula","ARPA_old_1_1.5","old",2021-05-15,2021,"CZO",100.1926415,"midday",-0.92
"284","ARPA","A. patula","ARPA_old_1_1.5","old",2021-06-16,2021,"CZO",94.04321841,"midday",-1.786666667
"285","ARPA","A. patula","ARPA_old_1_1.5","old",2021-07-08,2021,"CZO",110.8579266,"midday",-2.26
"286","ARPA","A. patula","ARPA_old_1_1.5","old",2021-08-19,2021,"CZO",95.83377195,"midday",-4.14
"287","ARPA","A. patula","ARPA_old_1_1.5","old",2021-09-16,2021,"CZO",78.91890347,"midday",-4.82
"288","ARPA","A. patula","ARPA_old_1_1.5","old",2021-10-16,2021,"CZO",99.08953827,"midday",-1.74
"289","ARPA","A. patula","ARPA_old_1_1.6","old",2021-05-15,2021,"CZO",92.92648693,"midday",-1.945
"290","ARPA","A. patula","ARPA_old_1_1.6","old",2021-06-16,2021,"CZO",96.18941147,"midday",-1.88
"291","ARPA","A. patula","ARPA_old_1_1.6","old",2021-07-08,2021,"CZO",134.2402342,"midday",-2.195
"292","ARPA","A. patula","ARPA_old_1_1.6","old",2021-08-19,2021,"CZO",90.53657099,"midday",-2.985
"293","ARPA","A. patula","ARPA_old_1_1.6","old",2021-09-16,2021,"CZO",81.47969076,"midday",-4.035
"294","ARPA","A. patula","ARPA_old_1_1.6","old",2021-10-16,2021,"CZO",98.66452159,"midday",-1.635
"295","ARPA","A. patula","ARPA_old_2_2.1","old",2021-05-14,2021,"CZO",104.4851847,"midday",-1.56
"296","ARPA","A. patula","ARPA_old_2_2.1","old",2021-06-15,2021,"CZO",102.929277,"midday",-1.365
"297","ARPA","A. patula","ARPA_old_2_2.1","old",2021-07-09,2021,"CZO",186.0419212,"midday",-1.515
"298","ARPA","A. patula","ARPA_old_2_2.1","old",2021-08-20,2021,"CZO",113.2593997,"midday",-2.555
"299","ARPA","A. patula","ARPA_old_2_2.1","old",2021-09-17,2021,"CZO",108.1697195,"midday",-3.396666667
"300","ARPA","A. patula","ARPA_old_2_2.1","old",2021-10-17,2021,"CZO",104.6008517,"midday",-1.615
"301","ARPA","A. patula","ARPA_old_2_2.2","old",2021-05-14,2021,"CZO",98.69899168,"midday",-1.446666667
"302","ARPA","A. patula","ARPA_old_2_2.2","old",2021-06-15,2021,"CZO",96.71743193,"midday",-1.08
"303","ARPA","A. patula","ARPA_old_2_2.2","old",2021-07-09,2021,"CZO",160.1512836,"midday",-1.87
"304","ARPA","A. patula","ARPA_old_2_2.2","old",2021-08-20,2021,"CZO",116.8980643,"midday",-2.436666667
"305","ARPA","A. patula","ARPA_old_2_2.2","old",2021-09-17,2021,"CZO",103.8162339,"midday",-2.98
"306","ARPA","A. patula","ARPA_old_2_2.2","old",2021-10-17,2021,"CZO",97.63761119,"midday",-2.055
"307","ARPA","A. patula","ARPA_old_2_2.3","old",2021-05-14,2021,"CZO",113.8019256,"midday",-1.463333333
"308","ARPA","A. patula","ARPA_old_2_2.3","old",2021-06-15,2021,"CZO",99.52257084,"midday",-1.353333333
"309","ARPA","A. patula","ARPA_old_2_2.3","old",2021-07-09,2021,"CZO",131.2736028,"midday",-1.81
"310","ARPA","A. patula","ARPA_old_2_2.3","old",2021-08-20,2021,"CZO",93.70079139,"midday",-2.625
"311","ARPA","A. patula","ARPA_old_2_2.3","old",2021-09-17,2021,"CZO",104.5680828,"midday",-2.606666667
"312","ARPA","A. patula","ARPA_old_2_2.3","old",2021-10-17,2021,"CZO",101.7657896,"midday",-1.33
"313","ARPA","A. patula","ARPA_old_2_2.4","old",2021-05-14,2021,"CZO",105.1098608,"midday",-1.56
"314","ARPA","A. patula","ARPA_old_2_2.4","old",2021-06-15,2021,"CZO",113.7156275,"midday",-1.305
"315","ARPA","A. patula","ARPA_old_2_2.4","old",2021-07-09,2021,"CZO",135.5560919,"midday",-1.97
"316","ARPA","A. patula","ARPA_old_2_2.4","old",2021-08-20,2021,"CZO",101.694872,"midday",-3.635
"317","ARPA","A. patula","ARPA_old_2_2.4","old",2021-09-17,2021,"CZO",89.12496488,"midday",-3.53
"318","ARPA","A. patula","ARPA_old_2_2.4","old",2021-10-17,2021,"CZO",98.65170117,"midday",-1.99
"319","ARPA","A. patula","ARPA_old_2_2.5","old",2021-05-14,2021,"CZO",97.24467704,"midday",-1.555
"320","ARPA","A. patula","ARPA_old_2_2.5","old",2021-06-15,2021,"CZO",102.4891347,"midday",-1.41
"321","ARPA","A. patula","ARPA_old_2_2.5","old",2021-07-09,2021,"CZO",187.4331551,"midday",-2.035
"322","ARPA","A. patula","ARPA_old_2_2.5","old",2021-08-20,2021,"CZO",110.6614919,"midday",-2.705
"323","ARPA","A. patula","ARPA_old_2_2.5","old",2021-09-17,2021,"CZO",96.1048637,"midday",-2.94
"324","ARPA","A. patula","ARPA_old_2_2.5","old",2021-10-17,2021,"CZO",95.71904976,"midday",-2.375
"325","CADE","C. decurrens","CADE_N_1_1.1","new",2021-04-24,2021,"CZO",95.64025459,"midday",-1.235
"326","CADE","C. decurrens","CADE_N_1_1.2","new",2021-04-24,2021,"CZO",101.7575982,"midday",-1.005
"327","CADE","C. decurrens","CADE_N_1_1.3","new",2021-04-24,2021,"CZO",100.9016942,"midday",-0.845
"328","CADE","C. decurrens","CADE_N_1_1.4","new",2021-04-24,2021,"CZO",99.14238742,"midday",-0.915
"329","CADE","C. decurrens","CADE_N_1_1.5","new",2021-04-24,2021,"CZO",86.20055574,"midday",-0.525
"330","CADE","C. decurrens","CADE_N_1_1.6","new",2021-04-24,2021,"CZO",104.327026,"midday",-0.86
"331","CADE","C. decurrens","CADE_N_2_2.1","new",2021-04-24,2021,"CZO",102.1029459,"midday",-1.385
"332","CADE","C. decurrens","CADE_N_2_2.2","new",2021-04-24,2021,"CZO",100.0605907,"midday",-1.45
"333","CADE","C. decurrens","CADE_N_2_2.3","new",2021-04-24,2021,"CZO",98.14264142,"midday",-1.605
"334","CADE","C. decurrens","CADE_N_2_2.4","new",2021-04-24,2021,"CZO",109.1698531,"midday",-1.22
"335","CADE","C. decurrens","CADE_N_2_2.5","new",2021-04-24,2021,"CZO",114.4207167,"midday",-1.69
"336","CADE","C. decurrens","CADE_New_1_1","new",2020-08-04,2020,"CZO",113.1305017,"midday",-1.94
"337","CADE","C. decurrens","CADE_New_1_1","new",2020-08-26,2020,"CZO",106.1078399,"midday",-1.9695
"338","CADE","C. decurrens","CADE_New_1_1","new",2020-10-19,2020,"SEKI",107.2978004,"midday",-2.96
"339","CADE","C. decurrens","CADE_new_1_1.2","new",2021-05-15,2021,"CZO",96.20601023,"midday",-1.533333333
"340","CADE","C. decurrens","CADE_new_1_1.3","new",2021-05-15,2021,"CZO",99.44937004,"midday",-1.595
"341","CADE","C. decurrens","CADE_new_1_1.5","new",2021-05-15,2021,"CZO",105.9839167,"midday",-1.663333333
"342","CADE","C. decurrens","CADE_new_1_1.6","new",2021-05-15,2021,"CZO",110.3902591,"midday",-1.355
"343","CADE","C. decurrens","CADE_New_1_2","new",2020-08-04,2020,"CZO",132.8522138,"midday",-1.805
"344","CADE","C. decurrens","CADE_New_1_2","new",2020-08-26,2020,"CZO",118.6885863,"midday",-2.1805
"345","CADE","C. decurrens","CADE_New_1_2","new",2020-10-19,2020,"SEKI",105.8267328,"midday",-3.4055
"346","CADE","C. decurrens","CADE_New_1_3","new",2020-08-04,2020,"CZO",109.7549314,"midday",-1.86
"347","CADE","C. decurrens","CADE_New_1_3","new",2020-08-26,2020,"CZO",111.0271415,"midday",-2.3325
"348","CADE","C. decurrens","CADE_New_1_3","new",2020-10-19,2020,"SEKI",101.9708458,"midday",-2.862
"349","CADE","C. decurrens","CADE_New_1_4","new",2020-08-04,2020,"CZO",104.7165336,"midday",-1.774
"350","CADE","C. decurrens","CADE_New_1_4","new",2020-08-26,2020,"CZO",107.4174326,"midday",-2.2655
"351","CADE","C. decurrens","CADE_New_1_4","new",2020-10-19,2020,"SEKI",105.4198905,"midday",-3.584
"352","CADE","C. decurrens","CADE_New_1_5","new",2020-08-04,2020,"CZO",117.8588963,"midday",-1.98
"353","CADE","C. decurrens","CADE_New_1_5","new",2020-08-26,2020,"CZO",107.787132,"midday",-2.639
"354","CADE","C. decurrens","CADE_New_1_5","new",2020-10-19,2020,"SEKI",125.2048176,"midday",-2.6205
"355","CADE","C. decurrens","CADE_New_1_6","new",2020-08-04,2020,"CZO",118.0749393,"midday",-2.19
"356","CADE","C. decurrens","CADE_New_1_6","new",2020-08-26,2020,"CZO",112.2841277,"midday",-2.5545
"357","CADE","C. decurrens","CADE_New_1_6","new",2020-10-19,2020,"SEKI",101.7647816,"midday",-3.516
"358","CADE","C. decurrens","CADE_New_2_1","new",2020-08-04,2020,"CZO",154.2952278,"midday",-1.56
"359","CADE","C. decurrens","CADE_New_2_1","new",2020-08-26,2020,"CZO",120.6148968,"midday",-1.926
"360","CADE","C. decurrens","CADE_New_2_1","new",2020-08-26,2020,"CZO",140.8555018,"midday",-1.926
"361","CADE","C. decurrens","CADE_New_2_1","new",2020-10-19,2020,"SEKI",95.7084433,"midday",-3.232
"362","CADE","C. decurrens","CADE_New_2_1","new",2020-10-19,2020,"SEKI",95.7084433,"midday",-2.2225
"363","CADE","C. decurrens","CADE_New_2_1","new",2020-10-19,2020,"SEKI",101.7609162,"midday",-3.232
"364","CADE","C. decurrens","CADE_New_2_1","new",2020-10-19,2020,"SEKI",101.7609162,"midday",-2.2225
"365","CADE","C. decurrens","CADE_New_2_2","new",2020-08-04,2020,"CZO",152.907117,"midday",-1.84
"366","CADE","C. decurrens","CADE_New_2_2","new",2020-08-26,2020,"CZO",134.596739,"midday",-1.6755
"367","CADE","C. decurrens","CADE_new_2_2.1","new",2021-05-14,2021,"CZO",123.4010128,"midday",-1.7
"368","CADE","C. decurrens","CADE_new_2_2.1","new",2021-06-15,2021,"CZO",140.7070367,"midday",-1.403333333
"369","CADE","C. decurrens","CADE_new_2_2.2","new",2021-05-14,2021,"CZO",107.4029024,"midday",-1.515
"370","CADE","C. decurrens","CADE_new_2_2.2","new",2021-06-15,2021,"CZO",100.5789651,"midday",-1.34
"371","CADE","C. decurrens","CADE_new_2_2.3","new",2021-05-14,2021,"CZO",113.1719083,"midday",-1.245
"372","CADE","C. decurrens","CADE_new_2_2.3","new",2021-06-15,2021,"CZO",109.413074,"midday",-1.355
"373","CADE","C. decurrens","CADE_new_2_2.4","new",2021-05-14,2021,"CZO",110.7045171,"midday",-1.68
"374","CADE","C. decurrens","CADE_new_2_2.4","new",2021-06-15,2021,"CZO",126.39876,"midday",-1.365
"375","CADE","C. decurrens","CADE_new_2_2.5","new",2021-05-14,2021,"CZO",117.8334592,"midday",-1.665
"376","CADE","C. decurrens","CADE_New_2_3","new",2020-08-04,2020,"CZO",159.0896132,"midday",-1.65
"377","CADE","C. decurrens","CADE_New_2_3","new",2020-08-26,2020,"CZO",146.5812206,"midday",-1.8805
"378","CADE","C. decurrens","CADE_New_2_3","new",2020-10-19,2020,"SEKI",98.36219948,"midday",-2.725
"379","CADE","C. decurrens","CADE_New_2_4","new",2020-08-04,2020,"CZO",151.0434853,"midday",-1.865
"380","CADE","C. decurrens","CADE_New_2_4","new",2020-08-26,2020,"CZO",130.575331,"midday",-2.4275
"381","CADE","C. decurrens","CADE_New_2_4","new",2020-10-19,2020,"SEKI",94.41032369,"midday",-3.4375
"382","CADE","C. decurrens","CADE_New_2_5","new",2020-08-04,2020,"CZO",154.1915636,"midday",-1.675
"383","CADE","C. decurrens","CADE_New_2_5","new",2020-08-26,2020,"CZO",145.8722957,"midday",-1.9605
"384","CADE","C. decurrens","CADE_New_2_5","new",2020-10-19,2020,"SEKI",116.7962633,"midday",-2.0605
"385","CADE","C. decurrens","CADE_O_1_1.1","old",2021-04-24,2021,"CZO",88.06827813,"midday",-1.235
"386","CADE","C. decurrens","CADE_O_1_1.2","old",2021-04-24,2021,"CZO",82.20119101,"midday",-1.005
"387","CADE","C. decurrens","CADE_O_1_1.3","old",2021-04-24,2021,"CZO",87.0188148,"midday",-0.845
"388","CADE","C. decurrens","CADE_O_1_1.4","old",2021-04-24,2021,"CZO",86.64269738,"midday",-0.915
"389","CADE","C. decurrens","CADE_O_1_1.5","old",2021-04-24,2021,"CZO",80.54171603,"midday",-0.525
"390","CADE","C. decurrens","CADE_O_1_1.6","old",2021-04-24,2021,"CZO",92.79447625,"midday",-0.86
"391","CADE","C. decurrens","CADE_O_2_2.1","old",2021-04-24,2021,"CZO",88.54985573,"midday",-1.385
"392","CADE","C. decurrens","CADE_O_2_2.2","old",2021-04-24,2021,"CZO",92.59311159,"midday",-1.45
"393","CADE","C. decurrens","CADE_O_2_2.3","old",2021-04-24,2021,"CZO",90.53058256,"midday",-1.605
"394","CADE","C. decurrens","CADE_O_2_2.4","old",2021-04-24,2021,"CZO",100.0194008,"midday",-1.22
"395","CADE","C. decurrens","CADE_O_2_2.5","old",2021-04-24,2021,"CZO",102.6315502,"midday",-1.69
"396","CADE","C. decurrens","CADE_old_1_1.1","old",2021-05-15,2021,"CZO",88.71261156,"midday",-1.663333333
"397","CADE","C. decurrens","CADE_old_1_1.1","old",2021-06-16,2021,"CZO",86.44494266,"midday",-1.89
"398","CADE","C. decurrens","CADE_old_1_1.1","old",2021-07-08,2021,"CZO",101.9305833,"midday",-1.816666667
"399","CADE","C. decurrens","CADE_old_1_1.1","old",2021-07-30,2021,"CZO",92.59593525,"midday",-2.125
"400","CADE","C. decurrens","CADE_old_1_1.1","old",2021-08-19,2021,"CZO",94.00446832,"midday",-2.226666667
"401","CADE","C. decurrens","CADE_old_1_1.1","old",2021-09-16,2021,"CZO",98.11031415,"midday",-2.65
"402","CADE","C. decurrens","CADE_old_1_1.1","old",2021-10-16,2021,"CZO",100.0620806,"midday",-1.935
"403","CADE","C. decurrens","CADE_old_1_1.2","old",2021-05-15,2021,"CZO",92.35745715,"midday",-1.533333333
"404","CADE","C. decurrens","CADE_old_1_1.2","old",2021-06-16,2021,"CZO",95.18772632,"midday",-1.68
"405","CADE","C. decurrens","CADE_old_1_1.2","old",2021-07-08,2021,"CZO",95.22846387,"midday",-1.873333333
"406","CADE","C. decurrens","CADE_old_1_1.2","old",2021-08-19,2021,"CZO",97.43544712,"midday",-2
"407","CADE","C. decurrens","CADE_old_1_1.2","old",2021-09-16,2021,"CZO",88.78529509,"midday",-2.305
"408","CADE","C. decurrens","CADE_old_1_1.2","old",2021-10-16,2021,"CZO",99.13151365,"midday",-1.675
"409","CADE","C. decurrens","CADE_old_1_1.3","old",2021-05-15,2021,"CZO",85.21826065,"midday",-1.595
"410","CADE","C. decurrens","CADE_old_1_1.3","old",2021-06-16,2021,"CZO",84.77383962,"midday",-1.54
"411","CADE","C. decurrens","CADE_old_1_1.3","old",2021-07-08,2021,"CZO",96.35523029,"midday",-2.07
"412","CADE","C. decurrens","CADE_old_1_1.3","old",2021-07-30,2021,"CZO",102.3122911,"midday",-2.195
"413","CADE","C. decurrens","CADE_old_1_1.3","old",2021-08-19,2021,"CZO",92.5454581,"midday",-2.49
"414","CADE","C. decurrens","CADE_old_1_1.3","old",2021-09-16,2021,"CZO",93.16340598,"midday",-2.99
"415","CADE","C. decurrens","CADE_old_1_1.3","old",2021-10-16,2021,"CZO",98.66442514,"midday",-2.065
"416","CADE","C. decurrens","CADE_old_1_1.4","old",2021-06-16,2021,"CZO",86.20695597,"midday",-1.35
"417","CADE","C. decurrens","CADE_old_1_1.4","old",2021-07-30,2021,"CZO",89.8272583,"midday",-2.155
"418","CADE","C. decurrens","CADE_old_1_1.4","old",2021-08-19,2021,"CZO",92.73188597,"midday",-2.06
"419","CADE","C. decurrens","CADE_old_1_1.4","old",2021-09-16,2021,"CZO",91.70051318,"midday",-2.34
"420","CADE","C. decurrens","CADE_old_1_1.4","old",2021-10-16,2021,"CZO",96.51037493,"midday",-1.935
"421","CADE","C. decurrens","CADE_old_1_1.5","old",2021-05-15,2021,"CZO",79.30211836,"midday",-1.663333333
"422","CADE","C. decurrens","CADE_old_1_1.5","old",2021-06-16,2021,"CZO",76.30264579,"midday",-2.12
"423","CADE","C. decurrens","CADE_old_1_1.5","old",2021-07-08,2021,"CZO",91.19488509,"midday",-2.035
"424","CADE","C. decurrens","CADE_old_1_1.5","old",2021-07-30,2021,"CZO",93.51479846,"midday",-2.33
"425","CADE","C. decurrens","CADE_old_1_1.5","old",2021-08-19,2021,"CZO",82.7820603,"midday",-2.39
"426","CADE","C. decurrens","CADE_old_1_1.5","old",2021-09-16,2021,"CZO",90.85260351,"midday",-2.765
"427","CADE","C. decurrens","CADE_old_1_1.5","old",2021-10-16,2021,"CZO",101.320608,"midday",-2.115
"428","CADE","C. decurrens","CADE_old_1_1.6","old",2021-05-15,2021,"CZO",79.61354159,"midday",-1.355
"429","CADE","C. decurrens","CADE_old_1_1.6","old",2021-06-16,2021,"CZO",95.05588147,"midday",-1.745
"430","CADE","C. decurrens","CADE_old_1_1.6","old",2021-07-08,2021,"CZO",88.09745019,"midday",-2.02
"431","CADE","C. decurrens","CADE_old_1_1.6","old",2021-07-30,2021,"CZO",95.14466226,"midday",-2.735
"432","CADE","C. decurrens","CADE_old_1_1.6","old",2021-08-19,2021,"CZO",90.80694202,"midday",-2.895
"433","CADE","C. decurrens","CADE_old_1_1.6","old",2021-09-16,2021,"CZO",88.6514092,"midday",-3.335
"434","CADE","C. decurrens","CADE_old_1_1.6","old",2021-10-16,2021,"CZO",103.2644839,"midday",-1.52
"435","CADE","C. decurrens","CADE_old_2_2.1","old",2021-05-14,2021,"CZO",105.1013232,"midday",-1.7
"436","CADE","C. decurrens","CADE_old_2_2.1","old",2021-06-15,2021,"CZO",102.0462117,"midday",-1.403333333
"437","CADE","C. decurrens","CADE_old_2_2.1","old",2021-07-09,2021,"CZO",106.2687287,"midday",-1.59
"438","CADE","C. decurrens","CADE_old_2_2.1","old",2021-07-31,2021,"CZO",108.9958031,"midday",-2.06
"439","CADE","C. decurrens","CADE_old_2_2.1","old",2021-08-20,2021,"CZO",113.4423217,"midday",-2.5
"440","CADE","C. decurrens","CADE_old_2_2.1","old",2021-09-17,2021,"CZO",112.0833832,"midday",-2.44
"441","CADE","C. decurrens","CADE_old_2_2.1","old",2021-10-17,2021,"CZO",109.1636227,"midday",-1.825
"442","CADE","C. decurrens","CADE_old_2_2.2","old",2021-05-14,2021,"CZO",89.61800654,"midday",-1.515
"443","CADE","C. decurrens","CADE_old_2_2.2","old",2021-06-15,2021,"CZO",101.2021842,"midday",-1.34
"444","CADE","C. decurrens","CADE_old_2_2.2","old",2021-07-09,2021,"CZO",107.2385841,"midday",-1.705
"445","CADE","C. decurrens","CADE_old_2_2.2","old",2021-07-31,2021,"CZO",110.1649735,"midday",-1.72
"446","CADE","C. decurrens","CADE_old_2_2.2","old",2021-08-20,2021,"CZO",100.9083612,"midday",-2.01
"447","CADE","C. decurrens","CADE_old_2_2.2","old",2021-09-17,2021,"CZO",114.2006371,"midday",-2.125
"448","CADE","C. decurrens","CADE_old_2_2.2","old",2021-10-17,2021,"CZO",111.0340017,"midday",-2.17
"449","CADE","C. decurrens","CADE_old_2_2.3","old",2021-05-14,2021,"CZO",99.50166347,"midday",-1.245
"450","CADE","C. decurrens","CADE_old_2_2.3","old",2021-06-15,2021,"CZO",98.77548753,"midday",-1.355
"451","CADE","C. decurrens","CADE_old_2_2.3","old",2021-07-09,2021,"CZO",121.2129693,"midday",-1.76
"452","CADE","C. decurrens","CADE_old_2_2.3","old",2021-07-31,2021,"CZO",113.1341908,"midday",-1.98
"453","CADE","C. decurrens","CADE_old_2_2.3","old",2021-08-20,2021,"CZO",106.0126489,"midday",-2.43
"454","CADE","C. decurrens","CADE_old_2_2.3","old",2021-09-17,2021,"CZO",102.7421733,"midday",-2.62
"455","CADE","C. decurrens","CADE_old_2_2.3","old",2021-10-17,2021,"CZO",103.5279057,"midday",-1.77
"456","CADE","C. decurrens","CADE_old_2_2.4","old",2021-05-14,2021,"CZO",85.32786475,"midday",-1.68
"457","CADE","C. decurrens","CADE_old_2_2.4","old",2021-06-15,2021,"CZO",86.5219701,"midday",-1.365
"458","CADE","C. decurrens","CADE_old_2_2.4","old",2021-07-09,2021,"CZO",123.0550719,"midday",-1.86
"459","CADE","C. decurrens","CADE_old_2_2.4","old",2021-07-31,2021,"CZO",101.7787855,"midday",-2.675
"460","CADE","C. decurrens","CADE_old_2_2.4","old",2021-08-20,2021,"CZO",96.77100155,"midday",-2.905
"461","CADE","C. decurrens","CADE_old_2_2.4","old",2021-09-17,2021,"CZO",102.4798688,"midday",-3.145
"462","CADE","C. decurrens","CADE_old_2_2.4","old",2021-10-17,2021,"CZO",109.566174,"midday",-1.565
"463","CADE","C. decurrens","CADE_old_2_2.5","old",2021-05-14,2021,"CZO",104.7031569,"midday",-1.665
"464","CADE","C. decurrens","CADE_old_2_2.5","old",2021-06-15,2021,"CZO",99.81390179,"midday",-1.483333333
"465","CADE","C. decurrens","CADE_old_2_2.5","old",2021-07-09,2021,"CZO",123.2329856,"midday",-1.585
"466","CADE","C. decurrens","CADE_old_2_2.5","old",2021-08-20,2021,"CZO",112.1219523,"midday",-2.32
"467","CADE","C. decurrens","CADE_old_2_2.5","old",2021-09-17,2021,"CZO",103.392692,"midday",-2.255
"468","CADE","C. decurrens","CADE_old_2_2.5","old",2021-10-17,2021,"CZO",110.5555932,"midday",-1.985
"469","CECO","C. cordulatus","CECO_New_1_1","new",2020-08-04,2020,"CZO",143.4872315,"midday",-1.705
"470","CECO","C. cordulatus","CECO_New_1_1","new",2020-08-26,2020,"CZO",199.3306306,"midday",-2.3655
"471","CECO","C. cordulatus","CECO_New_1_1","new",2020-10-19,2020,"SEKI",81.08330798,"midday",-3.3415
"472","CECO","C. cordulatus","CECO_new_1_1.1","new",2021-05-15,2021,"CZO",239.1161432,"midday",-1
"473","CECO","C. cordulatus","CECO_new_1_1.1","new",2021-06-16,2021,"CZO",195.7218167,"midday",-1.743333333
"474","CECO","C. cordulatus","CECO_new_1_1.2","new",2021-05-15,2021,"CZO",232.5147348,"midday",-1.09
"475","CECO","C. cordulatus","CECO_new_1_1.2","new",2021-06-16,2021,"CZO",190.5731119,"midday",-1.525
"476","CECO","C. cordulatus","CECO_new_1_1.3","new",2021-05-15,2021,"CZO",195.2803407,"midday",-1.72
"477","CECO","C. cordulatus","CECO_new_1_1.3","new",2021-06-16,2021,"CZO",166.1824052,"midday",-1.66
"478","CECO","C. cordulatus","CECO_new_1_1.4","new",2021-05-15,2021,"CZO",206.372674,"midday",-1.036666667
"479","CECO","C. cordulatus","CECO_new_1_1.4","new",2021-06-16,2021,"CZO",177.4143081,"midday",-1.94
"480","CECO","C. cordulatus","CECO_new_1_1.5","new",2021-05-15,2021,"CZO",250.879162,"midday",-1.02
"481","CECO","C. cordulatus","CECO_new_1_1.5","new",2021-06-16,2021,"CZO",207.0404016,"midday",-1.72
"482","CECO","C. cordulatus","CECO_new_1_1.6","new",2021-05-15,2021,"CZO",176.3513514,"midday",-1.426666667
"483","CECO","C. cordulatus","CECO_new_1_1.6","new",2021-06-16,2021,"CZO",120.2821429,"midday",-1.775
"484","CECO","C. cordulatus","CECO_New_1_2","new",2020-08-04,2020,"CZO",105.9111436,"midday",-2.58
"485","CECO","C. cordulatus","CECO_New_1_2","new",2020-08-26,2020,"CZO",93.67190649,"midday",-3.506
"486","CECO","C. cordulatus","CECO_New_1_2","new",2020-10-19,2020,"SEKI",79.94967762,"midday",-3.6495
"487","CECO","C. cordulatus","CECO_New_1_3","new",2020-08-04,2020,"CZO",113.7795276,"midday",-1.9
"488","CECO","C. cordulatus","CECO_New_1_3","new",2020-08-26,2020,"CZO",122.8392245,"midday",-3.509
"489","CECO","C. cordulatus","CECO_New_1_3","new",2020-10-19,2020,"SEKI",75.62751315,"midday",-3.677
"490","CECO","C. cordulatus","CECO_New_1_4","new",2020-08-04,2020,"CZO",114.3551339,"midday",-2.175
"491","CECO","C. cordulatus","CECO_New_1_4","new",2020-08-26,2020,"CZO",99.94332672,"midday",-2.6555
"492","CECO","C. cordulatus","CECO_New_1_4","new",2020-10-19,2020,"SEKI",190.2571819,"midday",-3.655
"493","CECO","C. cordulatus","CECO_New_1_5","new",2020-08-04,2020,"CZO",121.0245885,"midday",-2.155
"494","CECO","C. cordulatus","CECO_New_1_5","new",2020-08-26,2020,"CZO",108.1851643,"midday",-2.6615
"495","CECO","C. cordulatus","CECO_New_1_5","new",2020-10-19,2020,"SEKI",77.45353339,"midday",-3.937
"496","CECO","C. cordulatus","CECO_New_1_6","new",2020-08-04,2020,"CZO",119.5196992,"midday",-2.085
"497","CECO","C. cordulatus","CECO_New_1_6","new",2020-08-26,2020,"CZO",107.7511691,"midday",-2.643
"498","CECO","C. cordulatus","CECO_New_1_6","new",2020-10-19,2020,"SEKI",81.21936515,"midday",-4.0845
"499","CECO","C. cordulatus","CECO_New_2_1","new",2020-08-04,2020,"CZO",165.8910874,"midday",-1.455
"500","CECO","C. cordulatus","CECO_New_2_1","new",2020-10-19,2020,"SEKI",84.25807345,"midday",-3.3145
"501","CECO","C. cordulatus","CECO_New_2_2","new",2020-08-04,2020,"CZO",203.350631,"midday",-1.534
"502","CECO","C. cordulatus","CECO_New_2_2","new",2020-08-26,2020,"CZO",296.0844687,"midday",-1.8755
"503","CECO","C. cordulatus","CECO_New_2_2","new",2020-10-19,2020,"SEKI",80.52020317,"midday",-4.08
"504","CECO","C. cordulatus","CECO_New_2_2","new",2020-10-19,2020,"SEKI",80.52020317,"midday",-3.3295
"505","CECO","C. cordulatus","CECO_New_2_2","new",2020-10-19,2020,"SEKI",88.27494766,"midday",-4.08
"506","CECO","C. cordulatus","CECO_New_2_2","new",2020-10-19,2020,"SEKI",88.27494766,"midday",-3.3295
"507","CECO","C. cordulatus","CECO_new_2_2.1","new",2021-05-14,2021,"CZO",210.6060606,"midday",-2
"508","CECO","C. cordulatus","CECO_new_2_2.1","new",2021-06-15,2021,"CZO",147.9619429,"midday",-1.36
"509","CECO","C. cordulatus","CECO_new_2_2.2","new",2021-05-14,2021,"CZO",218.8643533,"midday",-1.375
"510","CECO","C. cordulatus","CECO_new_2_2.2","new",2021-06-15,2021,"CZO",198.1276387,"midday",-1.045
"511","CECO","C. cordulatus","CECO_new_2_2.3","new",2021-05-14,2021,"CZO",52.66666667,"midday",-1.245
"512","CECO","C. cordulatus","CECO_new_2_2.3","new",2021-06-15,2021,"CZO",205.3347655,"midday",-1.295
"513","CECO","C. cordulatus","CECO_new_2_2.4","new",2021-06-15,2021,"CZO",192.3656927,"midday",-1.285
"514","CECO","C. cordulatus","CECO_new_2_2.5","new",2021-05-14,2021,"CZO",222.7983131,"midday",-1.165
"515","CECO","C. cordulatus","CECO_new_2_2.5","new",2021-06-15,2021,"CZO",233.7137187,"midday",-1.143333333
"516","CECO","C. cordulatus","CECO_New_2_3","new",2020-08-04,2020,"CZO",135.5944602,"midday",-1.62
"517","CECO","C. cordulatus","CECO_New_2_3","new",2020-08-26,2020,"CZO",116.5427951,"midday",-2.3345
"518","CECO","C. cordulatus","CECO_New_2_4","new",2020-08-04,2020,"CZO",120.999189,"midday",-2.22
"519","CECO","C. cordulatus","CECO_New_2_4","new",2020-08-26,2020,"CZO",111.8356263,"midday",-2.581
"520","CECO","C. cordulatus","CECO_New_2_4","new",2020-10-19,2020,"SEKI",81.01107557,"midday",-3.6485
"521","CECO","C. cordulatus","CECO_New_2_5","new",2020-08-04,2020,"CZO",161.6008672,"midday",-1.885
"522","CECO","C. cordulatus","CECO_New_2_5","new",2020-08-26,2020,"CZO",128.1208367,"midday",-2.038
"523","CECO","C. cordulatus","CECO_New_2_5","new",2020-10-19,2020,"SEKI",83.95852825,"midday",-3.527
"524","CECO","C. cordulatus","CECO_O_1_1.1","old",2021-04-24,2021,"CZO",129.5567545,"midday",-0.835
"525","CECO","C. cordulatus","CECO_O_1_1.2","old",2021-04-24,2021,"CZO",123.2034472,"midday",-0.985
"526","CECO","C. cordulatus","CECO_O_1_1.3","old",2021-04-24,2021,"CZO",109.4910508,"midday",-1.35
"527","CECO","C. cordulatus","CECO_O_1_1.4","old",2021-04-24,2021,"CZO",118.1413434,"midday",-0.77
"528","CECO","C. cordulatus","CECO_O_1_1.5","old",2021-04-24,2021,"CZO",126.2455748,"midday",-0.72
"529","CECO","C. cordulatus","CECO_O_1_1.6","old",2021-04-24,2021,"CZO",231.7437232,"midday",-1.2
"530","CECO","C. cordulatus","CECO_O_2_2.1","old",2021-04-24,2021,"CZO",116.4557223,"midday",-1.42
"531","CECO","C. cordulatus","CECO_O_2_2.2","old",2021-04-24,2021,"CZO",111.2426499,"midday",-1.33
"532","CECO","C. cordulatus","CECO_O_2_2.3","old",2021-04-24,2021,"CZO",107.0045262,"midday",-1.04
"533","CECO","C. cordulatus","CECO_O_2_2.4","old",2021-04-24,2021,"CZO",120.520519,"midday",-0.755
"534","CECO","C. cordulatus","CECO_O_2_2.5","old",2021-04-24,2021,"CZO",113.311826,"midday",-1.365
"535","CECO","C. cordulatus","CECO_old_1_1.1","old",2021-05-15,2021,"CZO",122.8754009,"midday",-1
"536","CECO","C. cordulatus","CECO_old_1_1.1","old",2021-06-16,2021,"CZO",134.6851769,"midday",-1.743333333
"537","CECO","C. cordulatus","CECO_old_1_1.1","old",2021-07-08,2021,"CZO",166.8542361,"midday",-1.97
"538","CECO","C. cordulatus","CECO_old_1_1.1","old",2021-07-30,2021,"CZO",114.4773093,"midday",-2.31
"539","CECO","C. cordulatus","CECO_old_1_1.1","old",2021-08-19,2021,"CZO",96.06153846,"midday",-2.855
"540","CECO","C. cordulatus","CECO_old_1_1.1","old",2021-09-16,2021,"CZO",95.21001013,"midday",-3.415
"541","CECO","C. cordulatus","CECO_old_1_1.1","old",2021-10-16,2021,"CZO",109.7897441,"midday",-2.455
"542","CECO","C. cordulatus","CECO_old_1_1.2","old",2021-05-15,2021,"CZO",127.28302,"midday",-1.09
"543","CECO","C. cordulatus","CECO_old_1_1.2","old",2021-06-16,2021,"CZO",118.2013665,"midday",-1.525
"544","CECO","C. cordulatus","CECO_old_1_1.2","old",2021-07-08,2021,"CZO",134.9208993,"midday",-2.54
"545","CECO","C. cordulatus","CECO_old_1_1.2","old",2021-08-19,2021,"CZO",81.25323357,"midday",-3.82
"546","CECO","C. cordulatus","CECO_old_1_1.2","old",2021-09-16,2021,"CZO",73.34259179,"midday",-4.025
"547","CECO","C. cordulatus","CECO_old_1_1.2","old",2021-10-16,2021,"CZO",91.06434889,"midday",-2.935
"548","CECO","C. cordulatus","CECO_old_1_1.3","old",2021-05-15,2021,"CZO",109.6531351,"midday",-1.72
"549","CECO","C. cordulatus","CECO_old_1_1.3","old",2021-06-16,2021,"CZO",115.2661217,"midday",-1.66
"550","CECO","C. cordulatus","CECO_old_1_1.3","old",2021-07-08,2021,"CZO",142.1328754,"midday",-2.125
"551","CECO","C. cordulatus","CECO_old_1_1.3","old",2021-07-30,2021,"CZO",84.52748273,"midday",-2.696666667
"552","CECO","C. cordulatus","CECO_old_1_1.3","old",2021-08-19,2021,"CZO",86.50145153,"midday",-3.06
"553","CECO","C. cordulatus","CECO_old_1_1.3","old",2021-09-16,2021,"CZO",72.4836272,"midday",-3.263333333
"554","CECO","C. cordulatus","CECO_old_1_1.3","old",2021-10-16,2021,"CZO",130.1227831,"midday",-2.106666667
"555","CECO","C. cordulatus","CECO_old_1_1.4","old",2021-05-15,2021,"CZO",161.1894246,"midday",-1.036666667
"556","CECO","C. cordulatus","CECO_old_1_1.4","old",2021-06-16,2021,"CZO",121.9667606,"midday",-1.94
"557","CECO","C. cordulatus","CECO_old_1_1.4","old",2021-07-08,2021,"CZO",130.2858624,"midday",-1.86
"558","CECO","C. cordulatus","CECO_old_1_1.4","old",2021-07-30,2021,"CZO",105.0086181,"midday",-2.33
"559","CECO","C. cordulatus","CECO_old_1_1.4","old",2021-08-19,2021,"CZO",94.1229156,"midday",-2.446666667
"560","CECO","C. cordulatus","CECO_old_1_1.4","old",2021-09-16,2021,"CZO",88.70067813,"midday",-2.53
"561","CECO","C. cordulatus","CECO_old_1_1.4","old",2021-10-16,2021,"CZO",98.36296545,"midday",-2.145
"562","CECO","C. cordulatus","CECO_old_1_1.5","old",2021-05-15,2021,"CZO",125.4852052,"midday",-1.02
"563","CECO","C. cordulatus","CECO_old_1_1.5","old",2021-06-16,2021,"CZO",147.0558298,"midday",-1.72
"564","CECO","C. cordulatus","CECO_old_1_1.5","old",2021-07-08,2021,"CZO",142.3845475,"midday",-2.363333333
"565","CECO","C. cordulatus","CECO_old_1_1.5","old",2021-07-30,2021,"CZO",94.53154499,"midday",-2.913333333
"566","CECO","C. cordulatus","CECO_old_1_1.5","old",2021-08-19,2021,"CZO",88.80448028,"midday",-3.24
"567","CECO","C. cordulatus","CECO_old_1_1.5","old",2021-09-16,2021,"CZO",83.54507727,"midday",-3.413333333
"568","CECO","C. cordulatus","CECO_old_1_1.6","old",2021-05-15,2021,"CZO",118.8251096,"midday",-1.426666667
"569","CECO","C. cordulatus","CECO_old_1_1.6","old",2021-06-16,2021,"CZO",158.660882,"midday",-1.775
"570","CECO","C. cordulatus","CECO_old_1_1.6","old",2021-07-08,2021,"CZO",129.6445547,"midday",-2.03
"571","CECO","C. cordulatus","CECO_old_1_1.6","old",2021-07-30,2021,"CZO",105.6491053,"midday",-2.755
"572","CECO","C. cordulatus","CECO_old_1_1.6","old",2021-08-19,2021,"CZO",87.99736363,"midday",-2.786666667
"573","CECO","C. cordulatus","CECO_old_1_1.6","old",2021-09-16,2021,"CZO",86.04466708,"midday",-3.605
"574","CECO","C. cordulatus","CECO_old_1_1.6","old",2021-10-16,2021,"CZO",101.7255015,"midday",-2.59
"575","CECO","C. cordulatus","CECO_old_2_2.1","old",2021-05-14,2021,"CZO",124.3817606,"midday",-2
"576","CECO","C. cordulatus","CECO_old_2_2.1","old",2021-06-15,2021,"CZO",130.1788235,"midday",-1.36
"577","CECO","C. cordulatus","CECO_old_2_2.1","old",2021-07-09,2021,"CZO",172.1364938,"midday",-1.705
"578","CECO","C. cordulatus","CECO_old_2_2.1","old",2021-07-31,2021,"CZO",108.6582768,"midday",-2.235
"579","CECO","C. cordulatus","CECO_old_2_2.1","old",2021-08-20,2021,"CZO",99.671845,"midday",-3.125
"580","CECO","C. cordulatus","CECO_old_2_2.1","old",2021-09-17,2021,"CZO",73.14999525,"midday",-3.183333333
"581","CECO","C. cordulatus","CECO_old_2_2.1","old",2021-10-17,2021,"CZO",90.79119918,"midday",-2.835
"582","CECO","C. cordulatus","CECO_old_2_2.2","old",2021-05-14,2021,"CZO",146.2079836,"midday",-1.375
"583","CECO","C. cordulatus","CECO_old_2_2.2","old",2021-06-15,2021,"CZO",116.8895629,"midday",-1.045
"584","CECO","C. cordulatus","CECO_old_2_2.2","old",2021-07-09,2021,"CZO",176.0875143,"midday",-1.79
"585","CECO","C. cordulatus","CECO_old_2_2.2","old",2021-07-31,2021,"CZO",118.9376234,"midday",-1.906666667
"586","CECO","C. cordulatus","CECO_old_2_2.2","old",2021-08-20,2021,"CZO",104.150713,"midday",-2.895
"587","CECO","C. cordulatus","CECO_old_2_2.2","old",2021-09-17,2021,"CZO",99.79593152,"midday",-2.743333333
"588","CECO","C. cordulatus","CECO_old_2_2.2","old",2021-10-17,2021,"CZO",98.44357977,"midday",-2.575
"589","CECO","C. cordulatus","CECO_old_2_2.3","old",2021-05-14,2021,"CZO",109.1325093,"midday",-1.245
"590","CECO","C. cordulatus","CECO_old_2_2.3","old",2021-06-15,2021,"CZO",121.6524803,"midday",-1.295
"591","CECO","C. cordulatus","CECO_old_2_2.3","old",2021-07-09,2021,"CZO",177.5106274,"midday",-1.67
"592","CECO","C. cordulatus","CECO_old_2_2.3","old",2021-07-31,2021,"CZO",124.0539772,"midday",-1.93
"593","CECO","C. cordulatus","CECO_old_2_2.3","old",2021-08-20,2021,"CZO",97.65322397,"midday",-2.68
"594","CECO","C. cordulatus","CECO_old_2_2.3","old",2021-09-17,2021,"CZO",102.1774339,"midday",-2.906666667
"595","CECO","C. cordulatus","CECO_old_2_2.3","old",2021-10-17,2021,"CZO",102.0704543,"midday",-2
"596","CECO","C. cordulatus","CECO_old_2_2.4","old",2021-05-14,2021,"CZO",160.9414301,"midday",-1.205
"597","CECO","C. cordulatus","CECO_old_2_2.4","old",2021-06-15,2021,"CZO",155.2757299,"midday",-1.285
"598","CECO","C. cordulatus","CECO_old_2_2.4","old",2021-07-09,2021,"CZO",143.0413105,"midday",-1.733333333
"599","CECO","C. cordulatus","CECO_old_2_2.4","old",2021-07-31,2021,"CZO",118.1703813,"midday",-2.21
"600","CECO","C. cordulatus","CECO_old_2_2.4","old",2021-08-20,2021,"CZO",92.68296068,"midday",-2.26
"601","CECO","C. cordulatus","CECO_old_2_2.4","old",2021-09-17,2021,"CZO",90.55366108,"midday",-2.615
"602","CECO","C. cordulatus","CECO_old_2_2.4","old",2021-10-17,2021,"CZO",101.1989089,"midday",-1.425
"603","CECO","C. cordulatus","CECO_old_2_2.5","old",2021-05-14,2021,"CZO",127.8960527,"midday",-1.165
"604","CECO","C. cordulatus","CECO_old_2_2.5","old",2021-06-15,2021,"CZO",156.6139347,"midday",-1.143333333
"605","CECO","C. cordulatus","CECO_old_2_2.5","old",2021-07-09,2021,"CZO",181.7715446,"midday",-1.81
"606","CECO","C. cordulatus","CECO_old_2_2.5","old",2021-08-20,2021,"CZO",104.8625733,"midday",-2.285
"607","CECO","C. cordulatus","CECO_old_2_2.5","old",2021-09-17,2021,"CZO",88.00060911,"midday",-2.533333333
"608","CECO","C. cordulatus","CECO_old_2_2.5","old",2021-10-17,2021,"CZO",106.4289866,"midday",-1.71
"609","PIJE","P. jeffreyi","PIJE_N_1_1.1","new",2021-04-24,2021,"CZO",129.3963316,"midday",-0.88
"610","PIJE","P. jeffreyi","PIJE_N_1_1.2","new",2021-04-24,2021,"CZO",107.9474607,"midday",-1.13
"611","PIJE","P. jeffreyi","PIJE_N_1_1.4","new",2021-04-24,2021,"CZO",103.1629367,"midday",-1.13
"612","PIJE","P. jeffreyi","PIJE_N_1_1.5","new",2021-04-24,2021,"CZO",117.2271104,"midday",-1.275
"613","PIJE","P. jeffreyi","PIJE_N_1_1.6","new",2021-04-24,2021,"CZO",108.9111581,"midday",-1.28
"614","PIJE","P. jeffreyi","PIJE_New_1_1","new",2020-08-04,2020,"CZO",160.0049722,"midday",-2.545
"615","PIJE","P. jeffreyi","PIJE_New_1_1","new",2020-08-26,2020,"CZO",162.7884124,"midday",-2.2125
"616","PIJE","P. jeffreyi","PIJE_New_1_1","new",2020-10-19,2020,"SEKI",130.5198147,"midday",-2.2975
"617","PIJE","P. jeffreyi","PIJE_new_1_1.1","new",2021-05-15,2021,"CZO",109.6734842,"midday",-1.77
"618","PIJE","P. jeffreyi","PIJE_new_1_1.1","new",2021-07-08,2021,"CZO",195.9679988,"midday",-2.05
"619","PIJE","P. jeffreyi","PIJE_new_1_1.1","new",2021-07-30,2021,"CZO",153.7159991,"midday",-2.73
"620","PIJE","P. jeffreyi","PIJE_new_1_1.1","new",2021-08-19,2021,"CZO",295.7245592,"midday",-2.473333333
"621","PIJE","P. jeffreyi","PIJE_new_1_1.1","new",2021-09-16,2021,"CZO",164.5225188,"midday",-2.785
"622","PIJE","P. jeffreyi","PIJE_new_1_1.1","new",2021-10-16,2021,"CZO",145.0247798,"midday",-2.24
"623","PIJE","P. jeffreyi","PIJE_new_1_1.2","new",2021-05-15,2021,"CZO",97.4258467,"midday",-1.86
"624","PIJE","P. jeffreyi","PIJE_new_1_1.2","new",2021-06-16,2021,"CZO",238.3103822,"midday",-2.915
"625","PIJE","P. jeffreyi","PIJE_new_1_1.2","new",2021-07-08,2021,"CZO",176.7522602,"midday",-2.725
"626","PIJE","P. jeffreyi","PIJE_new_1_1.2","new",2021-07-30,2021,"CZO",150.2232304,"midday",-2.81
"627","PIJE","P. jeffreyi","PIJE_new_1_1.2","new",2021-08-19,2021,"CZO",147.2688142,"midday",-2.5
"628","PIJE","P. jeffreyi","PIJE_new_1_1.2","new",2021-09-16,2021,"CZO",97.22355831,"midday",-3.003333333
"629","PIJE","P. jeffreyi","PIJE_new_1_1.2","new",2021-10-16,2021,"CZO",127.7818792,"midday",-2.31
"630","PIJE","P. jeffreyi","PIJE_new_1_1.3","new",2021-05-15,2021,"CZO",98.84848219,"midday",-1.595
"631","PIJE","P. jeffreyi","PIJE_new_1_1.3","new",2021-06-16,2021,"CZO",251.8070978,"midday",-2.215
"632","PIJE","P. jeffreyi","PIJE_new_1_1.3","new",2021-07-08,2021,"CZO",180.4331793,"midday",-2.545
"633","PIJE","P. jeffreyi","PIJE_new_1_1.3","new",2021-07-30,2021,"CZO",151.2818307,"midday",-3.03
"634","PIJE","P. jeffreyi","PIJE_new_1_1.3","new",2021-09-16,2021,"CZO",154.3142212,"midday",-2.465
"635","PIJE","P. jeffreyi","PIJE_new_1_1.3","new",2021-10-16,2021,"CZO",138.1039872,"midday",-1.95
"636","PIJE","P. jeffreyi","PIJE_new_1_1.4","new",2021-05-15,2021,"CZO",95.35045518,"midday",-1.49
"637","PIJE","P. jeffreyi","PIJE_new_1_1.4","new",2021-07-08,2021,"CZO",225.1157723,"midday",-2.08
"638","PIJE","P. jeffreyi","PIJE_new_1_1.4","new",2021-07-08,2021,"CZO",154.1603603,"midday",-2.62
"639","PIJE","P. jeffreyi","PIJE_new_1_1.4","new",2021-07-30,2021,"CZO",111.2925375,"midday",-2.336666667
"640","PIJE","P. jeffreyi","PIJE_new_1_1.4","new",2021-08-19,2021,"CZO",56.9088379,"midday",-2.36
"641","PIJE","P. jeffreyi","PIJE_new_1_1.4","new",2021-09-16,2021,"CZO",116.836012,"midday",-2.67
"642","PIJE","P. jeffreyi","PIJE_new_1_1.4","new",2021-10-16,2021,"CZO",125.2084087,"midday",-1.675
"643","PIJE","P. jeffreyi","PIJE_new_1_1.5","new",2021-06-16,2021,"CZO",273.316913,"midday",-3.02
"644","PIJE","P. jeffreyi","PIJE_new_1_1.5","new",2021-07-08,2021,"CZO",203.848283,"midday",-2.2
"645","PIJE","P. jeffreyi","PIJE_new_1_1.5","new",2021-07-30,2021,"CZO",163.2239773,"midday",-2.33
"646","PIJE","P. jeffreyi","PIJE_new_1_1.5","new",2021-08-19,2021,"CZO",136.6686997,"midday",-2.07
"647","PIJE","P. jeffreyi","PIJE_new_1_1.5","new",2021-09-16,2021,"CZO",57.86318217,"midday",-2.195
"648","PIJE","P. jeffreyi","PIJE_new_1_1.5","new",2021-10-16,2021,"CZO",146.5459481,"midday",-1.68
"649","PIJE","P. jeffreyi","PIJE_new_1_1.6","new",2021-05-15,2021,"CZO",108.0045563,"midday",-1.265
"650","PIJE","P. jeffreyi","PIJE_new_1_1.6","new",2021-06-16,2021,"CZO",257.5630252,"midday",-2.475
"651","PIJE","P. jeffreyi","PIJE_new_1_1.6","new",2021-07-08,2021,"CZO",181.6213998,"midday",-1.495
"652","PIJE","P. jeffreyi","PIJE_new_1_1.6","new",2021-07-30,2021,"CZO",142.4598624,"midday",-2.35
"653","PIJE","P. jeffreyi","PIJE_new_1_1.6","new",2021-08-19,2021,"CZO",135.610396,"midday",-2.35
"654","PIJE","P. jeffreyi","PIJE_new_1_1.6","new",2021-09-16,2021,"CZO",131.73046,"midday",-2.755
"655","PIJE","P. jeffreyi","PIJE_new_1_1.6","new",2021-10-16,2021,"CZO",128.7328916,"midday",-1.71
"656","PIJE","P. jeffreyi","PIJE_New_1_2","new",2020-08-04,2020,"CZO",168.2416553,"midday",-2.5
"657","PIJE","P. jeffreyi","PIJE_New_1_2","new",2020-08-26,2020,"CZO",146.6145505,"midday",-2.391
"658","PIJE","P. jeffreyi","PIJE_New_1_3","new",2020-08-26,2020,"CZO",146.7154952,"midday",-2.583
"659","PIJE","P. jeffreyi","PIJE_New_1_4","new",2020-08-04,2020,"CZO",140.8168656,"midday",-2.5
"660","PIJE","P. jeffreyi","PIJE_New_1_4","new",2020-08-26,2020,"CZO",133.5603703,"midday",-2.466
"661","PIJE","P. jeffreyi","PIJE_New_1_5","new",2020-08-04,2020,"CZO",103.1400113,"midday",-2.64
"662","PIJE","P. jeffreyi","PIJE_New_1_5","new",2020-08-26,2020,"CZO",143.7079863,"midday",-2.7615
"663","PIJE","P. jeffreyi","PIJE_New_1_6","new",2020-08-04,2020,"CZO",147.4465809,"midday",-2.525
"664","PIJE","P. jeffreyi","PIJE_New_1_6","new",2020-08-26,2020,"CZO",138.1664815,"midday",-2.331
"665","PIJE","P. jeffreyi","PIJE_New_2_2","new",2020-10-19,2020,"SEKI",127.1193197,"midday",-2.9545
"666","PIJE","P. jeffreyi","PIJE_New_2_3","new",2020-10-19,2020,"SEKI",128.6168834,"midday",-3.343
"667","PIJE","P. jeffreyi","PIJE_New_2_4","new",2020-10-19,2020,"SEKI",134.9276003,"midday",-2.734
"668","PIJE","P. jeffreyi","PIJE_New_2_5","new",2020-10-19,2020,"SEKI",135.4219388,"midday",-2.871
"669","PIJE","P. jeffreyi","PIJE_New_2_6","new",2020-10-19,2020,"SEKI",128.9390273,"midday",-2.389
"670","PIJE","P. jeffreyi","PIJE_O_1_1.1","old",2021-04-24,2021,"CZO",110.760947,"midday",-0.88
"671","PIJE","P. jeffreyi","PIJE_O_1_1.2","old",2021-04-24,2021,"CZO",93.60528989,"midday",-1.13
"672","PIJE","P. jeffreyi","PIJE_O_1_1.3","old",2021-04-24,2021,"CZO",100.9473234,"midday",-1.275
"673","PIJE","P. jeffreyi","PIJE_O_1_1.3","old",2021-04-24,2021,"CZO",106.2587628,"midday",-1.13
"674","PIJE","P. jeffreyi","PIJE_O_1_1.4","old",2021-04-24,2021,"CZO",86.9029508,"midday",-1.28
"675","PIJE","P. jeffreyi","PIJE_O_1_1.5","old",2021-04-24,2021,"CZO",96.03702951,"midday",-1.25
"676","PIJE","P. jeffreyi","PIJE_O_1_1.6","old",2021-04-24,2021,"CZO",90.27451447,"midday",-1.13
"677","PIJE","P. jeffreyi","PIJE_Old_1_1","old",2020-08-04,2020,"CZO",114.1684828,"midday",-2.545
"678","PIJE","P. jeffreyi","PIJE_Old_1_1","old",2020-08-26,2020,"CZO",121.9914709,"midday",-2.2125
"679","PIJE","P. jeffreyi","PIJE_old_1_1.1","old",2021-05-15,2021,"CZO",87.82022544,"midday",-1.77
"680","PIJE","P. jeffreyi","PIJE_old_1_1.1","old",2021-06-16,2021,"CZO",98.08319161,"midday",-1.96
"681","PIJE","P. jeffreyi","PIJE_old_1_1.1","old",2021-07-08,2021,"CZO",118.5148087,"midday",-2.05
"682","PIJE","P. jeffreyi","PIJE_old_1_1.1","old",2021-08-19,2021,"CZO",112.9831024,"midday",-2.473333333
"683","PIJE","P. jeffreyi","PIJE_old_1_1.1","old",2021-09-16,2021,"CZO",123.2526287,"midday",-2.785
"684","PIJE","P. jeffreyi","PIJE_old_1_1.1","old",2021-10-16,2021,"CZO",111.5251153,"midday",-2.24
"685","PIJE","P. jeffreyi","PIJE_old_1_1.2","old",2021-05-15,2021,"CZO",81.3871521,"midday",-1.86
"686","PIJE","P. jeffreyi","PIJE_old_1_1.2","old",2021-06-16,2021,"CZO",86.0590638,"midday",-2.915
"687","PIJE","P. jeffreyi","PIJE_old_1_1.2","old",2021-07-08,2021,"CZO",94.13435584,"midday",-2.725
"688","PIJE","P. jeffreyi","PIJE_old_1_1.2","old",2021-08-19,2021,"CZO",98.90660867,"midday",-2.5
"689","PIJE","P. jeffreyi","PIJE_old_1_1.2","old",2021-09-16,2021,"CZO",103.1257255,"midday",-3.003333333
"690","PIJE","P. jeffreyi","PIJE_old_1_1.2","old",2021-10-16,2021,"CZO",99.59355568,"midday",-2.31
"691","PIJE","P. jeffreyi","PIJE_old_1_1.3","old",2021-05-15,2021,"CZO",90.36554954,"midday",-1.595
"692","PIJE","P. jeffreyi","PIJE_old_1_1.3","old",2021-06-16,2021,"CZO",85.15040352,"midday",-2.215
"693","PIJE","P. jeffreyi","PIJE_old_1_1.3","old",2021-07-08,2021,"CZO",96.02915284,"midday",-2.545
"694","PIJE","P. jeffreyi","PIJE_old_1_1.3","old",2021-08-19,2021,"CZO",96.67887189,"midday",-2.256666667
"695","PIJE","P. jeffreyi","PIJE_old_1_1.3","old",2021-09-16,2021,"CZO",94.02468497,"midday",-2.465
"696","PIJE","P. jeffreyi","PIJE_old_1_1.3","old",2021-10-16,2021,"CZO",116.7717689,"midday",-1.95
"697","PIJE","P. jeffreyi","PIJE_old_1_1.4","old",2021-05-15,2021,"CZO",82.67709691,"midday",-1.49
"698","PIJE","P. jeffreyi","PIJE_old_1_1.4","old",2021-06-16,2021,"CZO",78.19259337,"midday",-2.465
"699","PIJE","P. jeffreyi","PIJE_old_1_1.4","old",2021-07-08,2021,"CZO",97.50575193,"midday",-2.62
"700","PIJE","P. jeffreyi","PIJE_old_1_1.4","old",2021-08-19,2021,"CZO",100.0400771,"midday",-2.36
"701","PIJE","P. jeffreyi","PIJE_old_1_1.4","old",2021-09-16,2021,"CZO",90.84050762,"midday",-2.67
"702","PIJE","P. jeffreyi","PIJE_old_1_1.4","old",2021-10-16,2021,"CZO",96.1500666,"midday",-1.675
"703","PIJE","P. jeffreyi","PIJE_old_1_1.5","old",2021-06-16,2021,"CZO",90.4424476,"midday",-3.02
"704","PIJE","P. jeffreyi","PIJE_old_1_1.5","old",2021-07-08,2021,"CZO",104.7266543,"midday",-2.2
"705","PIJE","P. jeffreyi","PIJE_old_1_1.5","old",2021-08-19,2021,"CZO",101.7699502,"midday",-2.07
"706","PIJE","P. jeffreyi","PIJE_old_1_1.5","old",2021-09-16,2021,"CZO",103.2763533,"midday",-2.195
"707","PIJE","P. jeffreyi","PIJE_old_1_1.5","old",2021-10-16,2021,"CZO",125.5796141,"midday",-1.68
"708","PIJE","P. jeffreyi","PIJE_old_1_1.6","old",2021-05-15,2021,"CZO",88.784219,"midday",-1.265
"709","PIJE","P. jeffreyi","PIJE_old_1_1.6","old",2021-06-16,2021,"CZO",93.12428363,"midday",-2.475
"710","PIJE","P. jeffreyi","PIJE_old_1_1.6","old",2021-07-08,2021,"CZO",96.64743372,"midday",-1.495
"711","PIJE","P. jeffreyi","PIJE_old_1_1.6","old",2021-08-19,2021,"CZO",109.4378408,"midday",-2.35
"712","PIJE","P. jeffreyi","PIJE_old_1_1.6","old",2021-09-16,2021,"CZO",98.53505406,"midday",-2.755
"713","PIJE","P. jeffreyi","PIJE_old_1_1.6","old",2021-10-16,2021,"CZO",99.26729826,"midday",-1.71
"714","PIJE","P. jeffreyi","PIJE_Old_1_2","old",2020-08-04,2020,"CZO",105.7785396,"midday",-2.5
"715","PIJE","P. jeffreyi","PIJE_Old_1_3","old",2020-08-04,2020,"CZO",104.9124033,"midday",-2.18
"716","PIJE","P. jeffreyi","PIJE_Old_1_3","old",2020-08-26,2020,"CZO",117.0021908,"midday",-2.583
"717","PIJE","P. jeffreyi","PIJE_Old_1_4","old",2020-08-04,2020,"CZO",103.5976542,"midday",-2.5
"718","PIJE","P. jeffreyi","PIJE_Old_1_4","old",2020-08-26,2020,"CZO",104.972759,"midday",-2.466
"719","PIJE","P. jeffreyi","PIJE_Old_1_5","old",2020-08-04,2020,"CZO",103.8800773,"midday",-2.64
"720","PIJE","P. jeffreyi","PIJE_Old_1_5","old",2020-08-26,2020,"CZO",109.2441034,"midday",-2.7615
"721","PIJE","P. jeffreyi","PIJE_Old_1_6","old",2020-08-04,2020,"CZO",99.32443868,"midday",-2.525
"722","PIJE","P. jeffreyi","PIJE_Old_1_6","old",2020-08-26,2020,"CZO",107.5002897,"midday",-2.331
"723","QUKE","Q. kelloggii","QUKE_New_1_1","new",2020-08-04,2020,"CZO",101.8884819,"midday",-2.91
"724","QUKE","Q. kelloggii","QUKE_New_1_1","new",2020-08-26,2020,"CZO",105.2774849,"midday",-3.6655
"725","QUKE","Q. kelloggii","QUKE_New_1_1","new",2020-10-19,2020,"SEKI",89.65155087,"midday",-3.8435
"726","QUKE","Q. kelloggii","QUKE_New_1_2","new",2020-08-04,2020,"CZO",94.99868893,"midday",-2.6
"727","QUKE","Q. kelloggii","QUKE_New_1_2","new",2020-08-26,2020,"CZO",104.7241781,"midday",-3.177
"728","QUKE","Q. kelloggii","QUKE_New_1_2","new",2020-10-19,2020,"SEKI",84.36975632,"midday",-4.3985
"729","QUKE","Q. kelloggii","QUKE_New_1_3","new",2020-08-04,2020,"CZO",92.29246744,"midday",-2.975
"730","QUKE","Q. kelloggii","QUKE_New_1_3","new",2020-08-26,2020,"CZO",100.06866,"midday",-3.8585
"731","QUKE","Q. kelloggii","QUKE_New_1_3","new",2020-10-19,2020,"SEKI",99.54154524,"midday",-3.5565
"732","QUKE","Q. kelloggii","QUKE_New_1_4","new",2020-08-04,2020,"CZO",104.6512714,"midday",-3.49
"733","QUKE","Q. kelloggii","QUKE_New_1_4","new",2020-08-26,2020,"CZO",106.1939749,"midday",-3.691
"734","QUKE","Q. kelloggii","QUKE_New_1_4","new",2020-10-19,2020,"SEKI",89.25745619,"midday",-4.122
"735","QUKE","Q. kelloggii","QUKE_New_1_5","new",2020-08-04,2020,"CZO",94.54095081,"midday",-2.545
"736","QUKE","Q. kelloggii","QUKE_New_1_5","new",2020-08-26,2020,"CZO",103.3352938,"midday",-3.203
"737","QUKE","Q. kelloggii","QUKE_New_1_5","new",2020-10-19,2020,"SEKI",88.51532282,"midday",-3.9305
"738","QUKE","Q. kelloggii","QUKE_New_1_6","new",2020-08-04,2020,"CZO",93.17393413,"midday",-3.115
"739","QUKE","Q. kelloggii","QUKE_New_1_6","new",2020-08-26,2020,"CZO",89.31427893,"midday",-3.061
"740","QUKE","Q. kelloggii","QUKE_New_1_6","new",2020-10-19,2020,"SEKI",78.80889837,"midday",-2.4995
"741","QUKE","Q. kelloggii","QUKE_old_1_1.1","new",2021-06-16,2021,"CZO",186.6985534,"midday",-1.895
"742","QUKE","Q. kelloggii","QUKE_old_1_1.1","new",2021-07-08,2021,"CZO",69.57057443,"midday",-2.9
"743","QUKE","Q. kelloggii","QUKE_old_1_1.1","new",2021-07-30,2021,"CZO",107.7238093,"midday",-3.52
"744","QUKE","Q. kelloggii","QUKE_old_1_1.1","new",2021-08-19,2021,"CZO",101.6199305,"midday",-3.68
"745","QUKE","Q. kelloggii","QUKE_old_1_1.1","new",2021-09-16,2021,"CZO",101.2242525,"midday",-4.383333333
"746","QUKE","Q. kelloggii","QUKE_old_1_1.1","new",2021-10-16,2021,"CZO",101.5393922,"midday",-3.415
"747","QUKE","Q. kelloggii","QUKE_old_1_1.2","new",2021-06-16,2021,"CZO",128.8229489,"midday",-2.16
"748","QUKE","Q. kelloggii","QUKE_old_1_1.2","new",2021-07-08,2021,"CZO",111.499029,"midday",-2.83
"749","QUKE","Q. kelloggii","QUKE_old_1_1.2","new",2021-07-30,2021,"CZO",98.25927324,"midday",-3.205
"750","QUKE","Q. kelloggii","QUKE_old_1_1.2","new",2021-08-19,2021,"CZO",94.76302125,"midday",-3.355
"751","QUKE","Q. kelloggii","QUKE_old_1_1.2","new",2021-09-16,2021,"CZO",89.70374465,"midday",-3.076666667
"752","QUKE","Q. kelloggii","QUKE_old_1_1.2","new",2021-10-16,2021,"CZO",94.44287143,"midday",-3.31
"753","QUKE","Q. kelloggii","QUKE_old_1_1.3","new",2021-06-16,2021,"CZO",128.5107551,"midday",-2.375
"754","QUKE","Q. kelloggii","QUKE_old_1_1.3","new",2021-07-08,2021,"CZO",106.3207743,"midday",-3.65
"755","QUKE","Q. kelloggii","QUKE_old_1_1.3","new",2021-07-30,2021,"CZO",94.5972857,"midday",-4.145
"756","QUKE","Q. kelloggii","QUKE_old_1_1.3","new",2021-08-19,2021,"CZO",90.06370191,"midday",-3.753333333
"757","QUKE","Q. kelloggii","QUKE_old_1_1.3","new",2021-09-16,2021,"CZO",85.16810809,"midday",-4.425
"758","QUKE","Q. kelloggii","QUKE_old_1_1.3","new",2021-10-16,2021,"CZO",104.1753552,"midday",-3.99
"759","QUKE","Q. kelloggii","QUKE_old_1_1.4","new",2021-06-16,2021,"CZO",98.14276514,"midday",-3.586666667
"760","QUKE","Q. kelloggii","QUKE_old_1_1.4","new",2021-07-08,2021,"CZO",111.7130933,"midday",-3.66
"761","QUKE","Q. kelloggii","QUKE_old_1_1.4","new",2021-07-30,2021,"CZO",94.18793556,"midday",-3.86
"762","QUKE","Q. kelloggii","QUKE_old_1_1.4","new",2021-08-19,2021,"CZO",89.06004205,"midday",-3.54
"763","QUKE","Q. kelloggii","QUKE_old_1_1.4","new",2021-09-16,2021,"CZO",90.0102496,"midday",-4.115
"764","QUKE","Q. kelloggii","QUKE_old_1_1.4","new",2021-10-16,2021,"CZO",108.1937779,"midday",-3.52
"765","QUKE","Q. kelloggii","QUKE_old_1_1.5","new",2021-06-16,2021,"CZO",221.6198325,"midday",-1.69
"766","QUKE","Q. kelloggii","QUKE_old_1_1.5","new",2021-07-08,2021,"CZO",117.004306,"midday",-2.99
"767","QUKE","Q. kelloggii","QUKE_old_1_1.5","new",2021-07-30,2021,"CZO",108.3156145,"midday",-3.235
"768","QUKE","Q. kelloggii","QUKE_old_1_1.5","new",2021-08-19,2021,"CZO",97.65226671,"midday",-3.01
"769","QUKE","Q. kelloggii","QUKE_old_1_1.5","new",2021-09-16,2021,"CZO",106.3481037,"midday",-2.735
"770","QUKE","Q. kelloggii","QUKE_old_1_1.6","new",2021-06-16,2021,"CZO",208.8373526,"midday",-1.716666667
"771","QUKE","Q. kelloggii","QUKE_old_1_1.6","new",2021-07-08,2021,"CZO",122.6487504,"midday",-2.735
"772","QUKE","Q. kelloggii","QUKE_old_1_1.6","new",2021-07-30,2021,"CZO",90.28462412,"midday",-3.075
"773","QUKE","Q. kelloggii","QUKE_old_1_1.6","new",2021-08-19,2021,"CZO",90.6104442,"midday",-3.09
"774","QUKE","Q. kelloggii","QUKE_old_1_1.6","new",2021-09-16,2021,"CZO",92.36416696,"midday",-3.67
"775","QUKE","Q. kelloggii","QUKE_old_1_1.6","new",2021-10-16,2021,"CZO",101.9237184,"midday",-3.04
