"","Species","date","mwp","lfm","study"
"1","ADEFAS","21-Oct",-4.38,0.584314486,"Pepperwood"
"2","ADEFAS","21-Oct",-3.7,0.671220527,"Pepperwood"
"3","ADEFAS","21-Oct",-2.98,0.625402086,"Pepperwood"
"4","ADEFAS","21-Oct",-3.25,0.721184867,"Pepperwood"
"5","ADEFAS","21-Oct",-5.43,0.579219755,"Pepperwood"
"6","ADEFAS","21-Oct",-4.95,0.641992379,"Pepperwood"
"7","ADEFAS","21-Oct",-4.53,0.661111111,"Pepperwood"
"8","ADEFAS","21-Oct",-3.45,0.671662568,"Pepperwood"
"9","ARBMEN","21-Oct",-2,1.278266522,"Pepperwood"
"10","ARBMEN","21-Oct",-2.88,1.144009132,"Pepperwood"
"11","ARBMEN","21-Oct",-2.83,1.147782349,"Pepperwood"
"12","ARBMEN","21-Oct",-1.98,1.400414108,"Pepperwood"
"13","ARBMEN","21-Oct",-2.63,1.264533139,"Pepperwood"
"14","ARBMEN","21-Oct",-5.55,0.997672924,"Pepperwood"
"15",NA,"21-Oct",-2.66,1.196086485,"Pepperwood"
"16",NA,"21-Oct",-2.3,1.242223114,"Pepperwood"
"19","CEACUN","21-Oct",-7,0.564123163,"Pepperwood"
"20","CEACUN","21-Oct",-6.1,0.650413253,"Pepperwood"
"24","CEAPAR","21-Oct",-4.3,0.680411238,"Pepperwood"
"25","CEACUN","21-Oct",-6.1,0.620528587,"Pepperwood"
"26","CEAPAR","21-Oct",-4.23,0.726448975,"Pepperwood"
"27","CEAPAR","21-Oct",-3.28,0.843124292,"Pepperwood"
"28","CEAPAR","21-Oct",-3.9,0.678806528,"Pepperwood"
"29","CEAPAR","21-Oct",-3.57,0.827752707,"Pepperwood"
"30","CEAPAR","21-Oct",-3.43,0.74622315,"Pepperwood"
"31","HETARB","21-Oct",-3.53,0.861461488,"Pepperwood"
"32","HETARB","21-Oct",-3.73,0.920271816,"Pepperwood"
"33","HETARB","21-Oct",-2.6,0.920118454,"Pepperwood"
"34","HETARB","21-Oct",-2.38,0.969629886,"Pepperwood"
"35","HETARB","21-Oct",-3.49,0.859009946,"Pepperwood"
"36","HETARB","21-Oct",-3.08,0.89573607,"Pepperwood"
"37","PSEMEN","21-Oct",-2.3,1.307662577,"Pepperwood"
"38","PSEMEN","21-Oct",-2.23,1.215720367,"Pepperwood"
"39","PSEMEN","21-Oct",-2.4,1.189199656,"Pepperwood"
"40","PSEMEN","21-Oct",-2.3,1.187939718,"Pepperwood"
"41","PSEMEN","21-Oct",-2.75,1.264121005,"Pepperwood"
"42","PSEMEN","21-Oct",-2.48,1.123719849,"Pepperwood"
"43","QUEAGR","21-Oct",-3.6,0.883302812,"Pepperwood"
"44","QUEAGR","21-Oct",-3.43,0.681923508,"Pepperwood"
"45","QUEAGR","21-Oct",-3.03,0.795505733,"Pepperwood"
"46","QUEAGR","21-Oct",-1.78,0.860920709,"Pepperwood"
"47","QUEAGR","21-Oct",-1.65,0.898304996,"Pepperwood"
"48","QUEAGR","21-Oct",-3.5,0.803223525,"Pepperwood"
"49","QUEDOU","21-Oct",-4.48,0.447947395,"Pepperwood"
"50","QUEDOU","21-Oct",-3.69,0.799913047,"Pepperwood"
"51","QUEDOU","21-Oct",-4.93,0.700167662,"Pepperwood"
"52","QUEDOU","21-Oct",-5.86,0.91333248,"Pepperwood"
"53","QUEDOU","21-Oct",-4.7,0.76995303,"Pepperwood"
"54","QUEDOU","21-Oct",-5.7,0.658393785,"Pepperwood"
"55","QUEDUR","21-Oct",-3,0.642868762,"Pepperwood"
"56","QUEDUR","21-Oct",-3.58,0.729916234,"Pepperwood"
"57","QUEDUR","21-Oct",-3.55,0.726486372,"Pepperwood"
"58","QUEDUR","21-Oct",-2.55,0.73762785,"Pepperwood"
"59","QUEDUR","21-Oct",-3.23,0.663273416,"Pepperwood"
"60","QUEDUR","21-Oct",-2.5,0.741136309,"Pepperwood"
"61","QUEGAR","21-Oct",-4.65,0.741709858,"Pepperwood"
"62","QUEGAR","21-Oct",-5.2,0.80826202,"Pepperwood"
"63","QUEGAR","21-Oct",-3.23,0.847712906,"Pepperwood"
"64","QUEGAR","21-Oct",-5.4,0.706968294,"Pepperwood"
"65","QUEGAR","21-Oct",-4.63,0.761625559,"Pepperwood"
"66","QUEGAR","21-Oct",-4.6,0.843898212,"Pepperwood"
"67","QUEKEL","21-Oct",-4.47,0.914238534,"Pepperwood"
"68","QUEKEL","21-Oct",-4.48,0.876059156,"Pepperwood"
"69","QUEKEL","21-Oct",-3.28,0.877132291,"Pepperwood"
"70","QUEKEL","21-Oct",-4.72,0.839845336,"Pepperwood"
"71","QUEKEL","21-Oct",-4.75,0.898006801,"Pepperwood"
"72","QUEKEL","21-Oct",-2.63,0.856270199,"Pepperwood"
"73","UMBCAL","21-Oct",-2.75,1.099858213,"Pepperwood"
"74","UMBCAL","21-Oct",-2.35,1.011867545,"Pepperwood"
"75","UMBCAL","21-Oct",-2.65,0.928036816,"Pepperwood"
"76","UMBCAL","21-Oct",-2.52,1.119425868,"Pepperwood"
"77","UMBCAL","21-Oct",-2.45,1.143309835,"Pepperwood"
"78","UMBCAL","21-Oct",-2.93,1.086683609,"Pepperwood"
"79","QUEGAR","22-Jun",-1.56,0.94005994,"Pepperwood"
"80","QUEDUR","22-Jun",-0.23,0.953642384,"Pepperwood"
"81","HETARB","22-Jun",-1.59,1.381935484,"Pepperwood"
"82","ADEFAS","22-Jun",-0.96,1.233128834,"Pepperwood"
"83","HETARB","22-Jun",-0.83,1.443365696,"Pepperwood"
"84","ADEFAS","22-Jun",-0.64,0.963882619,"Pepperwood"
"85","HETARB","22-Jun",-1.25,1.57837181,"Pepperwood"
"86","HETARB","22-Jun",-1.4,1.902158273,"Pepperwood"
"87","ADEFAS","22-Jun",-1.13,1.082706767,"Pepperwood"
"88","ADEFAS","22-Jun",-0.9,1.142307692,"Pepperwood"
"89","QUEAGR","22-Jun",-1.48,1.155672823,"Pepperwood"
"90","CEACUN","22-Jun",-1.58,1.322946176,"Pepperwood"
"91","CEACUN","22-Jun",-2.45,1.163978495,"Pepperwood"
"92","CEACUN","22-Jun",-2.73,1.225705329,"Pepperwood"
"93","ADEFAS","22-Jun",-2.55,0.864150943,"Pepperwood"
"94","ADEFAS","22-Jun",-2.05,0.816777042,"Pepperwood"
"95","CEAPAR","22-Jun",-0.9,1.658682635,"Pepperwood"
"96","CEAPAR","22-Jun",-2.1,1.338078292,"Pepperwood"
"97","CEAPAR","22-Jun",-2.68,1.077777778,"Pepperwood"
"98","QUEAGR","22-Jun",-1.68,1.066365008,"Pepperwood"
"99","QUEDOU","22-Jun",-1.66,1.031869078,"Pepperwood"
"100","QUEKEL","22-Jun",-0.61,0.993553009,"Pepperwood"
"101","QUEAGR","22-Jun",-1.42,1.051075269,"Pepperwood"
"102","QUEKEL","22-Jun",-1.32,1.114448052,"Pepperwood"
"103","QUEGAR","22-Jun",-2.25,1.079819277,"Pepperwood"
"104","QUEGAR","22-Jun",-2.43,0.9348659,"Pepperwood"
"105","QUEKEL","22-Jun",-1.83,1.126344086,"Pepperwood"
"106","QUEKEL","22-Jun",-1.83,1.041310541,"Pepperwood"
"107","QUEDOU","22-Jun",-1.23,1.252118644,"Pepperwood"
"108","QUEKEL","22-Jun",-1.59,1.008973081,"Pepperwood"
"109","UMBCAL","22-Jun",-1.45,1.4375,"Pepperwood"
"110","QUEAGR","22-Jun",-0.96,0.956140351,"Pepperwood"
"111","QUEAGR","22-Jun",-0.28,1.454368932,"Pepperwood"
"112","UMBCAL","22-Jun",-0.68,1.354666667,"Pepperwood"
"113","UMBCAL","22-Jun",-1.33,1.234269119,"Pepperwood"
"114","UMBCAL","22-Jun",-0.96,1.648444863,"Pepperwood"
"115","UMBCAL","22-Jun",-0.43,2.295739348,"Pepperwood"
"116","PSEMEN","22-Jun",-1.01,1.427350427,"Pepperwood"
"117","QUEDOU","22-Jun",-2.65,1.045822102,"Pepperwood"
"118","QUEDOU","22-Jun",-1.63,1.095679012,"Pepperwood"
"119","QUEDOU","22-Jun",-0.97,1.211081794,"Pepperwood"
"120","QUEAGR","22-Jun",-1.71,1.037634409,"Pepperwood"
"121","QUEGAR","22-Jun",-1.23,0.857418112,"Pepperwood"
"122","QUEDOU","22-Jun",-1.87,1.009160305,"Pepperwood"
"123","PSEMEN","22-Jun",-1.53,1.338790932,"Pepperwood"
"124","QUEKEL","22-Jun",-2.7,1.255912162,"Pepperwood"
"125","ARBMEN","22-Jun",-1.72,1.787968442,"Pepperwood"
"126","ARBMEN","22-Jun",-1.7,1.858657244,"Pepperwood"
"127","ARBMEN","22-Jun",-1.83,1.617021277,"Pepperwood"
"128","ARBMEN","22-Jun",-1.8,2.050669216,"Pepperwood"
"129","PSEMEN","22-Jun",-2.05,1.123275069,"Pepperwood"
"130","PSEMEN","22-Jun",-1.83,1.170391061,"Pepperwood"
"131","QUEGAR","22-Jun",-2.63,1.067497404,"Pepperwood"
"132","QUEGAR","22-Jun",-2.9,1.121590909,"Pepperwood"
"133","PSEMEN","22-Jun",-1.93,1.245517241,"Pepperwood"
"134","PSEMEN","22-Jun",-1.83,1.154711674,"Pepperwood"
"135","UMBCAL","22-Jun",-1,1.269083969,"Pepperwood"
"136","ARBMEN","22-Jun",-1.12,1.489925769,"Pepperwood"
"137","ARBMEN","22-Jun",-1.75,1.551724138,"Pepperwood"
"138","QUEDUR","22-Jun",-0.77,1.379844961,"Pepperwood"
"139","QUEDUR","22-Jun",-0.42,1.13028169,"Pepperwood"
"140","HETARB","22-Jun",-1.11,1.231923602,"Pepperwood"
"141","QUEDUR","22-Jun",-0.45,1.058282209,"Pepperwood"
"142","QUEDUR","22-Jun",-0.73,0.993569132,"Pepperwood"
"143","HETARB","22-Jun",-1.25,1.624203822,"Pepperwood"
"144","ADEFAS","22-Jun",-0.79,0.922178988,"Pepperwood"
"145","QUEDUR","22-Jun",-0.63,1.11722488,"Pepperwood"
"146","ADEFAS","22-Jun",-1.03,1.025316456,"Pepperwood"
"148","ADEFAS","8/17/15",-4.27,0.6342,"StuntRanch"
"149","ADEFAS","8/17/15",-4.27,0.6287,"StuntRanch"
"150","ADEFAS","8/17/15",-5.38,0.7352,"StuntRanch"
"151","ADEFAS","8/17/15",-5.38,0.5021,"StuntRanch"
"152","ADEFAS","8/17/15",-5.52,0.6214,"StuntRanch"
"153","CERBET","8/17/15",-4.96,0.6082,"StuntRanch"
"154","CERBET","8/17/15",-5.1,0.6351,"StuntRanch"
"155","CEASPI","8/17/15",-4.83,0.7602,"StuntRanch"
"156","CEASPI","8/17/15",-4.9,0.7729,"StuntRanch"
"157","CEASPI","8/17/15",-4.96,0.8172,"StuntRanch"
"158","HETARB","8/17/15",-3.31,0.8876,"StuntRanch"
"159","HETARB","8/17/15",-3.45,0.872,"StuntRanch"
"160","HETARB","8/17/15",-3.86,0.8975,"StuntRanch"
"161","HETARB","8/17/15",-3.86,0.9041,"StuntRanch"
"162","MALLAU","8/17/15",-1.79,1.196,"StuntRanch"
"163","MALLAU","8/17/15",-1.86,1.1863,"StuntRanch"
"164","MALLAU","8/17/15",-1.93,1.2293,"StuntRanch"
"165","QUEAGR","8/17/15",-2.62,0.7451,"StuntRanch"
"166","QUEAGR","8/17/15",-2.76,0.7557,"StuntRanch"
"167","QUEAGR","8/17/15",-2.93,0.7547,"StuntRanch"
"168","QUEBER","8/17/15",-3.86,0.6724,"StuntRanch"
"169","QUEBER","8/17/15",-4,0.6312,"StuntRanch"
"170","QUEBER","8/17/15",-4.27,0.6806,"StuntRanch"
"171","QUEBER","8/17/15",-4.27,0.6582,"StuntRanch"
"172","ADEFAS","9/16/15",-3.45,0.5811,"StuntRanch"
"173","ADEFAS","9/16/15",-4.34,0.554,"StuntRanch"
"174","ADEFAS","9/16/15",-4.48,0.5453,"StuntRanch"
"175","ADEFAS","9/16/15",-4.83,0.5725,"StuntRanch"
"176","CERBET","9/16/15",-1.72,0.6515,"StuntRanch"
"177","CERBET","9/16/15",-2.07,0.6647,"StuntRanch"
"178","CERBET","9/16/15",-2.76,0.5733,"StuntRanch"
"179","CERBET","9/16/15",-3.03,0.6379,"StuntRanch"
"180","CERBET","9/16/15",-3.31,0.5744,"StuntRanch"
"181","CEASPI","9/16/15",-2.28,0.6753,"StuntRanch"
"182","CEASPI","9/16/15",-2.69,0.7294,"StuntRanch"
"183","CEASPI","9/16/15",-2.76,0.7326,"StuntRanch"
"184","CEASPI","9/16/15",-3,0.712,"StuntRanch"
"185","CEASPI","9/16/15",-5.1,0.6973,"StuntRanch"
"186","ERIFAS","9/16/15",-2.21,0.6202,"StuntRanch"
"187","ERIFAS","9/16/15",-2.9,0.606,"StuntRanch"
"188","ERIFAS","9/16/15",-2.96,0.6541,"StuntRanch"
"189","ERIFAS","9/16/15",-3.31,0.6045,"StuntRanch"
"190","ERIFAS","9/16/15",-3.31,0.6415,"StuntRanch"
"191","HETARB","9/16/15",-2.76,0.7372,"StuntRanch"
"192","HETARB","9/16/15",-2.9,0.8057,"StuntRanch"
"193","HETARB","9/16/15",-2.9,0.7602,"StuntRanch"
"194","HETARB","9/16/15",-2.96,0.767,"StuntRanch"
"195","HETARB","9/16/15",-3.72,0.7367,"StuntRanch"
"196","QUEAGR","9/16/15",-2.52,0.6976,"StuntRanch"
"197","QUEAGR","9/16/15",-2.83,0.6505,"StuntRanch"
"198","QUEAGR","9/16/15",-2.83,0.7421,"StuntRanch"
"199","QUEAGR","9/16/15",-3.1,0.7354,"StuntRanch"
"200","QUEAGR","9/16/15",-4.83,0.705,"StuntRanch"
"201","QUEBER","9/16/15",-3.31,0.6531,"StuntRanch"
"202","QUEBER","9/16/15",-3.52,0.5891,"StuntRanch"
"203","QUEBER","9/16/15",-3.55,0.6333,"StuntRanch"
"204","QUEBER","9/16/15",-3.59,0.5814,"StuntRanch"
"205","QUEBER","9/16/15",-3.93,0.6171,"StuntRanch"
"206","SALLEU","9/16/15",-2.34,0.8092,"StuntRanch"
"207","SALLEU","9/16/15",-2.55,1.0264,"StuntRanch"
"208","SALLEU","9/16/15",-2.65,0.915,"StuntRanch"
"209","SALLEU","9/16/15",-2.72,0.9395,"StuntRanch"
"210","SALMEL","9/16/15",-1.86,1.2233,"StuntRanch"
"211","SALMEL","9/16/15",-1.86,1.0711,"StuntRanch"
"212","SALMEL","9/16/15",-2.07,1.0404,"StuntRanch"
"213","SALMEL","9/16/15",-2.21,1.2185,"StuntRanch"
"214","SALMEL","9/16/15",-2.28,1.1309,"StuntRanch"
"215","ADEFAS","10/7/15",-5.93,0.5985,"StuntRanch"
"216","ADEFAS","10/7/15",-6.07,0.5781,"StuntRanch"
"217","ADEFAS","10/7/15",-6.41,0.5253,"StuntRanch"
"218","ADEFAS","10/7/15",-6.62,0.5671,"StuntRanch"
"219","ADEFAS","10/7/15",-6.83,0.5345,"StuntRanch"
"220","ARCGLA","10/7/15",-3.59,0.7664,"StuntRanch"
"221","ARCGLA","10/7/15",-3.79,0.7578,"StuntRanch"
"222","ARCGLA","10/7/15",-4.14,0.7063,"StuntRanch"
"223","ARCGLA","10/7/15",-5.24,0.664,"StuntRanch"
"224","ARCGLA","10/7/15",-5.65,0.6275,"StuntRanch"
"225","CERBET","10/7/15",-4,0.6134,"StuntRanch"
"226","CERBET","10/7/15",-4.76,0.5542,"StuntRanch"
"227","CERBET","10/7/15",-5.17,0.5107,"StuntRanch"
"228","CERBET","10/7/15",-5.52,0.5121,"StuntRanch"
"229","CEASPI","10/7/15",-3.65,0.6511,"StuntRanch"
"230","CEASPI","10/7/15",-3.86,0.7375,"StuntRanch"
"231","CEASPI","10/7/15",-4.69,0.7053,"StuntRanch"
"232","CEASPI","10/7/15",-4.83,0.6278,"StuntRanch"
"233","CEASPI","10/7/15",-4.9,0.6198,"StuntRanch"
"234","ERIFAS","10/7/15",-3.45,0.6961,"StuntRanch"
"235","ERIFAS","10/7/15",-4.14,0.538,"StuntRanch"
"236","ERIFAS","10/7/15",-4.83,0.5478,"StuntRanch"
"237","ERIFAS","10/7/15",-4.83,0.6192,"StuntRanch"
"238","ERIFAS","10/7/15",-5.52,0.4674,"StuntRanch"
"239","HETARB","10/7/15",-3.59,0.781,"StuntRanch"
"240","HETARB","10/7/15",-3.59,0.7796,"StuntRanch"
"241","HETARB","10/7/15",-3.86,0.7492,"StuntRanch"
"242","HETARB","10/7/15",-4.55,0.7872,"StuntRanch"
"243","HETARB","10/7/15",-4.55,0.6819,"StuntRanch"
"244","MALLAU","10/7/15",-1.93,1.0724,"StuntRanch"
"245","MALLAU","10/7/15",-2.14,1.0361,"StuntRanch"
"246","MALLAU","10/7/15",-2.24,1.7897,"StuntRanch"
"247","MALLAU","10/7/15",-2.62,0.962,"StuntRanch"
"248","MALLAU","10/7/15",-3.03,0.9398,"StuntRanch"
"249","QUEAGR","10/7/15",-3.24,0.7085,"StuntRanch"
"250","QUEAGR","10/7/15",-3.72,0.6894,"StuntRanch"
"251","QUEAGR","10/7/15",-3.79,0.6677,"StuntRanch"
"252","QUEAGR","10/7/15",-4,0.6876,"StuntRanch"
"253","QUEAGR","10/7/15",-4.14,0.6951,"StuntRanch"
"254","QUEBER","10/7/15",-4.83,0.6305,"StuntRanch"
"255","QUEBER","10/7/15",-4.86,0.6206,"StuntRanch"
"256","QUEBER","10/7/15",-4.96,0.4768,"StuntRanch"
"257","QUEBER","10/7/15",-4.96,0.5396,"StuntRanch"
"258","QUEBER","10/7/15",-5.17,0.6224,"StuntRanch"
"259","SALLEU","10/7/15",-4.76,0.6918,"StuntRanch"
"260","SALLEU","10/7/15",-5.1,0.666,"StuntRanch"
"261","SALLEU","10/7/15",-5.24,0.6309,"StuntRanch"
"262","SALLEU","10/7/15",-5.31,0.7163,"StuntRanch"
"263","SALLEU","10/7/15",-5.31,0.5938,"StuntRanch"
"264","SALMEL","10/7/15",-4.21,0.8907,"StuntRanch"
"265","SALMEL","10/7/15",-4.96,0.6336,"StuntRanch"
"266","SALMEL","10/7/15",-5.03,0.8137,"StuntRanch"
"267","SALMEL","10/7/15",-5.24,0.4552,"StuntRanch"
"268","ADEFAS","10/30/15",-6.48,0.5064,"StuntRanch"
"269","ADEFAS","10/30/15",-6.83,0.5535,"StuntRanch"
"270","ADEFAS","10/30/15",-7.17,0.5008,"StuntRanch"
"271","ARCGLA","10/30/15",-4.34,0.7068,"StuntRanch"
"272","ARCGLA","10/30/15",-4.76,0.7245,"StuntRanch"
"273","CERBET","10/30/15",-4.69,0.5243,"StuntRanch"
"274","CERBET","10/30/15",-5.45,0.5309,"StuntRanch"
"275","CERBET","10/30/15",-5.79,0.5304,"StuntRanch"
"276","CEASPI","10/30/15",-5.45,0.5614,"StuntRanch"
"277","CEASPI","10/30/15",-5.45,0.6082,"StuntRanch"
"278","CEASPI","10/30/15",-5.79,0.621,"StuntRanch"
"279","ERIFAS","10/30/15",-5.1,0.4496,"StuntRanch"
"280","ERIFAS","10/30/15",-6.14,0.5389,"StuntRanch"
"281","ERIFAS","10/30/15",-7.1,0.4697,"StuntRanch"
"282","HETARB","10/30/15",-4.14,0.7641,"StuntRanch"
"283","HETARB","10/30/15",-4.69,0.7677,"StuntRanch"
"284","HETARB","10/30/15",-4.76,0.7358,"StuntRanch"
"285","MALLAU","10/30/15",-1.31,1.1107,"StuntRanch"
"286","MALLAU","10/30/15",-1.79,1.0162,"StuntRanch"
"287","MALLAU","10/30/15",-1.93,1.0463,"StuntRanch"
"288","QUEAGR","10/30/15",-3.72,0.7627,"StuntRanch"
"289","QUEAGR","10/30/15",-3.79,0.6373,"StuntRanch"
"290","QUEAGR","10/30/15",-3.93,0.644,"StuntRanch"
"291","QUEBER","10/30/15",-5.45,0.5364,"StuntRanch"
"292","QUEBER","10/30/15",-5.72,0.5881,"StuntRanch"
"293","QUEBER","10/30/15",-5.86,0.5667,"StuntRanch"
"294","SALLEU","10/30/15",-5.93,0.555,"StuntRanch"
"295","SALLEU","10/30/15",-6.21,0.6074,"StuntRanch"
"296","SALMEL","10/30/15",-6.41,0.5691,"StuntRanch"
"297","SALMEL","10/30/15",-7.1,0.5618,"StuntRanch"
"298","SALMEL","10/30/15",-7.58,0.5924,"StuntRanch"
"299","ADEFAS","12/16/15",-4.76,0.6304,"StuntRanch"
"300","ADEFAS","12/16/15",-4.83,0.6022,"StuntRanch"
"301","ADEFAS","12/16/15",-5.24,0.5598,"StuntRanch"
"302","ADEFAS","12/16/15",-6.27,0.4361,"StuntRanch"
"303","ARCGLA","12/16/15",-4.65,0.6168,"StuntRanch"
"304","ARCGLA","12/16/15",-6.07,0.533,"StuntRanch"
"305","ARCGLA","12/16/15",-6.14,0.5259,"StuntRanch"
"306","ARCGLA","12/16/15",-6.48,0.6023,"StuntRanch"
"307","CERBET","12/16/15",-5.03,0.5727,"StuntRanch"
"308","CERBET","12/16/15",-6.14,0.5086,"StuntRanch"
"309","CERBET","12/16/15",-6.27,0.4333,"StuntRanch"
"310","CERBET","12/16/15",-6.62,0.5322,"StuntRanch"
"311","CEASPI","12/16/15",-4.69,0.645,"StuntRanch"
"312","CEASPI","12/16/15",-4.83,0.674,"StuntRanch"
"313","CEASPI","12/16/15",-5.45,0.6712,"StuntRanch"
"314","CEASPI","12/16/15",-6.07,0.5614,"StuntRanch"
"315","ERIFAS","12/16/15",-5.72,0.5391,"StuntRanch"
"316","ERIFAS","12/16/15",-6.34,0.5324,"StuntRanch"
"317","ERIFAS","12/16/15",-6.34,0.5813,"StuntRanch"
"318","ERIFAS","12/16/15",-6.41,0.5667,"StuntRanch"
"319","HETARB","12/16/15",-2.76,0.8295,"StuntRanch"
"320","HETARB","12/16/15",-4.03,0.7434,"StuntRanch"
"321","HETARB","12/16/15",-4.14,0.8177,"StuntRanch"
"322","HETARB","12/16/15",-4.21,0.7712,"StuntRanch"
"323","MALLAU","12/16/15",-1.52,0.8539,"StuntRanch"
"324","MALLAU","12/16/15",-1.59,0.8918,"StuntRanch"
"325","MALLAU","12/16/15",-1.65,0.7787,"StuntRanch"
"326","MALLAU","12/16/15",-1.69,0.9618,"StuntRanch"
"327","QUEAGR","12/16/15",-3.1,0.7911,"StuntRanch"
"328","QUEAGR","12/16/15",-3.17,0.7477,"StuntRanch"
"329","QUEAGR","12/16/15",-3.24,0.6881,"StuntRanch"
"330","QUEAGR","12/16/15",-3.38,0.6261,"StuntRanch"
"331","QUEBER","12/16/15",-4.76,0.5757,"StuntRanch"
"332","QUEBER","12/16/15",-4.83,0.619,"StuntRanch"
"333","QUEBER","12/16/15",-4.83,0.5728,"StuntRanch"
"334","QUEBER","12/16/15",-5.03,0.5792,"StuntRanch"
"335","SALLEU","12/16/15",-5.72,0.6436,"StuntRanch"
"336","SALLEU","12/16/15",-5.93,0.6526,"StuntRanch"
"337","SALLEU","12/16/15",-6.89,0.6023,"StuntRanch"
"338","SALLEU","12/16/15",-7.38,0.5635,"StuntRanch"
"339","SALMEL","12/16/15",-4.96,0.8791,"StuntRanch"
"340","SALMEL","12/16/15",-6.69,0.6013,"StuntRanch"
"341","SALMEL","12/16/15",-7.17,0.5273,"StuntRanch"
"342","SALMEL","12/16/15",-7.31,0.5253,"StuntRanch"
"343","ADEFAS","1/29/16",-2.07,1.0839,"StuntRanch"
"344","ADEFAS","1/29/16",-2.62,0.8824,"StuntRanch"
"345","ADEFAS","1/29/16",-2.62,0.7463,"StuntRanch"
"346","ADEFAS","1/29/16",-2.76,0.8905,"StuntRanch"
"347","ADEFAS","1/29/16",-3.24,0.7999,"StuntRanch"
"348","ARCGLA","1/29/16",-1.52,0.863,"StuntRanch"
"349","ARCGLA","1/29/16",-1.65,0.8861,"StuntRanch"
"350","ARCGLA","1/29/16",-1.79,0.8924,"StuntRanch"
"351","CERBET","1/29/16",-1.52,0.8305,"StuntRanch"
"352","CERBET","1/29/16",-1.93,0.836,"StuntRanch"
"353","CEASPI","1/29/16",-1.38,1.7173,"StuntRanch"
"354","CEASPI","1/29/16",-1.93,0.5282,"StuntRanch"
"355","CEASPI","1/29/16",-2.07,1.7457,"StuntRanch"
"356","ERIFAS","1/29/16",-2.07,1.0938,"StuntRanch"
"357","ERIFAS","1/29/16",-2.21,1.0343,"StuntRanch"
"358","ERIFAS","1/29/16",-2.34,0.9236,"StuntRanch"
"359","HETARB","1/29/16",-1.24,0.8534,"StuntRanch"
"360","HETARB","1/29/16",-1.59,0.937,"StuntRanch"
"361","HETARB","1/29/16",-2.14,0.7149,"StuntRanch"
"362","MALLAU","1/29/16",-1.93,1.0164,"StuntRanch"
"363","MALLAU","1/29/16",-2.07,1.0018,"StuntRanch"
"364","MALLAU","1/29/16",-2.31,0.9083,"StuntRanch"
"365","QUEAGR","1/29/16",-1.93,0.7715,"StuntRanch"
"366","QUEAGR","1/29/16",-2.21,0.6667,"StuntRanch"
"367","QUEAGR","1/29/16",-2.69,0.7313,"StuntRanch"
"368","QUEBER","1/29/16",-1.52,0.7559,"StuntRanch"
"369","QUEBER","1/29/16",-1.97,0.8863,"StuntRanch"
"370","SALLEU","1/29/16",-1.24,1.7536,"StuntRanch"
"371","SALLEU","1/29/16",-1.31,2.1217,"StuntRanch"
"372","SALLEU","1/29/16",-1.45,2.4531,"StuntRanch"
"373","SALMEL","1/29/16",-1.38,2.0278,"StuntRanch"
"374","SALMEL","1/29/16",-1.52,2.0284,"StuntRanch"
"375","SALMEL","1/29/16",-1.93,1.6765,"StuntRanch"
"376","ADEFAS","2/19/16",-1.79,1.3645,"StuntRanch"
"377","ARCGLA","2/19/16",-1.17,0.8518,"StuntRanch"
"378","ARCGLA","2/19/16",-1.59,0.8393,"StuntRanch"
"379","ARCGLA","2/19/16",-1.65,0.8638,"StuntRanch"
"380","CERBET","2/19/16",-1.24,1.1707,"StuntRanch"
"381","CERBET","2/19/16",-1.24,1.1165,"StuntRanch"
"382","CERBET","2/19/16",-1.31,0.9925,"StuntRanch"
"383","CEASPI","2/19/16",-1.38,1.386,"StuntRanch"
"384","CEASPI","2/19/16",-1.59,1.1654,"StuntRanch"
"385","CEASPI","2/19/16",-1.65,1.5835,"StuntRanch"
"386","ERIFAS","2/19/16",-1.38,1.4235,"StuntRanch"
"387","ERIFAS","2/19/16",-1.79,1.2461,"StuntRanch"
"388","ERIFAS","2/19/16",-1.93,1.2702,"StuntRanch"
"389","HETARB","2/19/16",-1.31,0.9424,"StuntRanch"
"390","HETARB","2/19/16",-1.52,0.9798,"StuntRanch"
"391","HETARB","2/19/16",-1.65,1.087,"StuntRanch"
"392","MALLAU","2/19/16",-1.17,1.0209,"StuntRanch"
"393","MALLAU","2/19/16",-1.24,1.1476,"StuntRanch"
"394","MALLAU","2/19/16",-1.38,0.9638,"StuntRanch"
"395","QUEAGR","2/19/16",-1.41,0.8766,"StuntRanch"
"396","QUEAGR","2/19/16",-1.59,1.8436,"StuntRanch"
"397","QUEAGR","2/19/16",-1.72,1.4472,"StuntRanch"
"398","QUEBER","2/19/16",-2,0.71,"StuntRanch"
"399","QUEBER","2/19/16",-2.62,0.6488,"StuntRanch"
"400","QUEBER","2/19/16",-2.69,0.723,"StuntRanch"
"401","SALLEU","2/19/16",-1.45,2.5746,"StuntRanch"
"402","SALLEU","2/19/16",-1.52,2.1368,"StuntRanch"
"403","SALLEU","2/19/16",-1.59,1.6186,"StuntRanch"
"404","SALMEL","2/19/16",-1.1,2.9911,"StuntRanch"
"405","SALMEL","2/19/16",-1.17,2.6008,"StuntRanch"
"406","SALMEL","2/19/16",-1.24,2.5699,"StuntRanch"
"407","ADEFAS","3/9/16",-2.07,1.0123,"StuntRanch"
"408","ADEFAS","3/9/16",-2.21,0.8004,"StuntRanch"
"409","ADEFAS","3/9/16",-2.48,0.8608,"StuntRanch"
"410","ARCGLA","3/9/16",-1.38,0.8624,"StuntRanch"
"411","ARCGLA","3/9/16",-1.93,0.9501,"StuntRanch"
"412","ARCGLA","3/9/16",-2.07,0.6216,"StuntRanch"
"413","CERBET","3/9/16",-1.45,0.9958,"StuntRanch"
"414","CERBET","3/9/16",-1.52,0.9312,"StuntRanch"
"415","CERBET","3/9/16",-1.55,0.9581,"StuntRanch"
"416","CEASPI","3/9/16",-1.65,1.8348,"StuntRanch"
"417","CEASPI","3/9/16",-1.76,1.5062,"StuntRanch"
"418","CEASPI","3/9/16",-1.9,1.0637,"StuntRanch"
"419","ERIFAS","3/9/16",-1.52,1.3471,"StuntRanch"
"420","ERIFAS","3/9/16",-1.86,1.2382,"StuntRanch"
"421","ERIFAS","3/9/16",-2.41,0.7083,"StuntRanch"
"422","HETARB","3/9/16",-2.07,0.9265,"StuntRanch"
"423","HETARB","3/9/16",-2.21,1.0078,"StuntRanch"
"424","HETARB","3/9/16",-2.48,0.9042,"StuntRanch"
"425","MALLAU","3/9/16",-0.69,2.3535,"StuntRanch"
"426","MALLAU","3/9/16",-1.38,1.028,"StuntRanch"
"427","MALLAU","3/9/16",-1.59,0.9626,"StuntRanch"
"428","QUEAGR","3/9/16",-1.59,0.652,"StuntRanch"
"429","QUEAGR","3/9/16",-1.65,0.921,"StuntRanch"
"430","QUEAGR","3/9/16",-1.86,1.0198,"StuntRanch"
"431","QUEBER","3/9/16",-1.72,1.0827,"StuntRanch"
"432","QUEBER","3/9/16",-1.93,0.9493,"StuntRanch"
"433","QUEBER","3/9/16",-2.24,1.0393,"StuntRanch"
"434","SALLEU","3/9/16",-1.03,2.2631,"StuntRanch"
"435","SALLEU","3/9/16",-1.38,2.4151,"StuntRanch"
"436","SALLEU","3/9/16",-1.72,2.523,"StuntRanch"
"437","SALMEL","3/9/16",-1.38,2.4276,"StuntRanch"
"438","SALMEL","3/9/16",-1.48,2.1486,"StuntRanch"
"439","SALMEL","3/9/16",-1.55,2.8598,"StuntRanch"
"440","ADEFAS","3/31/16",-2.07,0.7129,"StuntRanch"
"441","ADEFAS","3/31/16",-2.17,0.7482,"StuntRanch"
"442","ADEFAS","3/31/16",-2.21,0.7726,"StuntRanch"
"443","ARCGLA","3/31/16",-1.31,1.8859,"StuntRanch"
"444","ARCGLA","3/31/16",-1.59,0.9962,"StuntRanch"
"445","ARCGLA","3/31/16",-1.65,0.8465,"StuntRanch"
"446","CERBET","3/31/16",-1.1,1.019,"StuntRanch"
"447","CERBET","3/31/16",-1.41,0.9616,"StuntRanch"
"448","CERBET","3/31/16",-1.48,0.9119,"StuntRanch"
"449","CEASPI","3/31/16",-1.38,1.3837,"StuntRanch"
"450","CEASPI","3/31/16",-1.45,1.2079,"StuntRanch"
"451","CEASPI","3/31/16",-1.52,1.0574,"StuntRanch"
"452","ERIFAS","3/31/16",-2,1.0752,"StuntRanch"
"453","ERIFAS","3/31/16",-2.03,1.2428,"StuntRanch"
"454","ERIFAS","3/31/16",-2.07,1.2081,"StuntRanch"
"455","HETARB","3/31/16",-1.38,0.9475,"StuntRanch"
"456","HETARB","3/31/16",-1.55,1.6854,"StuntRanch"
"457","HETARB","3/31/16",-1.93,1.2277,"StuntRanch"
"458","MALLAU","3/31/16",-1.14,1.843,"StuntRanch"
"459","MALLAU","3/31/16",-1.24,1.2039,"StuntRanch"
"460","MALLAU","3/31/16",-1.38,1.3249,"StuntRanch"
"461","QUEAGR","3/31/16",-1.45,0.9944,"StuntRanch"
"462","QUEAGR","3/31/16",-1.76,0.9341,"StuntRanch"
"463","QUEAGR","3/31/16",-1.86,0.7483,"StuntRanch"
"464","QUEBER","3/31/16",-1.52,0.8202,"StuntRanch"
"465","QUEBER","3/31/16",-1.62,0.8377,"StuntRanch"
"466","QUEBER","3/31/16",-1.76,0.9189,"StuntRanch"
"467","SALLEU","3/31/16",-0.69,2.3143,"StuntRanch"
"468","SALLEU","3/31/16",-0.93,1.706,"StuntRanch"
"469","SALLEU","3/31/16",-0.97,2.0745,"StuntRanch"
"470","SALMEL","3/31/16",-0.83,2,"StuntRanch"
"471","SALMEL","3/31/16",-0.83,2.6892,"StuntRanch"
"472","SALMEL","3/31/16",-1.03,2.2878,"StuntRanch"
"473","HETARB","2/25/17",-1.17,0.822590068,"StuntRanch"
"474","HETARB","2/25/17",-1.17,0.748518205,"StuntRanch"
"475","HETARB","2/25/17",-1.31,0.860096931,"StuntRanch"
"476","MALLAU","2/25/17",-0.97,0.912197996,"StuntRanch"
"477","MALLAU","2/25/17",-1.45,0.933728726,"StuntRanch"
"478","MALLAU","2/25/17",-1.24,0.728103946,"StuntRanch"
"479","QUEAGR","2/25/17",-1.24,1.23476005,"StuntRanch"
"480","QUEAGR","2/25/17",-1.72,0.694276094,"StuntRanch"
"481","QUEAGR","2/25/17",-1.38,0.71255814,"StuntRanch"
"482","SALLEU","2/25/17",-1.52,2.15576324,"StuntRanch"
"483","SALLEU","2/25/17",-1.45,2.1751026,"StuntRanch"
"484","SALLEU","2/25/17",-0.97,2.43398533,"StuntRanch"
"485","ABICON","2021-04-24",-0.765,1.367987918,"SEKI"
"486","ABICON","2021-04-24",-0.97,1.404427031,"SEKI"
"487","ABICON","2021-04-24",-1.125,1.246264749,"SEKI"
"488","ABICON","2021-04-24",-0.935,1.242028867,"SEKI"
"489","ABICON","2021-04-24",-1.115,1.310974719,"SEKI"
"490","ABICON","2021-04-24",-0.89,1.277849324,"SEKI"
"491","ABICON","2021-04-24",-1.545,1.366259488,"SEKI"
"492","ABICON","2021-04-24",-0.815,1.337575195,"SEKI"
"493","ABICON","2021-04-24",-1.57,1.316718142,"SEKI"
"494","ABICON","2021-04-24",-1.56,1.18928846,"SEKI"
"495","ABICON","2021-04-24",-1.48,1.262829053,"SEKI"
"496","ABICON","2020-08-04",-1.7,1.899899179,"SEKI"
"497","ABICON","2020-08-26",-1.9385,1.680235936,"SEKI"
"498","ABICON","2021-06-16",-2.17,1.919749403,"SEKI"
"499","ABICON","2021-07-30",-2.05,1.908559853,"SEKI"
"500","ABICON","2021-09-16",-1.86,1.360741386,"SEKI"
"501","ABICON","2021-07-08",-2.136666667,2.665707434,"SEKI"
"502","ABICON","2021-08-19",-2.045,1.618935469,"SEKI"
"503","ABICON","2021-09-16",-1.96,1.940756397,"SEKI"
"504","ABICON","2021-10-16",-1.97,2.21149576,"SEKI"
"505","ABICON","2021-05-15",-0.795,1.219488833,"SEKI"
"506","ABICON","2021-07-30",-2.046666667,1.838530411,"SEKI"
"507","ABICON","2021-08-19",-2.005,1.523414655,"SEKI"
"508","ABICON","2021-09-16",-2.235,1.450229112,"SEKI"
"509","ABICON","2021-10-16",-1.9,1.285439901,"SEKI"
"510","ABICON","2021-07-08",-2.27,2.678534393,"SEKI"
"511","ABICON","2021-10-16",-1.9,1.307082925,"SEKI"
"512","ABICON","2021-07-30",-2.275,1.16507718,"SEKI"
"513","ABICON","2021-08-19",-2.21,1.335897057,"SEKI"
"514","ABICON","2021-05-15",-1.515,1.170487395,"SEKI"
"515","ABICON","2021-07-08",-2.193333333,2.495819519,"SEKI"
"516","ABICON","2021-07-30",-2.16,1.477605512,"SEKI"
"517","ABICON","2021-08-19",-2.115,1.406290549,"SEKI"
"518","ABICON","2021-09-16",-2.195,1.58148316,"SEKI"
"519","ABICON","2021-10-16",-1.825,1.389745866,"SEKI"
"520","ABICON","2020-08-04",-1.92,1.910454938,"SEKI"
"521","ABICON","2020-08-26",-2.3915,1.724758793,"SEKI"
"522","ABICON","2020-10-19",-2.0865,1.619039524,"SEKI"
"523","ABICON","2020-08-04",-1.805,1.77085171,"SEKI"
"524","ABICON","2020-08-26",-1.9645,1.830025152,"SEKI"
"525","ABICON","2020-10-19",-2.0355,1.66799407,"SEKI"
"526","ABICON","2020-08-04",-1.8,1.73710297,"SEKI"
"527","ABICON","2020-08-26",-2.3265,1.72039528,"SEKI"
"528","ABICON","2020-10-19",-2.265,1.600374515,"SEKI"
"529","ABICON","2020-08-04",-1.925,1.787627112,"SEKI"
"530","ABICON","2020-08-26",-2.2285,1.71456421,"SEKI"
"531","ABICON","2020-10-19",-2.202,1.607845977,"SEKI"
"532","ABICON","2020-08-04",-1.445,1.746981691,"SEKI"
"533","ABICON","2020-08-26",-2.019,1.658264518,"SEKI"
"534","ABICON","2020-10-19",-2.2345,1.614821905,"SEKI"
"535","ABICON","2020-08-04",-1.865,2.396032968,"SEKI"
"536","ABICON","2020-08-26",-2.195,1.95389157,"SEKI"
"537","ABICON","2020-10-19",-1.998,1.598613426,"SEKI"
"538","ABICON","2020-08-04",-1.845,2.06695348,"SEKI"
"539","ABICON","2020-08-26",-1.7505,1.312832034,"SEKI"
"540","ABICON","2020-10-19",-2.394,1.599327393,"SEKI"
"541","ABICON","2021-07-31",-1.825,2.031806205,"SEKI"
"542","ABICON","2021-08-20",-2.04,1.591595407,"SEKI"
"543","ABICON","2021-09-17",-1.885,1.404497696,"SEKI"
"544","ABICON","2021-10-17",-1.87,1.403265107,"SEKI"
"545","ABICON","2021-07-31",-1.793333333,2.02282029,"SEKI"
"546","ABICON","2021-08-20",-2.016666667,1.583967756,"SEKI"
"547","ABICON","2021-09-17",-1.865,1.335532933,"SEKI"
"548","ABICON","2021-10-17",-1.955,1.428093831,"SEKI"
"549","ABICON","2021-07-31",-1.8,1.934981399,"SEKI"
"550","ABICON","2021-08-20",-1.89,1.835597331,"SEKI"
"551","ABICON","2021-09-17",-1.865,1.861346046,"SEKI"
"552","ABICON","2021-10-17",-1.93,1.658039517,"SEKI"
"553","ABICON","2021-07-09",-1.97,2.393787596,"SEKI"
"554","ABICON","2021-07-31",-1.825,1.601263334,"SEKI"
"555","ABICON","2021-07-09",-1.92,2.425369686,"SEKI"
"556","ABICON","2021-07-31",-1.98,1.331894835,"SEKI"
"557","ABICON","2021-08-20",-2.115,1.313307393,"SEKI"
"558","ABICON","2021-09-17",-1.97,1.198367575,"SEKI"
"559","ABICON","2020-08-04",-1.805,1.959206412,"SEKI"
"560","ABICON","2020-08-26",-1.877,1.991485746,"SEKI"
"561","ABICON","2020-10-19",-2.2435,1.282792728,"SEKI"
"562","ABICON","2020-10-19",-2.2435,1.444046781,"SEKI"
"563","ABICON","2020-10-19",-2.2435,1.663814574,"SEKI"
"564","ABICON","2020-08-04",-1.725,0.8842143311,"SEKI"
"565","ABICON","2020-08-26",-1.796,0.8471023191,"SEKI"
"566","ABICON","2020-08-04",-1.87,1.296646052,"SEKI"
"567","ABICON","2020-08-26",-1.727,1.542216714,"SEKI"
"568","ABICON","2021-04-24",-0.765,1.177724041,"SEKI"
"569","ABICON","2021-04-24",-0.97,1.278647084,"SEKI"
"570","ABICON","2021-04-24",-1.125,1.159194827,"SEKI"
"571","ABICON","2021-04-24",-0.935,1.171928733,"SEKI"
"572","ABICON","2021-04-24",-1.115,1.269409766,"SEKI"
"573","ABICON","2021-04-24",-0.89,1.267246254,"SEKI"
"574","ABICON","2021-04-24",-1.545,1.239121829,"SEKI"
"575","ABICON","2021-04-24",-0.815,1.259093413,"SEKI"
"576","ABICON","2021-04-24",-1.57,1.171128028,"SEKI"
"577","ABICON","2021-04-24",-1.56,1.126673354,"SEKI"
"578","ABICON","2021-04-24",-1.48,1.129226181,"SEKI"
"579","ABICON","2020-08-04",-1.7,1.362643268,"SEKI"
"580","ABICON","2020-08-26",-1.9385,1.462693365,"SEKI"
"581","ABICON","2020-10-19",-2.285,1.34831468,"SEKI"
"582","ABICON","2020-10-19",-2.285,1.34831468,"SEKI"
"583","ABICON","2020-10-19",-2.285,1.497689864,"SEKI"
"584","ABICON","2020-10-19",-2.285,1.497689864,"SEKI"
"585","ABICON","2021-05-15",-1.56,1.096013333,"SEKI"
"586","ABICON","2021-06-16",-2.17,1.135494922,"SEKI"
"587","ABICON","2021-07-08",-1.725,1.34586799,"SEKI"
"588","ABICON","2021-07-30",-2.05,1.401354188,"SEKI"
"589","ABICON","2021-08-19",-1.89,1.269074131,"SEKI"
"590","ABICON","2021-09-16",-1.86,1.254719451,"SEKI"
"591","ABICON","2021-10-16",-1.885,1.188754801,"SEKI"
"592","ABICON","2021-05-15",-1.725,1.112280881,"SEKI"
"593","ABICON","2021-06-16",-1.96,1.070244153,"SEKI"
"594","ABICON","2021-07-08",-2.136666667,1.170055022,"SEKI"
"595","ABICON","2021-08-19",-2.045,1.337093559,"SEKI"
"596","ABICON","2021-09-16",-1.96,1.253250867,"SEKI"
"597","ABICON","2021-10-16",-1.97,1.440331076,"SEKI"
"598","ABICON","2021-05-15",-0.795,1.005980322,"SEKI"
"599","ABICON","2021-06-16",-1.87,1.293575352,"SEKI"
"600","ABICON","2021-07-08",-1.896666667,1.308164042,"SEKI"
"601","ABICON","2021-07-30",-2.046666667,1.247024133,"SEKI"
"602","ABICON","2021-08-19",-2.005,1.223345627,"SEKI"
"603","ABICON","2021-09-16",-2.235,1.26167086,"SEKI"
"604","ABICON","2021-10-16",-1.9,1.251655003,"SEKI"
"605","ABICON","2021-05-15",-1.58,0.9264854465,"SEKI"
"606","ABICON","2021-06-16",-2.166666667,0.9541994477,"SEKI"
"607","ABICON","2021-07-08",-2.27,1.242991095,"SEKI"
"608","ABICON","2021-07-30",-2.105,1.07768442,"SEKI"
"609","ABICON","2021-08-19",-2,1.203591835,"SEKI"
"610","ABICON","2021-09-16",-2.225,1.256083267,"SEKI"
"611","ABICON","2021-10-16",-1.9,1.25611399,"SEKI"
"612","ABICON","2021-05-15",-1.825,2.050550563,"SEKI"
"613","ABICON","2021-06-16",-2.245,1.2265713,"SEKI"
"614","ABICON","2021-07-08",-1.995,1.41281734,"SEKI"
"615","ABICON","2021-07-30",-2.275,1.248549059,"SEKI"
"616","ABICON","2021-08-19",-2.21,1.202145275,"SEKI"
"617","ABICON","2021-09-16",-2.03,1.307225035,"SEKI"
"618","ABICON","2021-10-16",-1.815,1.259529899,"SEKI"
"619","ABICON","2021-05-15",-1.515,1.110665112,"SEKI"
"620","ABICON","2021-06-16",-2.223333333,1.051617966,"SEKI"
"621","ABICON","2021-07-08",-2.193333333,1.378218672,"SEKI"
"622","ABICON","2021-07-30",-2.16,1.257248327,"SEKI"
"623","ABICON","2021-08-19",-2.115,1.257093409,"SEKI"
"624","ABICON","2021-09-16",-2.195,1.186216845,"SEKI"
"625","ABICON","2021-10-16",-1.825,1.267403315,"SEKI"
"626","ABICON","2020-08-04",-1.92,1.330160992,"SEKI"
"627","ABICON","2020-08-04",-1.805,1.35514106,"SEKI"
"628","ABICON","2020-08-26",-1.9645,1.435401689,"SEKI"
"629","ABICON","2020-10-19",-2.0355,1.270860077,"SEKI"
"630","ABICON","2020-08-04",-1.8,1.104518525,"SEKI"
"631","ABICON","2020-08-26",-2.3265,1.334944225,"SEKI"
"632","ABICON","2020-10-19",-2.265,1.344513448,"SEKI"
"633","ABICON","2020-08-04",-1.925,1.412277735,"SEKI"
"634","ABICON","2020-08-26",-2.2285,0.8549955433,"SEKI"
"635","ABICON","2020-10-19",-2.202,1.336409902,"SEKI"
"636","ABICON","2020-08-04",-1.445,1.302657818,"SEKI"
"637","ABICON","2020-10-19",-2.2345,1.35786488,"SEKI"
"638","ABICON","2020-08-04",-1.865,1.521879362,"SEKI"
"639","ABICON","2020-10-19",-1.998,1.313633938,"SEKI"
"640","ABICON","2020-08-04",-1.845,1.428377329,"SEKI"
"641","ABICON","2020-08-26",-1.7505,1.799815007,"SEKI"
"642","ABICON","2020-10-19",-2.394,1.212165889,"SEKI"
"643","ABICON","2021-05-14",-2.196666667,1.23030894,"SEKI"
"644","ABICON","2021-06-15",-1.4,1.226946888,"SEKI"
"645","ABICON","2021-07-09",-1.81,1.35839217,"SEKI"
"646","ABICON","2021-07-31",-1.825,1.308678575,"SEKI"
"647","ABICON","2021-08-20",-2.04,1.295437998,"SEKI"
"648","ABICON","2021-09-17",-1.885,1.272862987,"SEKI"
"649","ABICON","2021-10-17",-1.885,1.301982846,"SEKI"
"650","ABICON","2021-05-14",-2.373333333,1.079494106,"SEKI"
"651","ABICON","2021-06-15",-1.69,1.207900834,"SEKI"
"652","ABICON","2021-07-09",-1.755,1.431966406,"SEKI"
"653","ABICON","2021-07-31",-1.793333333,1.398065007,"SEKI"
"654","ABICON","2021-08-20",-2.016666667,1.348879344,"SEKI"
"655","ABICON","2021-09-17",-1.865,1.368846476,"SEKI"
"656","ABICON","2021-10-17",-1.955,1.289259891,"SEKI"
"657","ABICON","2021-05-14",-2.335,1.042173392,"SEKI"
"658","ABICON","2021-06-15",-1.783333333,1.021520766,"SEKI"
"659","ABICON","2021-07-09",-1.755,1.362969865,"SEKI"
"660","ABICON","2021-07-31",-1.8,1.399630475,"SEKI"
"661","ABICON","2021-08-20",-1.89,1.455829502,"SEKI"
"662","ABICON","2021-09-17",-1.865,1.497178921,"SEKI"
"663","ABICON","2021-10-17",-1.93,1.510996053,"SEKI"
"664","ABICON","2021-05-14",-1.906666667,1.036515272,"SEKI"
"665","ABICON","2021-06-15",-1.67,1.030953495,"SEKI"
"666","ABICON","2021-07-09",-1.97,1.156565105,"SEKI"
"667","ABICON","2021-07-31",-1.825,1.234439919,"SEKI"
"668","ABICON","2021-08-20",-1.71,1.173838496,"SEKI"
"669","ABICON","2021-09-17",-1.93,1.285415246,"SEKI"
"670","ABICON","2021-05-14",-1.985,0.9649160642,"SEKI"
"671","ABICON","2021-06-15",-1.68,1.019135875,"SEKI"
"672","ABICON","2021-07-09",-1.92,1.240029641,"SEKI"
"673","ABICON","2021-07-31",-1.98,1.059018926,"SEKI"
"674","ABICON","2021-08-20",-2.115,1.106745728,"SEKI"
"675","ABICON","2021-09-17",-1.97,1.159792387,"SEKI"
"676","ABICON","2021-10-17",-1.97,1.08990887,"SEKI"
"677","ABICON","2020-08-04",-1.805,1.43022415,"SEKI"
"678","ABICON","2020-08-26",-1.877,1.609165334,"SEKI"
"679","ABICON","2020-08-04",-1.725,2.355755249,"SEKI"
"680","ABICON","2020-08-26",-1.796,0.8835114982,"SEKI"
"681","ABICON","2020-10-19",-2.336,1.388258007,"SEKI"
"682","ABICON","2020-08-04",-1.87,1.832976215,"SEKI"
"683","ABICON","2020-08-26",-1.727,1.150502272,"SEKI"
"684","ARCPAT","2021-07-30",-2.035,1.009410189,"SEKI"
"685","ARCPAT","2021-07-30",-3.35,1.069104228,"SEKI"
"686","ARCPAT","2021-07-30",-2.83,1.114548119,"SEKI"
"687","ARCPAT","2021-07-31",-1.74,1.271200402,"SEKI"
"688","ARCPAT","2021-07-31",-1.915,1.37155978,"SEKI"
"689","ARCPAT","2021-07-31",-2.156666667,1.352302742,"SEKI"
"690","ARCPAT","2021-07-31",-2.025,1.197308403,"SEKI"
"691","ARCPAT","2020-08-04",-1.65,1.443414957,"SEKI"
"692","ARCPAT","2020-08-26",-2.661,1.256296716,"SEKI"
"693","ARCPAT","2020-10-19",-6.411,0.7305716838,"SEKI"
"694","ARCPAT","2021-07-08",-1.7,2.076236507,"SEKI"
"695","ARCPAT","2021-06-16",-1.903333333,2.005565863,"SEKI"
"696","ARCPAT","2021-06-16",-1.74,1.826684828,"SEKI"
"697","ARCPAT","2021-07-08",-2.26,1.861682799,"SEKI"
"698","ARCPAT","2020-08-04",-2.685,1.342995798,"SEKI"
"699","ARCPAT","2020-08-26",-3.052,1.117165878,"SEKI"
"700","ARCPAT","2020-10-19",-3.6535,1.171872681,"SEKI"
"701","ARCPAT","2020-08-04",-2.055,1.170170715,"SEKI"
"702","ARCPAT","2020-08-26",-1.9825,1.155191853,"SEKI"
"703","ARCPAT","2020-10-19",-5.035,0.8436418207,"SEKI"
"704","ARCPAT","2020-08-04",-2.55,1.17694099,"SEKI"
"705","ARCPAT","2020-08-26",-2.762,1.122478411,"SEKI"
"706","ARCPAT","2020-10-19",-3.7375,1.062017357,"SEKI"
"707","ARCPAT","2020-08-04",-2.005,1.339722219,"SEKI"
"708","ARCPAT","2020-08-26",-3.0805,1.230890631,"SEKI"
"709","ARCPAT","2020-10-19",-2.8645,1.032457854,"SEKI"
"710","ARCPAT","2020-08-04",-2.265,1.346157819,"SEKI"
"711","ARCPAT","2020-08-26",-3.126,1.187640165,"SEKI"
"712","ARCPAT","2020-10-19",-3.8005,0.8056910171,"SEKI"
"713","ARCPAT","2020-08-04",-1.435,1.476912001,"SEKI"
"714","ARCPAT","2020-08-26",-2.081,1.849312396,"SEKI"
"715","ARCPAT","2020-10-19",-5.319,0.7225904411,"SEKI"
"716","ARCPAT","2020-08-04",-2.0045,1.414335486,"SEKI"
"717","ARCPAT","2020-08-26",-2.7615,1.364167295,"SEKI"
"718","ARCPAT","2020-10-19",-4.8265,0.8450142965,"SEKI"
"719","ARCPAT","2021-07-09",-1.515,2.018646243,"SEKI"
"720","ARCPAT","2021-07-09",-1.81,1.925729981,"SEKI"
"721","ARCPAT","2021-07-09",-1.97,1.800850226,"SEKI"
"722","ARCPAT","2020-08-04",-2.255,1.37172034,"SEKI"
"723","ARCPAT","2020-08-26",-2.5445,1.274452104,"SEKI"
"724","ARCPAT","2020-10-19",-3.58,0.7898981538,"SEKI"
"725","ARCPAT","2020-08-04",-2.08,1.472526774,"SEKI"
"726","ARCPAT","2020-08-26",-2.4965,1.369142478,"SEKI"
"727","ARCPAT","2020-10-19",-4.636,0.7625441273,"SEKI"
"728","ARCPAT","2020-08-04",-1.89,1.677395466,"SEKI"
"729","ARCPAT","2020-08-26",-2.412,1.26273202,"SEKI"
"730","ARCPAT","2020-10-19",-4.2915,0.8646355453,"SEKI"
"731","ARCPAT","2021-04-24",-0.745,1.05117549,"SEKI"
"732","ARCPAT","2021-04-24",-0.535,1.075271257,"SEKI"
"733","ARCPAT","2021-04-24",-0.75,0.8956486579,"SEKI"
"734","ARCPAT","2021-04-24",-0.61,0.9696616994,"SEKI"
"735","ARCPAT","2021-04-24",-0.65,1.028200519,"SEKI"
"736","ARCPAT","2021-04-24",-0.84,0.9930157482,"SEKI"
"737","ARCPAT","2021-04-24",-2.035,1.05057422,"SEKI"
"738","ARCPAT","2021-04-24",-1.105,1.018276267,"SEKI"
"739","ARCPAT","2021-04-24",-0.995,0.9911793766,"SEKI"
"740","ARCPAT","2021-04-24",-1.09,0.9748837847,"SEKI"
"741","ARCPAT","2021-04-24",-1.47,1.009946182,"SEKI"
"742","ARCPAT","2021-05-15",-0.935,0.9991100758,"SEKI"
"743","ARCPAT","2021-06-16",-1.71,0.9431306255,"SEKI"
"744","ARCPAT","2021-07-08",-1.7,1.145402336,"SEKI"
"745","ARCPAT","2021-08-19",-3.21,0.9903526423,"SEKI"
"746","ARCPAT","2021-09-16",-4.32,0.8504272603,"SEKI"
"747","ARCPAT","2021-10-16",-2.285,0.9997722425,"SEKI"
"748","ARCPAT","2021-05-15",-1.19,1.016581905,"SEKI"
"749","ARCPAT","2021-06-16",-1.903333333,1.09684227,"SEKI"
"750","ARCPAT","2021-07-08",-2.125,1.415283877,"SEKI"
"751","ARCPAT","2021-08-19",-3.28,0.954922543,"SEKI"
"752","ARCPAT","2021-09-16",-3.715,0.8641425562,"SEKI"
"753","ARCPAT","2021-10-16",-2.39,0.935318318,"SEKI"
"754","ARCPAT","2021-05-15",-1.17,0.9043289623,"SEKI"
"755","ARCPAT","2021-06-16",-1.63,0.8504993917,"SEKI"
"756","ARCPAT","2021-07-08",-1.695,1.273093308,"SEKI"
"757","ARCPAT","2021-08-19",-2.24,0.8828862547,"SEKI"
"758","ARCPAT","2021-09-16",-3.195,0.9195522577,"SEKI"
"759","ARCPAT","2021-10-16",-4.55,0.9836169165,"SEKI"
"760","ARCPAT","2021-05-15",-1.61,0.9079148506,"SEKI"
"761","ARCPAT","2021-06-16",-1.74,1.000799506,"SEKI"
"762","ARCPAT","2021-07-08",-2.193333333,1.307637128,"SEKI"
"763","ARCPAT","2021-07-30",-2.96,1.167423733,"SEKI"
"764","ARCPAT","2021-08-19",-2,0.9343525204,"SEKI"
"765","ARCPAT","2021-09-16",-3.23,0.8359054753,"SEKI"
"766","ARCPAT","2021-10-16",-2.02,0.993594349,"SEKI"
"767","ARCPAT","2021-05-15",-0.92,1.001926415,"SEKI"
"768","ARCPAT","2021-06-16",-1.786666667,0.9404321841,"SEKI"
"769","ARCPAT","2021-07-08",-2.26,1.108579266,"SEKI"
"770","ARCPAT","2021-08-19",-4.14,0.9583377195,"SEKI"
"771","ARCPAT","2021-09-16",-4.82,0.7891890347,"SEKI"
"772","ARCPAT","2021-10-16",-1.74,0.9908953827,"SEKI"
"773","ARCPAT","2021-05-15",-1.945,0.9292648693,"SEKI"
"774","ARCPAT","2021-06-16",-1.88,0.9618941147,"SEKI"
"775","ARCPAT","2021-07-08",-2.195,1.342402342,"SEKI"
"776","ARCPAT","2021-08-19",-2.985,0.9053657099,"SEKI"
"777","ARCPAT","2021-09-16",-4.035,0.8147969076,"SEKI"
"778","ARCPAT","2021-10-16",-1.635,0.9866452159,"SEKI"
"779","ARCPAT","2021-05-14",-1.56,1.044851847,"SEKI"
"780","ARCPAT","2021-06-15",-1.365,1.02929277,"SEKI"
"781","ARCPAT","2021-07-09",-1.515,1.860419212,"SEKI"
"782","ARCPAT","2021-08-20",-2.555,1.132593997,"SEKI"
"783","ARCPAT","2021-09-17",-3.396666667,1.081697195,"SEKI"
"784","ARCPAT","2021-10-17",-1.615,1.046008517,"SEKI"
"785","ARCPAT","2021-05-14",-1.446666667,0.9869899168,"SEKI"
"786","ARCPAT","2021-06-15",-1.08,0.9671743193,"SEKI"
"787","ARCPAT","2021-07-09",-1.87,1.601512836,"SEKI"
"788","ARCPAT","2021-08-20",-2.436666667,1.168980643,"SEKI"
"789","ARCPAT","2021-09-17",-2.98,1.038162339,"SEKI"
"790","ARCPAT","2021-10-17",-2.055,0.9763761119,"SEKI"
"791","ARCPAT","2021-05-14",-1.463333333,1.138019256,"SEKI"
"792","ARCPAT","2021-06-15",-1.353333333,0.9952257084,"SEKI"
"793","ARCPAT","2021-07-09",-1.81,1.312736028,"SEKI"
"794","ARCPAT","2021-08-20",-2.625,0.9370079139,"SEKI"
"795","ARCPAT","2021-09-17",-2.606666667,1.045680828,"SEKI"
"796","ARCPAT","2021-10-17",-1.33,1.017657896,"SEKI"
"797","ARCPAT","2021-05-14",-1.56,1.051098608,"SEKI"
"798","ARCPAT","2021-06-15",-1.305,1.137156275,"SEKI"
"799","ARCPAT","2021-07-09",-1.97,1.355560919,"SEKI"
"800","ARCPAT","2021-08-20",-3.635,1.01694872,"SEKI"
"801","ARCPAT","2021-09-17",-3.53,0.8912496488,"SEKI"
"802","ARCPAT","2021-10-17",-1.99,0.9865170117,"SEKI"
"803","ARCPAT","2021-05-14",-1.555,0.9724467704,"SEKI"
"804","ARCPAT","2021-06-15",-1.41,1.024891347,"SEKI"
"805","ARCPAT","2021-07-09",-2.035,1.874331551,"SEKI"
"806","ARCPAT","2021-08-20",-2.705,1.106614919,"SEKI"
"807","ARCPAT","2021-09-17",-2.94,0.961048637,"SEKI"
"808","ARCPAT","2021-10-17",-2.375,0.9571904976,"SEKI"
"809","CALDEC","2021-04-24",-1.235,0.9564025459,"SEKI"
"810","CALDEC","2021-04-24",-1.005,1.017575982,"SEKI"
"811","CALDEC","2021-04-24",-0.845,1.009016942,"SEKI"
"812","CALDEC","2021-04-24",-0.915,0.9914238742,"SEKI"
"813","CALDEC","2021-04-24",-0.525,0.8620055574,"SEKI"
"814","CALDEC","2021-04-24",-0.86,1.04327026,"SEKI"
"815","CALDEC","2021-04-24",-1.385,1.021029459,"SEKI"
"816","CALDEC","2021-04-24",-1.45,1.000605907,"SEKI"
"817","CALDEC","2021-04-24",-1.605,0.9814264142,"SEKI"
"818","CALDEC","2021-04-24",-1.22,1.091698531,"SEKI"
"819","CALDEC","2021-04-24",-1.69,1.144207167,"SEKI"
"820","CALDEC","2020-08-04",-1.94,1.131305017,"SEKI"
"821","CALDEC","2020-08-26",-1.9695,1.061078399,"SEKI"
"822","CALDEC","2020-10-19",-2.96,1.072978004,"SEKI"
"823","CALDEC","2021-05-15",-1.533333333,0.9620601023,"SEKI"
"824","CALDEC","2021-05-15",-1.595,0.9944937004,"SEKI"
"825","CALDEC","2021-05-15",-1.663333333,1.059839167,"SEKI"
"826","CALDEC","2021-05-15",-1.355,1.103902591,"SEKI"
"827","CALDEC","2020-08-04",-1.805,1.328522138,"SEKI"
"828","CALDEC","2020-08-26",-2.1805,1.186885863,"SEKI"
"829","CALDEC","2020-10-19",-3.4055,1.058267328,"SEKI"
"830","CALDEC","2020-08-04",-1.86,1.097549314,"SEKI"
"831","CALDEC","2020-08-26",-2.3325,1.110271415,"SEKI"
"832","CALDEC","2020-10-19",-2.862,1.019708458,"SEKI"
"833","CALDEC","2020-08-04",-1.774,1.047165336,"SEKI"
"834","CALDEC","2020-08-26",-2.2655,1.074174326,"SEKI"
"835","CALDEC","2020-10-19",-3.584,1.054198905,"SEKI"
"836","CALDEC","2020-08-04",-1.98,1.178588963,"SEKI"
"837","CALDEC","2020-08-26",-2.639,1.07787132,"SEKI"
"838","CALDEC","2020-10-19",-2.6205,1.252048176,"SEKI"
"839","CALDEC","2020-08-04",-2.19,1.180749393,"SEKI"
"840","CALDEC","2020-08-26",-2.5545,1.122841277,"SEKI"
"841","CALDEC","2020-10-19",-3.516,1.017647816,"SEKI"
"842","CALDEC","2020-08-04",-1.56,1.542952278,"SEKI"
"843","CALDEC","2020-08-26",-1.926,1.206148968,"SEKI"
"844","CALDEC","2020-08-26",-1.926,1.408555018,"SEKI"
"845","CALDEC","2020-10-19",-3.232,0.957084433,"SEKI"
"846","CALDEC","2020-10-19",-2.2225,0.957084433,"SEKI"
"847","CALDEC","2020-10-19",-3.232,1.017609162,"SEKI"
"848","CALDEC","2020-10-19",-2.2225,1.017609162,"SEKI"
"849","CALDEC","2020-08-04",-1.84,1.52907117,"SEKI"
"850","CALDEC","2020-08-26",-1.6755,1.34596739,"SEKI"
"851","CALDEC","2021-05-14",-1.7,1.234010128,"SEKI"
"852","CALDEC","2021-06-15",-1.403333333,1.407070367,"SEKI"
"853","CALDEC","2021-05-14",-1.515,1.074029024,"SEKI"
"854","CALDEC","2021-06-15",-1.34,1.005789651,"SEKI"
"855","CALDEC","2021-05-14",-1.245,1.131719083,"SEKI"
"856","CALDEC","2021-06-15",-1.355,1.09413074,"SEKI"
"857","CALDEC","2021-05-14",-1.68,1.107045171,"SEKI"
"858","CALDEC","2021-06-15",-1.365,1.2639876,"SEKI"
"859","CALDEC","2021-05-14",-1.665,1.178334592,"SEKI"
"860","CALDEC","2020-08-04",-1.65,1.590896132,"SEKI"
"861","CALDEC","2020-08-26",-1.8805,1.465812206,"SEKI"
"862","CALDEC","2020-10-19",-2.725,0.9836219948,"SEKI"
"863","CALDEC","2020-08-04",-1.865,1.510434853,"SEKI"
"864","CALDEC","2020-08-26",-2.4275,1.30575331,"SEKI"
"865","CALDEC","2020-10-19",-3.4375,0.9441032369,"SEKI"
"866","CALDEC","2020-08-04",-1.675,1.541915636,"SEKI"
"867","CALDEC","2020-08-26",-1.9605,1.458722957,"SEKI"
"868","CALDEC","2020-10-19",-2.0605,1.167962633,"SEKI"
"869","CALDEC","2021-04-24",-1.235,0.8806827813,"SEKI"
"870","CALDEC","2021-04-24",-1.005,0.8220119101,"SEKI"
"871","CALDEC","2021-04-24",-0.845,0.870188148,"SEKI"
"872","CALDEC","2021-04-24",-0.915,0.8664269738,"SEKI"
"873","CALDEC","2021-04-24",-0.525,0.8054171603,"SEKI"
"874","CALDEC","2021-04-24",-0.86,0.9279447625,"SEKI"
"875","CALDEC","2021-04-24",-1.385,0.8854985573,"SEKI"
"876","CALDEC","2021-04-24",-1.45,0.9259311159,"SEKI"
"877","CALDEC","2021-04-24",-1.605,0.9053058256,"SEKI"
"878","CALDEC","2021-04-24",-1.22,1.000194008,"SEKI"
"879","CALDEC","2021-04-24",-1.69,1.026315502,"SEKI"
"880","CALDEC","2021-05-15",-1.663333333,0.8871261156,"SEKI"
"881","CALDEC","2021-06-16",-1.89,0.8644494266,"SEKI"
"882","CALDEC","2021-07-08",-1.816666667,1.019305833,"SEKI"
"883","CALDEC","2021-07-30",-2.125,0.9259593525,"SEKI"
"884","CALDEC","2021-08-19",-2.226666667,0.9400446832,"SEKI"
"885","CALDEC","2021-09-16",-2.65,0.9811031415,"SEKI"
"886","CALDEC","2021-10-16",-1.935,1.000620806,"SEKI"
"887","CALDEC","2021-05-15",-1.533333333,0.9235745715,"SEKI"
"888","CALDEC","2021-06-16",-1.68,0.9518772632,"SEKI"
"889","CALDEC","2021-07-08",-1.873333333,0.9522846387,"SEKI"
"890","CALDEC","2021-08-19",-2,0.9743544712,"SEKI"
"891","CALDEC","2021-09-16",-2.305,0.8878529509,"SEKI"
"892","CALDEC","2021-10-16",-1.675,0.9913151365,"SEKI"
"893","CALDEC","2021-05-15",-1.595,0.8521826065,"SEKI"
"894","CALDEC","2021-06-16",-1.54,0.8477383962,"SEKI"
"895","CALDEC","2021-07-08",-2.07,0.9635523029,"SEKI"
"896","CALDEC","2021-07-30",-2.195,1.023122911,"SEKI"
"897","CALDEC","2021-08-19",-2.49,0.925454581,"SEKI"
"898","CALDEC","2021-09-16",-2.99,0.9316340598,"SEKI"
"899","CALDEC","2021-10-16",-2.065,0.9866442514,"SEKI"
"900","CALDEC","2021-06-16",-1.35,0.8620695597,"SEKI"
"901","CALDEC","2021-07-30",-2.155,0.898272583,"SEKI"
"902","CALDEC","2021-08-19",-2.06,0.9273188597,"SEKI"
"903","CALDEC","2021-09-16",-2.34,0.9170051318,"SEKI"
"904","CALDEC","2021-10-16",-1.935,0.9651037493,"SEKI"
"905","CALDEC","2021-05-15",-1.663333333,0.7930211836,"SEKI"
"906","CALDEC","2021-06-16",-2.12,0.7630264579,"SEKI"
"907","CALDEC","2021-07-08",-2.035,0.9119488509,"SEKI"
"908","CALDEC","2021-07-30",-2.33,0.9351479846,"SEKI"
"909","CALDEC","2021-08-19",-2.39,0.827820603,"SEKI"
"910","CALDEC","2021-09-16",-2.765,0.9085260351,"SEKI"
"911","CALDEC","2021-10-16",-2.115,1.01320608,"SEKI"
"912","CALDEC","2021-05-15",-1.355,0.7961354159,"SEKI"
"913","CALDEC","2021-06-16",-1.745,0.9505588147,"SEKI"
"914","CALDEC","2021-07-08",-2.02,0.8809745019,"SEKI"
"915","CALDEC","2021-07-30",-2.735,0.9514466226,"SEKI"
"916","CALDEC","2021-08-19",-2.895,0.9080694202,"SEKI"
"917","CALDEC","2021-09-16",-3.335,0.886514092,"SEKI"
"918","CALDEC","2021-10-16",-1.52,1.032644839,"SEKI"
"919","CALDEC","2021-05-14",-1.7,1.051013232,"SEKI"
"920","CALDEC","2021-06-15",-1.403333333,1.020462117,"SEKI"
"921","CALDEC","2021-07-09",-1.59,1.062687287,"SEKI"
"922","CALDEC","2021-07-31",-2.06,1.089958031,"SEKI"
"923","CALDEC","2021-08-20",-2.5,1.134423217,"SEKI"
"924","CALDEC","2021-09-17",-2.44,1.120833832,"SEKI"
"925","CALDEC","2021-10-17",-1.825,1.091636227,"SEKI"
"926","CALDEC","2021-05-14",-1.515,0.8961800654,"SEKI"
"927","CALDEC","2021-06-15",-1.34,1.012021842,"SEKI"
"928","CALDEC","2021-07-09",-1.705,1.072385841,"SEKI"
"929","CALDEC","2021-07-31",-1.72,1.101649735,"SEKI"
"930","CALDEC","2021-08-20",-2.01,1.009083612,"SEKI"
"931","CALDEC","2021-09-17",-2.125,1.142006371,"SEKI"
"932","CALDEC","2021-10-17",-2.17,1.110340017,"SEKI"
"933","CALDEC","2021-05-14",-1.245,0.9950166347,"SEKI"
"934","CALDEC","2021-06-15",-1.355,0.9877548753,"SEKI"
"935","CALDEC","2021-07-09",-1.76,1.212129693,"SEKI"
"936","CALDEC","2021-07-31",-1.98,1.131341908,"SEKI"
"937","CALDEC","2021-08-20",-2.43,1.060126489,"SEKI"
"938","CALDEC","2021-09-17",-2.62,1.027421733,"SEKI"
"939","CALDEC","2021-10-17",-1.77,1.035279057,"SEKI"
"940","CALDEC","2021-05-14",-1.68,0.8532786475,"SEKI"
"941","CALDEC","2021-06-15",-1.365,0.865219701,"SEKI"
"942","CALDEC","2021-07-09",-1.86,1.230550719,"SEKI"
"943","CALDEC","2021-07-31",-2.675,1.017787855,"SEKI"
"944","CALDEC","2021-08-20",-2.905,0.9677100155,"SEKI"
"945","CALDEC","2021-09-17",-3.145,1.024798688,"SEKI"
"946","CALDEC","2021-10-17",-1.565,1.09566174,"SEKI"
"947","CALDEC","2021-05-14",-1.665,1.047031569,"SEKI"
"948","CALDEC","2021-06-15",-1.483333333,0.9981390179,"SEKI"
"949","CALDEC","2021-07-09",-1.585,1.232329856,"SEKI"
"950","CALDEC","2021-08-20",-2.32,1.121219523,"SEKI"
"951","CALDEC","2021-09-17",-2.255,1.03392692,"SEKI"
"952","CALDEC","2021-10-17",-1.985,1.105555932,"SEKI"
"953","CEACOR","2020-08-04",-1.705,1.434872315,"SEKI"
"954","CEACOR","2020-08-26",-2.3655,1.993306306,"SEKI"
"955","CEACOR","2020-10-19",-3.3415,0.8108330798,"SEKI"
"956","CEACOR","2021-05-15",-1,2.391161432,"SEKI"
"957","CEACOR","2021-06-16",-1.743333333,1.957218167,"SEKI"
"958","CEACOR","2021-05-15",-1.09,2.325147348,"SEKI"
"959","CEACOR","2021-06-16",-1.525,1.905731119,"SEKI"
"960","CEACOR","2021-05-15",-1.72,1.952803407,"SEKI"
"961","CEACOR","2021-06-16",-1.66,1.661824052,"SEKI"
"962","CEACOR","2021-05-15",-1.036666667,2.06372674,"SEKI"
"963","CEACOR","2021-06-16",-1.94,1.774143081,"SEKI"
"964","CEACOR","2021-05-15",-1.02,2.50879162,"SEKI"
"965","CEACOR","2021-06-16",-1.72,2.070404016,"SEKI"
"966","CEACOR","2021-05-15",-1.426666667,1.763513514,"SEKI"
"967","CEACOR","2021-06-16",-1.775,1.202821429,"SEKI"
"968","CEACOR","2020-08-04",-2.58,1.059111436,"SEKI"
"969","CEACOR","2020-08-26",-3.506,0.9367190649,"SEKI"
"970","CEACOR","2020-10-19",-3.6495,0.7994967762,"SEKI"
"971","CEACOR","2020-08-04",-1.9,1.137795276,"SEKI"
"972","CEACOR","2020-08-26",-3.509,1.228392245,"SEKI"
"973","CEACOR","2020-10-19",-3.677,0.7562751315,"SEKI"
"974","CEACOR","2020-08-04",-2.175,1.143551339,"SEKI"
"975","CEACOR","2020-08-26",-2.6555,0.9994332672,"SEKI"
"976","CEACOR","2020-10-19",-3.655,1.902571819,"SEKI"
"977","CEACOR","2020-08-04",-2.155,1.210245885,"SEKI"
"978","CEACOR","2020-08-26",-2.6615,1.081851643,"SEKI"
"979","CEACOR","2020-10-19",-3.937,0.7745353339,"SEKI"
"980","CEACOR","2020-08-04",-2.085,1.195196992,"SEKI"
"981","CEACOR","2020-08-26",-2.643,1.077511691,"SEKI"
"982","CEACOR","2020-10-19",-4.0845,0.8121936515,"SEKI"
"983","CEACOR","2020-08-04",-1.455,1.658910874,"SEKI"
"984","CEACOR","2020-10-19",-3.3145,0.8425807345,"SEKI"
"985","CEACOR","2020-08-04",-1.534,2.03350631,"SEKI"
"986","CEACOR","2020-08-26",-1.8755,2.960844687,"SEKI"
"987","CEACOR","2020-10-19",-4.08,0.8052020317,"SEKI"
"988","CEACOR","2020-10-19",-3.3295,0.8052020317,"SEKI"
"989","CEACOR","2020-10-19",-4.08,0.8827494766,"SEKI"
"990","CEACOR","2020-10-19",-3.3295,0.8827494766,"SEKI"
"991","CEACOR","2021-05-14",-2,2.106060606,"SEKI"
"992","CEACOR","2021-06-15",-1.36,1.479619429,"SEKI"
"993","CEACOR","2021-05-14",-1.375,2.188643533,"SEKI"
"994","CEACOR","2021-06-15",-1.045,1.981276387,"SEKI"
"995","CEACOR","2021-05-14",-1.245,0.5266666667,"SEKI"
"996","CEACOR","2021-06-15",-1.295,2.053347655,"SEKI"
"997","CEACOR","2021-06-15",-1.285,1.923656927,"SEKI"
"998","CEACOR","2021-05-14",-1.165,2.227983131,"SEKI"
"999","CEACOR","2021-06-15",-1.143333333,2.337137187,"SEKI"
"1000","CEACOR","2020-08-04",-1.62,1.355944602,"SEKI"
"1001","CEACOR","2020-08-26",-2.3345,1.165427951,"SEKI"
"1002","CEACOR","2020-08-04",-2.22,1.20999189,"SEKI"
"1003","CEACOR","2020-08-26",-2.581,1.118356263,"SEKI"
"1004","CEACOR","2020-10-19",-3.6485,0.8101107557,"SEKI"
"1005","CEACOR","2020-08-04",-1.885,1.616008672,"SEKI"
"1006","CEACOR","2020-08-26",-2.038,1.281208367,"SEKI"
"1007","CEACOR","2020-10-19",-3.527,0.8395852825,"SEKI"
"1008","CEACOR","2021-04-24",-0.835,1.295567545,"SEKI"
"1009","CEACOR","2021-04-24",-0.985,1.232034472,"SEKI"
"1010","CEACOR","2021-04-24",-1.35,1.094910508,"SEKI"
"1011","CEACOR","2021-04-24",-0.77,1.181413434,"SEKI"
"1012","CEACOR","2021-04-24",-0.72,1.262455748,"SEKI"
"1013","CEACOR","2021-04-24",-1.2,2.317437232,"SEKI"
"1014","CEACOR","2021-04-24",-1.42,1.164557223,"SEKI"
"1015","CEACOR","2021-04-24",-1.33,1.112426499,"SEKI"
"1016","CEACOR","2021-04-24",-1.04,1.070045262,"SEKI"
"1017","CEACOR","2021-04-24",-0.755,1.20520519,"SEKI"
"1018","CEACOR","2021-04-24",-1.365,1.13311826,"SEKI"
"1019","CEACOR","2021-05-15",-1,1.228754009,"SEKI"
"1020","CEACOR","2021-06-16",-1.743333333,1.346851769,"SEKI"
"1021","CEACOR","2021-07-08",-1.97,1.668542361,"SEKI"
"1022","CEACOR","2021-07-30",-2.31,1.144773093,"SEKI"
"1023","CEACOR","2021-08-19",-2.855,0.9606153846,"SEKI"
"1024","CEACOR","2021-09-16",-3.415,0.9521001013,"SEKI"
"1025","CEACOR","2021-10-16",-2.455,1.097897441,"SEKI"
"1026","CEACOR","2021-05-15",-1.09,1.2728302,"SEKI"
"1027","CEACOR","2021-06-16",-1.525,1.182013665,"SEKI"
"1028","CEACOR","2021-07-08",-2.54,1.349208993,"SEKI"
"1029","CEACOR","2021-08-19",-3.82,0.8125323357,"SEKI"
"1030","CEACOR","2021-09-16",-4.025,0.7334259179,"SEKI"
"1031","CEACOR","2021-10-16",-2.935,0.9106434889,"SEKI"
"1032","CEACOR","2021-05-15",-1.72,1.096531351,"SEKI"
"1033","CEACOR","2021-06-16",-1.66,1.152661217,"SEKI"
"1034","CEACOR","2021-07-08",-2.125,1.421328754,"SEKI"
"1035","CEACOR","2021-07-30",-2.696666667,0.8452748273,"SEKI"
"1036","CEACOR","2021-08-19",-3.06,0.8650145153,"SEKI"
"1037","CEACOR","2021-09-16",-3.263333333,0.724836272,"SEKI"
"1038","CEACOR","2021-10-16",-2.106666667,1.301227831,"SEKI"
"1039","CEACOR","2021-05-15",-1.036666667,1.611894246,"SEKI"
"1040","CEACOR","2021-06-16",-1.94,1.219667606,"SEKI"
"1041","CEACOR","2021-07-08",-1.86,1.302858624,"SEKI"
"1042","CEACOR","2021-07-30",-2.33,1.050086181,"SEKI"
"1043","CEACOR","2021-08-19",-2.446666667,0.941229156,"SEKI"
"1044","CEACOR","2021-09-16",-2.53,0.8870067813,"SEKI"
"1045","CEACOR","2021-10-16",-2.145,0.9836296545,"SEKI"
"1046","CEACOR","2021-05-15",-1.02,1.254852052,"SEKI"
"1047","CEACOR","2021-06-16",-1.72,1.470558298,"SEKI"
"1048","CEACOR","2021-07-08",-2.363333333,1.423845475,"SEKI"
"1049","CEACOR","2021-07-30",-2.913333333,0.9453154499,"SEKI"
"1050","CEACOR","2021-08-19",-3.24,0.8880448028,"SEKI"
"1051","CEACOR","2021-09-16",-3.413333333,0.8354507727,"SEKI"
"1052","CEACOR","2021-05-15",-1.426666667,1.188251096,"SEKI"
"1053","CEACOR","2021-06-16",-1.775,1.58660882,"SEKI"
"1054","CEACOR","2021-07-08",-2.03,1.296445547,"SEKI"
"1055","CEACOR","2021-07-30",-2.755,1.056491053,"SEKI"
"1056","CEACOR","2021-08-19",-2.786666667,0.8799736363,"SEKI"
"1057","CEACOR","2021-09-16",-3.605,0.8604466708,"SEKI"
"1058","CEACOR","2021-10-16",-2.59,1.017255015,"SEKI"
"1059","CEACOR","2021-05-14",-2,1.243817606,"SEKI"
"1060","CEACOR","2021-06-15",-1.36,1.301788235,"SEKI"
"1061","CEACOR","2021-07-09",-1.705,1.721364938,"SEKI"
"1062","CEACOR","2021-07-31",-2.235,1.086582768,"SEKI"
"1063","CEACOR","2021-08-20",-3.125,0.99671845,"SEKI"
"1064","CEACOR","2021-09-17",-3.183333333,0.7314999525,"SEKI"
"1065","CEACOR","2021-10-17",-2.835,0.9079119918,"SEKI"
"1066","CEACOR","2021-05-14",-1.375,1.462079836,"SEKI"
"1067","CEACOR","2021-06-15",-1.045,1.168895629,"SEKI"
"1068","CEACOR","2021-07-09",-1.79,1.760875143,"SEKI"
"1069","CEACOR","2021-07-31",-1.906666667,1.189376234,"SEKI"
"1070","CEACOR","2021-08-20",-2.895,1.04150713,"SEKI"
"1071","CEACOR","2021-09-17",-2.743333333,0.9979593152,"SEKI"
"1072","CEACOR","2021-10-17",-2.575,0.9844357977,"SEKI"
"1073","CEACOR","2021-05-14",-1.245,1.091325093,"SEKI"
"1074","CEACOR","2021-06-15",-1.295,1.216524803,"SEKI"
"1075","CEACOR","2021-07-09",-1.67,1.775106274,"SEKI"
"1076","CEACOR","2021-07-31",-1.93,1.240539772,"SEKI"
"1077","CEACOR","2021-08-20",-2.68,0.9765322397,"SEKI"
"1078","CEACOR","2021-09-17",-2.906666667,1.021774339,"SEKI"
"1079","CEACOR","2021-10-17",-2,1.020704543,"SEKI"
"1080","CEACOR","2021-05-14",-1.205,1.609414301,"SEKI"
"1081","CEACOR","2021-06-15",-1.285,1.552757299,"SEKI"
"1082","CEACOR","2021-07-09",-1.733333333,1.430413105,"SEKI"
"1083","CEACOR","2021-07-31",-2.21,1.181703813,"SEKI"
"1084","CEACOR","2021-08-20",-2.26,0.9268296068,"SEKI"
"1085","CEACOR","2021-09-17",-2.615,0.9055366108,"SEKI"
"1086","CEACOR","2021-10-17",-1.425,1.011989089,"SEKI"
"1087","CEACOR","2021-05-14",-1.165,1.278960527,"SEKI"
"1088","CEACOR","2021-06-15",-1.143333333,1.566139347,"SEKI"
"1089","CEACOR","2021-07-09",-1.81,1.817715446,"SEKI"
"1090","CEACOR","2021-08-20",-2.285,1.048625733,"SEKI"
"1091","CEACOR","2021-09-17",-2.533333333,0.8800060911,"SEKI"
"1092","CEACOR","2021-10-17",-1.71,1.064289866,"SEKI"
"1093","PINJEF","2021-04-24",-0.88,1.293963316,"SEKI"
"1094","PINJEF","2021-04-24",-1.13,1.079474607,"SEKI"
"1095","PINJEF","2021-04-24",-1.13,1.031629367,"SEKI"
"1096","PINJEF","2021-04-24",-1.275,1.172271104,"SEKI"
"1097","PINJEF","2021-04-24",-1.28,1.089111581,"SEKI"
"1098","PINJEF","2020-08-04",-2.545,1.600049722,"SEKI"
"1099","PINJEF","2020-08-26",-2.2125,1.627884124,"SEKI"
"1100","PINJEF","2020-10-19",-2.2975,1.305198147,"SEKI"
"1101","PINJEF","2021-05-15",-1.77,1.096734842,"SEKI"
"1102","PINJEF","2021-07-08",-2.05,1.959679988,"SEKI"
"1103","PINJEF","2021-07-30",-2.73,1.537159991,"SEKI"
"1104","PINJEF","2021-08-19",-2.473333333,2.957245592,"SEKI"
"1105","PINJEF","2021-09-16",-2.785,1.645225188,"SEKI"
"1106","PINJEF","2021-10-16",-2.24,1.450247798,"SEKI"
"1107","PINJEF","2021-05-15",-1.86,0.974258467,"SEKI"
"1108","PINJEF","2021-06-16",-2.915,2.383103822,"SEKI"
"1109","PINJEF","2021-07-08",-2.725,1.767522602,"SEKI"
"1110","PINJEF","2021-07-30",-2.81,1.502232304,"SEKI"
"1111","PINJEF","2021-08-19",-2.5,1.472688142,"SEKI"
"1112","PINJEF","2021-09-16",-3.003333333,0.9722355831,"SEKI"
"1113","PINJEF","2021-10-16",-2.31,1.277818792,"SEKI"
"1114","PINJEF","2021-05-15",-1.595,0.9884848219,"SEKI"
"1115","PINJEF","2021-06-16",-2.215,2.518070978,"SEKI"
"1116","PINJEF","2021-07-08",-2.545,1.804331793,"SEKI"
"1117","PINJEF","2021-07-30",-3.03,1.512818307,"SEKI"
"1118","PINJEF","2021-09-16",-2.465,1.543142212,"SEKI"
"1119","PINJEF","2021-10-16",-1.95,1.381039872,"SEKI"
"1120","PINJEF","2021-05-15",-1.49,0.9535045518,"SEKI"
"1121","PINJEF","2021-07-08",-2.08,2.251157723,"SEKI"
"1122","PINJEF","2021-07-08",-2.62,1.541603603,"SEKI"
"1123","PINJEF","2021-07-30",-2.336666667,1.112925375,"SEKI"
"1124","PINJEF","2021-08-19",-2.36,0.569088379,"SEKI"
"1125","PINJEF","2021-09-16",-2.67,1.16836012,"SEKI"
"1126","PINJEF","2021-10-16",-1.675,1.252084087,"SEKI"
"1127","PINJEF","2021-06-16",-3.02,2.73316913,"SEKI"
"1128","PINJEF","2021-07-08",-2.2,2.03848283,"SEKI"
"1129","PINJEF","2021-07-30",-2.33,1.632239773,"SEKI"
"1130","PINJEF","2021-08-19",-2.07,1.366686997,"SEKI"
"1131","PINJEF","2021-09-16",-2.195,0.5786318217,"SEKI"
"1132","PINJEF","2021-10-16",-1.68,1.465459481,"SEKI"
"1133","PINJEF","2021-05-15",-1.265,1.080045563,"SEKI"
"1134","PINJEF","2021-06-16",-2.475,2.575630252,"SEKI"
"1135","PINJEF","2021-07-08",-1.495,1.816213998,"SEKI"
"1136","PINJEF","2021-07-30",-2.35,1.424598624,"SEKI"
"1137","PINJEF","2021-08-19",-2.35,1.35610396,"SEKI"
"1138","PINJEF","2021-09-16",-2.755,1.3173046,"SEKI"
"1139","PINJEF","2021-10-16",-1.71,1.287328916,"SEKI"
"1140","PINJEF","2020-08-04",-2.5,1.682416553,"SEKI"
"1141","PINJEF","2020-08-26",-2.391,1.466145505,"SEKI"
"1142","PINJEF","2020-08-26",-2.583,1.467154952,"SEKI"
"1143","PINJEF","2020-08-04",-2.5,1.408168656,"SEKI"
"1144","PINJEF","2020-08-26",-2.466,1.335603703,"SEKI"
"1145","PINJEF","2020-08-04",-2.64,1.031400113,"SEKI"
"1146","PINJEF","2020-08-26",-2.7615,1.437079863,"SEKI"
"1147","PINJEF","2020-08-04",-2.525,1.474465809,"SEKI"
"1148","PINJEF","2020-08-26",-2.331,1.381664815,"SEKI"
"1149","PINJEF","2020-10-19",-2.9545,1.271193197,"SEKI"
"1150","PINJEF","2020-10-19",-3.343,1.286168834,"SEKI"
"1151","PINJEF","2020-10-19",-2.734,1.349276003,"SEKI"
"1152","PINJEF","2020-10-19",-2.871,1.354219388,"SEKI"
"1153","PINJEF","2020-10-19",-2.389,1.289390273,"SEKI"
"1154","PINJEF","2021-04-24",-0.88,1.10760947,"SEKI"
"1155","PINJEF","2021-04-24",-1.13,0.9360528989,"SEKI"
"1156","PINJEF","2021-04-24",-1.275,1.009473234,"SEKI"
"1157","PINJEF","2021-04-24",-1.13,1.062587628,"SEKI"
"1158","PINJEF","2021-04-24",-1.28,0.869029508,"SEKI"
"1159","PINJEF","2021-04-24",-1.25,0.9603702951,"SEKI"
"1160","PINJEF","2021-04-24",-1.13,0.9027451447,"SEKI"
"1161","PINJEF","2020-08-04",-2.545,1.141684828,"SEKI"
"1162","PINJEF","2020-08-26",-2.2125,1.219914709,"SEKI"
"1163","PINJEF","2021-05-15",-1.77,0.8782022544,"SEKI"
"1164","PINJEF","2021-06-16",-1.96,0.9808319161,"SEKI"
"1165","PINJEF","2021-07-08",-2.05,1.185148087,"SEKI"
"1166","PINJEF","2021-08-19",-2.473333333,1.129831024,"SEKI"
"1167","PINJEF","2021-09-16",-2.785,1.232526287,"SEKI"
"1168","PINJEF","2021-10-16",-2.24,1.115251153,"SEKI"
"1169","PINJEF","2021-05-15",-1.86,0.813871521,"SEKI"
"1170","PINJEF","2021-06-16",-2.915,0.860590638,"SEKI"
"1171","PINJEF","2021-07-08",-2.725,0.9413435584,"SEKI"
"1172","PINJEF","2021-08-19",-2.5,0.9890660867,"SEKI"
"1173","PINJEF","2021-09-16",-3.003333333,1.031257255,"SEKI"
"1174","PINJEF","2021-10-16",-2.31,0.9959355568,"SEKI"
"1175","PINJEF","2021-05-15",-1.595,0.9036554954,"SEKI"
"1176","PINJEF","2021-06-16",-2.215,0.8515040352,"SEKI"
"1177","PINJEF","2021-07-08",-2.545,0.9602915284,"SEKI"
"1178","PINJEF","2021-08-19",-2.256666667,0.9667887189,"SEKI"
"1179","PINJEF","2021-09-16",-2.465,0.9402468497,"SEKI"
"1180","PINJEF","2021-10-16",-1.95,1.167717689,"SEKI"
"1181","PINJEF","2021-05-15",-1.49,0.8267709691,"SEKI"
"1182","PINJEF","2021-06-16",-2.465,0.7819259337,"SEKI"
"1183","PINJEF","2021-07-08",-2.62,0.9750575193,"SEKI"
"1184","PINJEF","2021-08-19",-2.36,1.000400771,"SEKI"
"1185","PINJEF","2021-09-16",-2.67,0.9084050762,"SEKI"
"1186","PINJEF","2021-10-16",-1.675,0.961500666,"SEKI"
"1187","PINJEF","2021-06-16",-3.02,0.904424476,"SEKI"
"1188","PINJEF","2021-07-08",-2.2,1.047266543,"SEKI"
"1189","PINJEF","2021-08-19",-2.07,1.017699502,"SEKI"
"1190","PINJEF","2021-09-16",-2.195,1.032763533,"SEKI"
"1191","PINJEF","2021-10-16",-1.68,1.255796141,"SEKI"
"1192","PINJEF","2021-05-15",-1.265,0.88784219,"SEKI"
"1193","PINJEF","2021-06-16",-2.475,0.9312428363,"SEKI"
"1194","PINJEF","2021-07-08",-1.495,0.9664743372,"SEKI"
"1195","PINJEF","2021-08-19",-2.35,1.094378408,"SEKI"
"1196","PINJEF","2021-09-16",-2.755,0.9853505406,"SEKI"
"1197","PINJEF","2021-10-16",-1.71,0.9926729826,"SEKI"
"1198","PINJEF","2020-08-04",-2.5,1.057785396,"SEKI"
"1199","PINJEF","2020-08-04",-2.18,1.049124033,"SEKI"
"1200","PINJEF","2020-08-26",-2.583,1.170021908,"SEKI"
"1201","PINJEF","2020-08-04",-2.5,1.035976542,"SEKI"
"1202","PINJEF","2020-08-26",-2.466,1.04972759,"SEKI"
"1203","PINJEF","2020-08-04",-2.64,1.038800773,"SEKI"
"1204","PINJEF","2020-08-26",-2.7615,1.092441034,"SEKI"
"1205","PINJEF","2020-08-04",-2.525,0.9932443868,"SEKI"
"1206","PINJEF","2020-08-26",-2.331,1.075002897,"SEKI"
"1207","QUEKEL","2020-08-04",-2.91,1.018884819,"SEKI"
"1208","QUEKEL","2020-08-26",-3.6655,1.052774849,"SEKI"
"1209","QUEKEL","2020-10-19",-3.8435,0.8965155087,"SEKI"
"1210","QUEKEL","2020-08-04",-2.6,0.9499868893,"SEKI"
"1211","QUEKEL","2020-08-26",-3.177,1.047241781,"SEKI"
"1212","QUEKEL","2020-10-19",-4.3985,0.8436975632,"SEKI"
"1213","QUEKEL","2020-08-04",-2.975,0.9229246744,"SEKI"
"1214","QUEKEL","2020-08-26",-3.8585,1.0006866,"SEKI"
"1215","QUEKEL","2020-10-19",-3.5565,0.9954154524,"SEKI"
"1216","QUEKEL","2020-08-04",-3.49,1.046512714,"SEKI"
"1217","QUEKEL","2020-08-26",-3.691,1.061939749,"SEKI"
"1218","QUEKEL","2020-10-19",-4.122,0.8925745619,"SEKI"
"1219","QUEKEL","2020-08-04",-2.545,0.9454095081,"SEKI"
"1220","QUEKEL","2020-08-26",-3.203,1.033352938,"SEKI"
"1221","QUEKEL","2020-10-19",-3.9305,0.8851532282,"SEKI"
"1222","QUEKEL","2020-08-04",-3.115,0.9317393413,"SEKI"
"1223","QUEKEL","2020-08-26",-3.061,0.8931427893,"SEKI"
"1224","QUEKEL","2020-10-19",-2.4995,0.7880889837,"SEKI"
"1225","QUEKEL","2021-06-16",-1.895,1.866985534,"SEKI"
"1226","QUEKEL","2021-07-08",-2.9,0.6957057443,"SEKI"
"1227","QUEKEL","2021-07-30",-3.52,1.077238093,"SEKI"
"1228","QUEKEL","2021-08-19",-3.68,1.016199305,"SEKI"
"1229","QUEKEL","2021-09-16",-4.383333333,1.012242525,"SEKI"
"1230","QUEKEL","2021-10-16",-3.415,1.015393922,"SEKI"
"1231","QUEKEL","2021-06-16",-2.16,1.288229489,"SEKI"
"1232","QUEKEL","2021-07-08",-2.83,1.11499029,"SEKI"
"1233","QUEKEL","2021-07-30",-3.205,0.9825927324,"SEKI"
"1234","QUEKEL","2021-08-19",-3.355,0.9476302125,"SEKI"
"1235","QUEKEL","2021-09-16",-3.076666667,0.8970374465,"SEKI"
"1236","QUEKEL","2021-10-16",-3.31,0.9444287143,"SEKI"
"1237","QUEKEL","2021-06-16",-2.375,1.285107551,"SEKI"
"1238","QUEKEL","2021-07-08",-3.65,1.063207743,"SEKI"
"1239","QUEKEL","2021-07-30",-4.145,0.945972857,"SEKI"
"1240","QUEKEL","2021-08-19",-3.753333333,0.9006370191,"SEKI"
"1241","QUEKEL","2021-09-16",-4.425,0.8516810809,"SEKI"
"1242","QUEKEL","2021-10-16",-3.99,1.041753552,"SEKI"
"1243","QUEKEL","2021-06-16",-3.586666667,0.9814276514,"SEKI"
"1244","QUEKEL","2021-07-08",-3.66,1.117130933,"SEKI"
"1245","QUEKEL","2021-07-30",-3.86,0.9418793556,"SEKI"
"1246","QUEKEL","2021-08-19",-3.54,0.8906004205,"SEKI"
"1247","QUEKEL","2021-09-16",-4.115,0.900102496,"SEKI"
"1248","QUEKEL","2021-10-16",-3.52,1.081937779,"SEKI"
"1249","QUEKEL","2021-06-16",-1.69,2.216198325,"SEKI"
"1250","QUEKEL","2021-07-08",-2.99,1.17004306,"SEKI"
"1251","QUEKEL","2021-07-30",-3.235,1.083156145,"SEKI"
"1252","QUEKEL","2021-08-19",-3.01,0.9765226671,"SEKI"
"1253","QUEKEL","2021-09-16",-2.735,1.063481037,"SEKI"
"1254","QUEKEL","2021-06-16",-1.716666667,2.088373526,"SEKI"
"1255","QUEKEL","2021-07-08",-2.735,1.226487504,"SEKI"
"1256","QUEKEL","2021-07-30",-3.075,0.9028462412,"SEKI"
"1257","QUEKEL","2021-08-19",-3.09,0.906104442,"SEKI"
"1258","QUEKEL","2021-09-16",-3.67,0.9236416696,"SEKI"
"1259","QUEKEL","2021-10-16",-3.04,1.019237184,"SEKI"
