x1,species,date,mwp,lfm,study,tissue_age,sp_site,ilfm,study_nice
1,ADEFAS,2021-10-09,-4.38,0.584314486,Pepperwood,both,ADEFAS_Pepperwood,1.7114071685020658,PwD
2,ADEFAS,2021-10-09,-3.7,0.671220527,Pepperwood,both,ADEFAS_Pepperwood,1.4898233289578762,PwD
3,ADEFAS,2021-10-09,-2.98,0.625402086,Pepperwood,both,ADEFAS_Pepperwood,1.5989713216274752,PwD
4,ADEFAS,2021-10-09,-3.25,0.721184867,Pepperwood,both,ADEFAS_Pepperwood,1.3866070209706718,PwD
5,ADEFAS,2021-10-10,-5.43,0.579219755,Pepperwood,both,ADEFAS_Pepperwood,1.7264604519574787,PwD
6,ADEFAS,2021-10-10,-4.95,0.641992379,Pepperwood,both,ADEFAS_Pepperwood,1.5576508891860228,PwD
7,ADEFAS,2021-10-09,-4.53,0.661111111,Pepperwood,both,ADEFAS_Pepperwood,1.5126050422710262,PwD
8,ADEFAS,2021-10-09,-3.45,0.671662568,Pepperwood,both,ADEFAS_Pepperwood,1.4888428321644984,PwD
9,ARBMEN,2021-10-09,-2,1.278266522,Pepperwood,both,ARBMEN_Pepperwood,0.7823094658188975,PwD
10,ARBMEN,2021-10-10,-2.88,1.144009132,Pepperwood,both,ARBMEN_Pepperwood,0.8741188964565013,PwD
11,ARBMEN,2021-10-10,-2.83,1.147782349,Pepperwood,both,ARBMEN_Pepperwood,0.8712453200480433,PwD
12,ARBMEN,2021-10-10,-1.98,1.400414108,Pepperwood,both,ARBMEN_Pepperwood,0.7140744971700899,PwD
13,ARBMEN,2021-10-09,-2.63,1.264533139,Pepperwood,both,ARBMEN_Pepperwood,0.7908056888021184,PwD
14,ARBMEN,2021-10-09,-5.55,0.997672924,Pepperwood,both,ARBMEN_Pepperwood,1.002332503913878,PwD
19,CEACUN,2021-10-10,-7,0.564123163,Pepperwood,both,CEACUN_Pepperwood,1.7726625417790194,PwD
20,CEACUN,2021-10-10,-6.1,0.650413253,Pepperwood,both,CEACUN_Pepperwood,1.537484046316012,PwD
24,CEAPAR,2021-10-10,-4.3,0.680411238,Pepperwood,both,CEAPAR_Pepperwood,1.4696994172809354,PwD
25,CEACUN,2021-10-10,-6.1,0.620528587,Pepperwood,both,CEACUN_Pepperwood,1.6115293009055196,PwD
26,CEAPAR,2021-10-10,-4.23,0.726448975,Pepperwood,both,CEAPAR_Pepperwood,1.3765591726521467,PwD
27,CEAPAR,2021-10-10,-3.28,0.843124292,Pepperwood,both,CEAPAR_Pepperwood,1.1860647469044812,PwD
28,CEAPAR,2021-10-10,-3.9,0.678806528,Pepperwood,both,CEAPAR_Pepperwood,1.4731738113160868,PwD
29,CEAPAR,2021-10-10,-3.57,0.827752707,Pepperwood,both,CEAPAR_Pepperwood,1.2080902805190101,PwD
30,CEAPAR,2021-10-10,-3.43,0.74622315,Pepperwood,both,CEAPAR_Pepperwood,1.3400817168430115,PwD
31,HETARB,2021-10-09,-3.53,0.861461488,Pepperwood,both,HETARB_Pepperwood,1.1608179981691764,PwD
32,HETARB,2021-10-09,-3.73,0.920271816,Pepperwood,both,HETARB_Pepperwood,1.0866354729264034,PwD
33,HETARB,2021-10-09,-2.6,0.920118454,Pepperwood,both,HETARB_Pepperwood,1.0868165893779584,PwD
34,HETARB,2021-10-09,-2.38,0.969629886,Pepperwood,both,HETARB_Pepperwood,1.0313213468752345,PwD
35,HETARB,2021-10-09,-3.49,0.859009946,Pepperwood,both,HETARB_Pepperwood,1.164130874917716,PwD
36,HETARB,2021-10-09,-3.08,0.89573607,Pepperwood,both,HETARB_Pepperwood,1.1164002807210833,PwD
37,PSEMEN,2021-10-09,-2.3,1.307662577,Pepperwood,both,PSEMEN_Pepperwood,0.7647232685163857,PwD
38,PSEMEN,2021-10-10,-2.23,1.215720367,Pepperwood,both,PSEMEN_Pepperwood,0.8225575775025245,PwD
39,PSEMEN,2021-10-10,-2.4,1.189199656,Pepperwood,both,PSEMEN_Pepperwood,0.8409016895982016,PwD
40,PSEMEN,2021-10-10,-2.3,1.187939718,Pepperwood,both,PSEMEN_Pepperwood,0.841793556396605,PwD
41,PSEMEN,2021-10-09,-2.75,1.264121005,Pepperwood,both,PSEMEN_Pepperwood,0.7910635105695439,PwD
42,PSEMEN,2021-10-09,-2.48,1.123719849,Pepperwood,both,PSEMEN_Pepperwood,0.8899015185056146,PwD
43,QUEAGR,2020-10-10,-3.6,0.883302812,Pepperwood,both,QUEAGR_Pepperwood,1.1321145890340492,PwD
44,QUEAGR,2021-10-09,-3.43,0.681923508,Pepperwood,both,QUEAGR_Pepperwood,1.4664401333411723,PwD
45,QUEAGR,2021-10-09,-3.03,0.795505733,Pepperwood,both,QUEAGR_Pepperwood,1.2570619651335686,PwD
46,QUEAGR,2021-10-09,-1.78,0.860920709,Pepperwood,both,QUEAGR_Pepperwood,1.1615471547450023,PwD
47,QUEAGR,2021-10-09,-1.65,0.898304996,Pepperwood,both,QUEAGR_Pepperwood,1.1132076571463263,PwD
48,QUEAGR,2020-10-10,-3.5,0.803223525,Pepperwood,both,QUEAGR_Pepperwood,1.2449834558817234,PwD
49,QUEDOU,2021-10-09,-4.48,0.447947395,Pepperwood,both,QUEDOU_Pepperwood,2.23240499032258,PwD
50,QUEDOU,2021-10-10,-3.69,0.799913047,Pepperwood,both,QUEDOU_Pepperwood,1.2501358788313401,PwD
51,QUEDOU,2020-10-10,-4.93,0.700167662,Pepperwood,both,QUEDOU_Pepperwood,1.42822934315981,PwD
52,QUEDOU,2020-10-10,-5.86,0.91333248,Pepperwood,both,QUEDOU_Pepperwood,1.0948915339132579,PwD
53,QUEDOU,2020-10-10,-4.7,0.76995303,Pepperwood,both,QUEDOU_Pepperwood,1.2987805243132817,PwD
54,QUEDOU,2020-10-10,-5.7,0.658393785,Pepperwood,both,QUEDOU_Pepperwood,1.5188478730855577,PwD
55,QUEDUR,2021-10-09,-3,0.642868762,Pepperwood,both,QUEDUR_Pepperwood,1.5555274406069213,PwD
56,QUEDUR,2021-10-09,-3.58,0.729916234,Pepperwood,both,QUEDUR_Pepperwood,1.3700202207038457,PwD
57,QUEDUR,2021-10-09,-3.55,0.726486372,Pepperwood,both,QUEDUR_Pepperwood,1.3764883121579052,PwD
58,QUEDUR,2021-10-09,-2.55,0.73762785,Pepperwood,both,QUEDUR_Pepperwood,1.3556971852404978,PwD
59,QUEDUR,2021-10-09,-3.23,0.663273416,Pepperwood,both,QUEDUR_Pepperwood,1.507673873062327,PwD
60,QUEDUR,2021-10-09,-2.5,0.741136309,Pepperwood,both,QUEDUR_Pepperwood,1.3492794616273482,PwD
61,QUEGAR,2020-10-10,-4.65,0.741709858,Pepperwood,both,QUEGAR_Pepperwood,1.3482360915310903,PwD
62,QUEGAR,2021-10-09,-5.2,0.80826202,Pepperwood,both,QUEGAR_Pepperwood,1.2372225531517613,PwD
63,QUEGAR,2021-10-09,-3.23,0.847712906,Pepperwood,both,QUEGAR_Pepperwood,1.1796446567253276,PwD
64,QUEGAR,2020-10-10,-5.4,0.706968294,Pepperwood,both,QUEGAR_Pepperwood,1.4144905910023737,PwD
65,QUEGAR,2021-10-09,-4.63,0.761625559,Pepperwood,both,QUEGAR_Pepperwood,1.3129811469470394,PwD
66,QUEGAR,2021-10-09,-4.6,0.843898212,Pepperwood,both,QUEGAR_Pepperwood,1.184977033699415,PwD
67,QUEKEL,2021-10-09,-4.47,0.914238534,Pepperwood,both,QUEKEL_Pepperwood,1.0938064441724789,PwD
68,QUEKEL,2021-10-09,-4.48,0.876059156,Pepperwood,both,QUEKEL_Pepperwood,1.1414754279447312,PwD
69,QUEKEL,2021-10-10,-3.28,0.877132291,Pepperwood,both,QUEKEL_Pepperwood,1.140078880073975,PwD
70,QUEKEL,2021-10-09,-4.72,0.839845336,Pepperwood,both,QUEKEL_Pepperwood,1.1906954258539812,PwD
71,QUEKEL,2021-10-09,-4.75,0.898006801,Pepperwood,both,QUEKEL_Pepperwood,1.1135773124283945,PwD
72,QUEKEL,2021-10-10,-2.63,0.856270199,Pepperwood,both,QUEKEL_Pepperwood,1.1678556618785234,PwD
73,UMBCAL,2021-10-09,-2.75,1.099858213,Pepperwood,both,UMBCAL_Pepperwood,0.9092081035357963,PwD
74,UMBCAL,2021-10-09,-2.35,1.011867545,Pepperwood,both,UMBCAL_Pepperwood,0.988271641818495,PwD
75,UMBCAL,2021-10-09,-2.65,0.928036816,Pepperwood,both,UMBCAL_Pepperwood,1.0775434581466001,PwD
76,UMBCAL,2021-10-09,-2.52,1.119425868,Pepperwood,both,UMBCAL_Pepperwood,0.8933150721151639,PwD
77,UMBCAL,2021-10-09,-2.45,1.143309835,Pepperwood,both,UMBCAL_Pepperwood,0.8746535448109742,PwD
78,UMBCAL,2021-10-09,-2.93,1.086683609,Pepperwood,both,UMBCAL_Pepperwood,0.9202310513547094,PwD
79,QUEGAR,2022-06-16,-1.56,0.94005994,Pepperwood,both,QUEGAR_Pepperwood,1.0637619554344588,PwD
80,QUEDUR,2022-06-17,-0.23,0.953642384,Pepperwood,both,QUEDUR_Pepperwood,1.0486111112276235,PwD
81,HETARB,2022-06-17,-1.59,1.381935484,Pepperwood,both,HETARB_Pepperwood,0.7236227823787467,PwD
82,ADEFAS,2022-06-17,-0.96,1.233128834,Pepperwood,both,ADEFAS_Pepperwood,0.8109452738658449,PwD
83,HETARB,2022-06-17,-0.83,1.443365696,Pepperwood,both,HETARB_Pepperwood,0.6928251120082044,PwD
84,ADEFAS,2022-06-17,-0.64,0.963882619,Pepperwood,both,ADEFAS_Pepperwood,1.0374707254680768,PwD
85,HETARB,2022-06-17,-1.25,1.57837181,Pepperwood,both,HETARB_Pepperwood,0.6335642803960114,PwD
86,HETARB,2022-06-17,-1.4,1.902158273,Pepperwood,both,HETARB_Pepperwood,0.5257186082748225,PwD
87,ADEFAS,2022-06-17,-1.13,1.082706767,Pepperwood,both,ADEFAS_Pepperwood,0.9236111110405576,PwD
88,ADEFAS,2022-06-17,-0.9,1.142307692,Pepperwood,both,ADEFAS_Pepperwood,0.875420875656679,PwD
89,QUEAGR,2022-06-16,-1.48,1.155672823,Pepperwood,both,QUEAGR_Pepperwood,0.8652968038169399,PwD
90,CEACUN,2022-06-16,-1.58,1.322946176,Pepperwood,both,CEACUN_Pepperwood,0.7558886507564159,PwD
91,CEACUN,2022-06-16,-2.45,1.163978495,Pepperwood,both,CEACUN_Pepperwood,0.8591224015697987,PwD
92,CEACUN,2022-06-16,-2.73,1.225705329,Pepperwood,both,CEACUN_Pepperwood,0.8158567775958491,PwD
93,ADEFAS,2022-06-16,-2.55,0.864150943,Pepperwood,both,ADEFAS_Pepperwood,1.1572052407052689,PwD
94,ADEFAS,2022-06-16,-2.05,0.816777042,Pepperwood,both,ADEFAS_Pepperwood,1.2243243242382906,PwD
95,CEAPAR,2022-06-16,-0.9,1.658682635,Pepperwood,both,CEAPAR_Pepperwood,0.6028880865446572,PwD
96,CEAPAR,2022-06-16,-2.1,1.338078292,Pepperwood,both,CEAPAR_Pepperwood,0.7473404254285593,PwD
97,CEAPAR,2022-06-16,-2.68,1.077777778,Pepperwood,both,CEAPAR_Pepperwood,0.9278350513550856,PwD
98,QUEAGR,2022-06-17,-1.68,1.066365008,Pepperwood,both,QUEAGR_Pepperwood,0.9377652046887119,PwD
99,QUEDOU,2022-06-17,-1.66,1.031869078,Pepperwood,both,QUEDOU_Pepperwood,0.9691151923441979,PwD
100,QUEKEL,2022-06-17,-0.61,0.993553009,Pepperwood,both,QUEKEL_Pepperwood,1.0064888243924588,PwD
101,QUEAGR,2022-06-17,-1.42,1.051075269,Pepperwood,both,QUEAGR_Pepperwood,0.95140664945090625,PwD
102,QUEKEL,2022-06-17,-1.32,1.114448052,Pepperwood,both,QUEKEL_Pepperwood,0.8973051711162218,PwD
103,QUEGAR,2022-06-17,-2.25,1.079819277,Pepperwood,both,QUEGAR_Pepperwood,0.926080892701085,PwD
104,QUEGAR,2022-06-17,-2.43,0.9348659,Pepperwood,both,QUEGAR_Pepperwood,1.0696721315859312,PwD
105,QUEKEL,2022-06-16,-1.83,1.126344086,Pepperwood,both,QUEKEL_Pepperwood,0.8878281623081208,PwD
106,QUEKEL,2022-06-17,-1.83,1.041310541,Pepperwood,both,QUEKEL_Pepperwood,0.9603283176598516,PwD
107,QUEDOU,2022-06-17,-1.23,1.252118644,Pepperwood,both,QUEDOU_Pepperwood,0.7986463621413818,PwD
108,QUEKEL,2022-06-17,-1.59,1.008973081,Pepperwood,both,QUEKEL_Pepperwood,0.9911067191296059,PwD
109,UMBCAL,2022-06-17,-1.45,1.4375,Pepperwood,both,UMBCAL_Pepperwood,0.6956521739130435,PwD
110,QUEAGR,2022-06-16,-0.96,0.956140351,Pepperwood,both,QUEAGR_Pepperwood,1.0458715594986954,PwD
111,QUEAGR,2022-06-16,-0.28,1.454368932,Pepperwood,both,QUEAGR_Pepperwood,0.6875834446111504,PwD
112,UMBCAL,2022-06-16,-0.68,1.354666667,Pepperwood,both,UMBCAL_Pepperwood,0.7381889761963117,PwD
113,UMBCAL,2022-06-16,-1.33,1.234269119,Pepperwood,both,UMBCAL_Pepperwood,0.8101960784777603,PwD
114,UMBCAL,2022-06-16,-0.96,1.648444863,Pepperwood,both,UMBCAL_Pepperwood,0.6066323614731662,PwD
115,UMBCAL,2022-06-16,-0.43,2.295739348,Pepperwood,both,UMBCAL_Pepperwood,0.4355895197210341,PwD
116,PSEMEN,2022-06-16,-1.01,1.427350427,Pepperwood,both,PSEMEN_Pepperwood,0.700598802567213,PwD
117,QUEDOU,2022-06-16,-2.65,1.045822102,Pepperwood,both,QUEDOU_Pepperwood,0.9561855673996837,PwD
118,QUEDOU,2022-06-16,-1.63,1.095679012,Pepperwood,both,QUEDOU_Pepperwood,0.9126760566259711,PwD
119,QUEDOU,2022-06-16,-0.97,1.211081794,Pepperwood,both,QUEDOU_Pepperwood,0.8257080611352993,PwD
120,QUEAGR,2022-06-16,-1.71,1.037634409,Pepperwood,both,QUEAGR_Pepperwood,0.9637305695786732,PwD
121,QUEGAR,2022-06-16,-1.23,0.857418112,Pepperwood,both,QUEGAR_Pepperwood,1.166292134495988,PwD
122,QUEDOU,2022-06-16,-1.87,1.009160305,Pepperwood,both,QUEDOU_Pepperwood,0.9909228445127952,PwD
123,PSEMEN,2022-06-16,-1.53,1.338790932,Pepperwood,both,PSEMEN_Pepperwood,0.7469426152342657,PwD
124,QUEKEL,2022-06-16,-2.7,1.255912162,Pepperwood,both,QUEKEL_Pepperwood,0.7962340283475972,PwD
125,ARBMEN,2022-06-16,-1.72,1.787968442,Pepperwood,both,ARBMEN_Pepperwood,0.5592939878074201,PwD
126,ARBMEN,2022-06-16,-1.7,1.858657244,Pepperwood,both,ARBMEN_Pepperwood,0.5380228136350244,PwD
127,ARBMEN,2022-06-16,-1.83,1.617021277,Pepperwood,both,ARBMEN_Pepperwood,0.6184210524769737,PwD
128,ARBMEN,2022-06-16,-1.8,2.050669216,Pepperwood,both,ARBMEN_Pepperwood,0.4876456876602374,PwD
129,PSEMEN,2022-06-16,-2.05,1.123275069,Pepperwood,both,PSEMEN_Pepperwood,0.890253890251703,PwD
130,PSEMEN,2022-06-16,-1.83,1.170391061,Pepperwood,both,PSEMEN_Pepperwood,0.854415274793354,PwD
131,QUEGAR,2022-06-16,-2.63,1.067497404,Pepperwood,both,QUEGAR_Pepperwood,0.9367704279681789,PwD
132,QUEGAR,2022-06-16,-2.9,1.121590909,Pepperwood,both,QUEGAR_Pepperwood,0.8915906788969881,PwD
133,PSEMEN,2022-06-16,-1.93,1.245517241,Pepperwood,both,PSEMEN_Pepperwood,0.8028792914958935,PwD
134,PSEMEN,2022-06-16,-1.83,1.154711674,Pepperwood,both,PSEMEN_Pepperwood,0.8660170521494182,PwD
135,UMBCAL,2022-06-16,-1,1.269083969,Pepperwood,both,UMBCAL_Pepperwood,0.7879699251011498,PwD
136,ARBMEN,2022-06-16,-1.12,1.489925769,Pepperwood,both,ARBMEN_Pepperwood,0.6711743771444226,PwD
137,ARBMEN,2022-06-16,-1.75,1.551724138,Pepperwood,both,ARBMEN_Pepperwood,0.6444444444158025,PwD
138,QUEDUR,2022-06-17,-0.77,1.379844961,Pepperwood,both,QUEDUR_Pepperwood,0.7247191012498105,PwD
139,QUEDUR,2022-06-17,-0.42,1.13028169,Pepperwood,both,QUEDUR_Pepperwood,0.8847352026024593,PwD
140,HETARB,2022-06-17,-1.11,1.231923602,Pepperwood,both,HETARB_Pepperwood,0.8117386487088345,PwD
141,QUEDUR,2022-06-17,-0.45,1.058282209,Pepperwood,both,QUEDUR_Pepperwood,0.9449275358648688,PwD
142,QUEDUR,2022-06-17,-0.73,0.993569132,Pepperwood,both,QUEDUR_Pepperwood,1.0064724917400112,PwD
143,HETARB,2022-06-17,-1.25,1.624203822,Pepperwood,both,HETARB_Pepperwood,0.6156862743794234,PwD
144,ADEFAS,2022-06-17,-0.79,0.922178988,Pepperwood,both,ADEFAS_Pepperwood,1.0843881860383486,PwD
145,QUEDUR,2022-06-17,-0.63,1.11722488,Pepperwood,both,QUEDUR_Pepperwood,0.8950749467734732,PwD
146,ADEFAS,2022-06-17,-1.03,1.025316456,Pepperwood,both,ADEFAS_Pepperwood,0.9753086416863282,PwD
148,ADEFAS,2015-08-17,-4.27,0.6342,StuntRanch,both,ADEFAS_StuntRanch,1.576789656259855,StR
149,ADEFAS,2015-08-17,-4.27,0.6287,StuntRanch,both,ADEFAS_StuntRanch,1.5905837442341337,StR
150,ADEFAS,2015-08-17,-5.38,0.7352,StuntRanch,both,ADEFAS_StuntRanch,1.3601741022850926,StR
151,ADEFAS,2015-08-17,-5.38,0.5021,StuntRanch,both,ADEFAS_StuntRanch,1.9916351324437362,StR
152,ADEFAS,2015-08-17,-5.52,0.6214,StuntRanch,both,ADEFAS_StuntRanch,1.60926939169617,StR
153,CERBET,2015-08-17,-4.96,0.6082,StuntRanch,both,CERBET_StuntRanch,1.644195988161789,StR
154,CERBET,2015-08-17,-5.1,0.6351,StuntRanch,both,CERBET_StuntRanch,1.574555188159345,StR
155,CEASPI,2015-08-17,-4.83,0.7602,StuntRanch,both,CEASPI_StuntRanch,1.3154433043935807,StR
156,CEASPI,2015-08-17,-4.9,0.7729,StuntRanch,both,CEASPI_StuntRanch,1.2938284383490748,StR
157,CEASPI,2015-08-17,-4.96,0.8172,StuntRanch,both,CEASPI_StuntRanch,1.2236906510034262,StR
158,HETARB,2015-08-17,-3.31,0.8876,StuntRanch,both,HETARB_StuntRanch,1.1266336187471835,StR
159,HETARB,2015-08-17,-3.45,0.872,StuntRanch,both,HETARB_StuntRanch,1.146788990825688,StR
160,HETARB,2015-08-17,-3.86,0.8975,StuntRanch,both,HETARB_StuntRanch,1.1142061281337048,StR
161,HETARB,2015-08-17,-3.86,0.9041,StuntRanch,both,HETARB_StuntRanch,1.1060723371308483,StR
162,MALLAU,2015-08-17,-1.79,1.196,StuntRanch,both,MALLAU_StuntRanch,0.8361204013377926,StR
163,MALLAU,2015-08-17,-1.86,1.1863,StuntRanch,both,MALLAU_StuntRanch,0.8429570934839418,StR
164,MALLAU,2015-08-17,-1.93,1.2293,StuntRanch,both,MALLAU_StuntRanch,0.8134710811030668,StR
165,QUEAGR,2015-08-17,-2.62,0.7451,StuntRanch,both,QUEAGR_StuntRanch,1.3421017313112333,StR
166,QUEAGR,2015-08-17,-2.76,0.7557,StuntRanch,both,QUEAGR_StuntRanch,1.323276432446738,StR
167,QUEAGR,2015-08-17,-2.93,0.7547,StuntRanch,both,QUEAGR_StuntRanch,1.3250298131707963,StR
168,QUEBER,2015-08-17,-3.86,0.6724,StuntRanch,both,QUEBER_StuntRanch,1.48720999405116,StR
169,QUEBER,2015-08-17,-4,0.6312,StuntRanch,both,QUEBER_StuntRanch,1.5842839036755387,StR
170,QUEBER,2015-08-17,-4.27,0.6806,StuntRanch,both,QUEBER_StuntRanch,1.4692918013517484,StR
171,QUEBER,2015-08-17,-4.27,0.6582,StuntRanch,both,QUEBER_StuntRanch,1.5192950470981463,StR
172,ADEFAS,2015-09-16,-3.45,0.5811,StuntRanch,both,ADEFAS_StuntRanch,1.7208742040956808,StR
173,ADEFAS,2015-09-16,-4.34,0.554,StuntRanch,both,ADEFAS_StuntRanch,1.8050541516245486,StR
174,ADEFAS,2015-09-16,-4.48,0.5453,StuntRanch,both,ADEFAS_StuntRanch,1.8338529249954154,StR
175,ADEFAS,2015-09-16,-4.83,0.5725,StuntRanch,both,ADEFAS_StuntRanch,1.7467248908296944,StR
176,CERBET,2015-09-16,-1.72,0.6515,StuntRanch,both,CERBET_StuntRanch,1.5349194167306217,StR
177,CERBET,2015-09-16,-2.07,0.6647,StuntRanch,both,CERBET_StuntRanch,1.504438092372499,StR
178,CERBET,2015-09-16,-2.76,0.5733,StuntRanch,both,CERBET_StuntRanch,1.7442874585731727,StR
179,CERBET,2015-09-16,-3.03,0.6379,StuntRanch,both,CERBET_StuntRanch,1.5676438313215237,StR
180,CERBET,2015-09-16,-3.31,0.5744,StuntRanch,both,CERBET_StuntRanch,1.7409470752089136,StR
181,CEASPI,2015-09-16,-2.28,0.6753,StuntRanch,both,CEASPI_StuntRanch,1.4808233377758033,StR
182,CEASPI,2015-09-16,-2.69,0.7294,StuntRanch,both,CEASPI_StuntRanch,1.3709898546750754,StR
183,CEASPI,2015-09-16,-2.76,0.7326,StuntRanch,both,CEASPI_StuntRanch,1.365001365001365,StR
184,CEASPI,2015-09-16,-3,0.712,StuntRanch,both,CEASPI_StuntRanch,1.404494382022472,StR
185,CEASPI,2015-09-16,-5.1,0.6973,StuntRanch,both,CEASPI_StuntRanch,1.434102968593145,StR
186,ERIFAS,2015-09-16,-2.21,0.6202,StuntRanch,both,ERIFAS_StuntRanch,1.6123831022250887,StR
187,ERIFAS,2015-09-16,-2.9,0.606,StuntRanch,both,ERIFAS_StuntRanch,1.6501650165016502,StR
188,ERIFAS,2015-09-16,-2.96,0.6541,StuntRanch,both,ERIFAS_StuntRanch,1.5288182235132242,StR
189,ERIFAS,2015-09-16,-3.31,0.6045,StuntRanch,both,ERIFAS_StuntRanch,1.6542597187758477,StR
190,ERIFAS,2015-09-16,-3.31,0.6415,StuntRanch,both,ERIFAS_StuntRanch,1.558846453624318,StR
191,HETARB,2015-09-16,-2.76,0.7372,StuntRanch,both,HETARB_StuntRanch,1.3564839934888768,StR
192,HETARB,2015-09-16,-2.9,0.8057,StuntRanch,both,HETARB_StuntRanch,1.2411567580985479,StR
193,HETARB,2015-09-16,-2.9,0.7602,StuntRanch,both,HETARB_StuntRanch,1.3154433043935807,StR
194,HETARB,2015-09-16,-2.96,0.767,StuntRanch,both,HETARB_StuntRanch,1.303780964797914,StR
195,HETARB,2015-09-16,-3.72,0.7367,StuntRanch,both,HETARB_StuntRanch,1.3574046423238768,StR
196,QUEAGR,2015-09-16,-2.52,0.6976,StuntRanch,both,QUEAGR_StuntRanch,1.43348623853211,StR
197,QUEAGR,2015-09-16,-2.83,0.6505,StuntRanch,both,QUEAGR_StuntRanch,1.5372790161414298,StR
198,QUEAGR,2015-09-16,-2.83,0.7421,StuntRanch,both,QUEAGR_StuntRanch,1.3475272874275703,StR
199,QUEAGR,2015-09-16,-3.1,0.7354,StuntRanch,both,QUEAGR_StuntRanch,1.3598041881968996,StR
200,QUEAGR,2015-09-16,-4.83,0.705,StuntRanch,both,QUEAGR_StuntRanch,1.4184397163120568,StR
201,QUEBER,2015-09-16,-3.31,0.6531,StuntRanch,both,QUEBER_StuntRanch,1.5311590874291838,StR
202,QUEBER,2015-09-16,-3.52,0.5891,StuntRanch,both,QUEBER_StuntRanch,1.6975046681378374,StR
203,QUEBER,2015-09-16,-3.55,0.6333,StuntRanch,both,QUEBER_StuntRanch,1.5790304752881732,StR
204,QUEBER,2015-09-16,-3.59,0.5814,StuntRanch,both,QUEBER_StuntRanch,1.719986240110079,StR
205,QUEBER,2015-09-16,-3.93,0.6171,StuntRanch,both,QUEBER_StuntRanch,1.6204829039053639,StR
206,SALLEU,2015-09-16,-2.34,0.8092,StuntRanch,both,SALLEU_StuntRanch,1.2357884330202669,StR
207,SALLEU,2015-09-16,-2.55,1.0264,StuntRanch,both,SALLEU_StuntRanch,0.9742790335151987,StR
208,SALLEU,2015-09-16,-2.65,0.915,StuntRanch,both,SALLEU_StuntRanch,1.0928961748633879,StR
209,SALLEU,2015-09-16,-2.72,0.9395,StuntRanch,both,SALLEU_StuntRanch,1.06439595529537,StR
210,SALMEL,2015-09-16,-1.86,1.2233,StuntRanch,both,SALMEL_StuntRanch,0.8174609662388621,StR
211,SALMEL,2015-09-16,-1.86,1.0711,StuntRanch,both,SALMEL_StuntRanch,0.9336196433572963,StR
212,SALMEL,2015-09-16,-2.07,1.0404,StuntRanch,both,SALMEL_StuntRanch,0.9611687812379854,StR
213,SALMEL,2015-09-16,-2.21,1.2185,StuntRanch,both,SALMEL_StuntRanch,0.8206811653672549,StR
214,SALMEL,2015-09-16,-2.28,1.1309,StuntRanch,both,SALMEL_StuntRanch,0.8842514811212309,StR
215,ADEFAS,2015-10-07,-5.93,0.5985,StuntRanch,both,ADEFAS_StuntRanch,1.670843776106934,StR
216,ADEFAS,2015-10-07,-6.07,0.5781,StuntRanch,both,ADEFAS_StuntRanch,1.7298045320878743,StR
217,ADEFAS,2015-10-07,-6.41,0.5253,StuntRanch,both,ADEFAS_StuntRanch,1.9036740909956216,StR
218,ADEFAS,2015-10-07,-6.62,0.5671,StuntRanch,both,ADEFAS_StuntRanch,1.763357432551578,StR
219,ADEFAS,2015-10-07,-6.83,0.5345,StuntRanch,both,ADEFAS_StuntRanch,1.8709073900841908,StR
220,ARCGLA,2015-10-07,-3.59,0.7664,StuntRanch,both,ARCGLA_StuntRanch,1.3048016701461378,StR
221,ARCGLA,2015-10-07,-3.79,0.7578,StuntRanch,both,ARCGLA_StuntRanch,1.3196093956188968,StR
222,ARCGLA,2015-10-07,-4.14,0.7063,StuntRanch,both,ARCGLA_StuntRanch,1.4158289678606824,StR
223,ARCGLA,2015-10-07,-5.24,0.664,StuntRanch,both,ARCGLA_StuntRanch,1.506024096385542,StR
224,ARCGLA,2015-10-07,-5.65,0.6275,StuntRanch,both,ARCGLA_StuntRanch,1.5936254980079683,StR
225,CERBET,2015-10-07,-4,0.6134,StuntRanch,both,CERBET_StuntRanch,1.6302575806977504,StR
226,CERBET,2015-10-07,-4.76,0.5542,StuntRanch,both,CERBET_StuntRanch,1.8044027426921687,StR
227,CERBET,2015-10-07,-5.17,0.5107,StuntRanch,both,CERBET_StuntRanch,1.9580967299784608,StR
228,CERBET,2015-10-07,-5.52,0.5121,StuntRanch,both,CERBET_StuntRanch,1.9527436047646944,StR
229,CEASPI,2015-10-07,-3.65,0.6511,StuntRanch,both,CEASPI_StuntRanch,1.5358623867301489,StR
230,CEASPI,2015-10-07,-3.86,0.7375,StuntRanch,both,CEASPI_StuntRanch,1.3559322033898304,StR
231,CEASPI,2015-10-07,-4.69,0.7053,StuntRanch,both,CEASPI_StuntRanch,1.4178363816815538,StR
232,CEASPI,2015-10-07,-4.83,0.6278,StuntRanch,both,CEASPI_StuntRanch,1.5928639694170117,StR
233,CEASPI,2015-10-07,-4.9,0.6198,StuntRanch,both,CEASPI_StuntRanch,1.6134236850596966,StR
234,ERIFAS,2015-10-07,-3.45,0.6961,StuntRanch,both,ERIFAS_StuntRanch,1.4365752047119666,StR
235,ERIFAS,2015-10-07,-4.14,0.538,StuntRanch,both,ERIFAS_StuntRanch,1.858736059479554,StR
236,ERIFAS,2015-10-07,-4.83,0.5478,StuntRanch,both,ERIFAS_StuntRanch,1.8254837531945967,StR
237,ERIFAS,2015-10-07,-4.83,0.6192,StuntRanch,both,ERIFAS_StuntRanch,1.6149870801033592,StR
238,ERIFAS,2015-10-07,-5.52,0.4674,StuntRanch,both,ERIFAS_StuntRanch,2.139495079161318,StR
239,HETARB,2015-10-07,-3.59,0.781,StuntRanch,both,HETARB_StuntRanch,1.2804097311139564,StR
240,HETARB,2015-10-07,-3.59,0.7796,StuntRanch,both,HETARB_StuntRanch,1.2827090815802977,StR
241,HETARB,2015-10-07,-3.86,0.7492,StuntRanch,both,HETARB_StuntRanch,1.3347570742124935,StR
242,HETARB,2015-10-07,-4.55,0.7872,StuntRanch,both,HETARB_StuntRanch,1.2703252032520325,StR
243,HETARB,2015-10-07,-4.55,0.6819,StuntRanch,both,HETARB_StuntRanch,1.4664906877841326,StR
244,MALLAU,2015-10-07,-1.93,1.0724,StuntRanch,both,MALLAU_StuntRanch,0.9324878776575904,StR
245,MALLAU,2015-10-07,-2.14,1.0361,StuntRanch,both,MALLAU_StuntRanch,0.9651578033008397,StR
246,MALLAU,2015-10-07,-2.24,1.7897,StuntRanch,both,MALLAU_StuntRanch,0.558752863608426,StR
247,MALLAU,2015-10-07,-2.62,0.962,StuntRanch,both,MALLAU_StuntRanch,1.0395010395010396,StR
248,MALLAU,2015-10-07,-3.03,0.9398,StuntRanch,both,MALLAU_StuntRanch,1.0640561821664185,StR
249,QUEAGR,2015-10-07,-3.24,0.7085,StuntRanch,both,QUEAGR_StuntRanch,1.4114326040931544,StR
250,QUEAGR,2015-10-07,-3.72,0.6894,StuntRanch,both,QUEAGR_StuntRanch,1.450536698578474,StR
251,QUEAGR,2015-10-07,-3.79,0.6677,StuntRanch,both,QUEAGR_StuntRanch,1.4976785981728322,StR
252,QUEAGR,2015-10-07,-4,0.6876,StuntRanch,both,QUEAGR_StuntRanch,1.4543339150668995,StR
253,QUEAGR,2015-10-07,-4.14,0.6951,StuntRanch,both,QUEAGR_StuntRanch,1.4386419220256077,StR
254,QUEBER,2015-10-07,-4.83,0.6305,StuntRanch,both,QUEBER_StuntRanch,1.5860428231562254,StR
255,QUEBER,2015-10-07,-4.86,0.6206,StuntRanch,both,QUEBER_StuntRanch,1.6113438607798902,StR
256,QUEBER,2015-10-07,-4.96,0.4768,StuntRanch,both,QUEBER_StuntRanch,2.097315436241611,StR
257,QUEBER,2015-10-07,-4.96,0.5396,StuntRanch,both,QUEBER_StuntRanch,1.8532246108228319,StR
258,QUEBER,2015-10-07,-5.17,0.6224,StuntRanch,both,QUEBER_StuntRanch,1.6066838046272496,StR
259,SALLEU,2015-10-07,-4.76,0.6918,StuntRanch,both,SALLEU_StuntRanch,1.4455044810638913,StR
260,SALLEU,2015-10-07,-5.1,0.666,StuntRanch,both,SALLEU_StuntRanch,1.5015015015015014,StR
261,SALLEU,2015-10-07,-5.24,0.6309,StuntRanch,both,SALLEU_StuntRanch,1.5850372483753368,StR
262,SALLEU,2015-10-07,-5.31,0.7163,StuntRanch,both,SALLEU_StuntRanch,1.3960631020522127,StR
263,SALLEU,2015-10-07,-5.31,0.5938,StuntRanch,both,SALLEU_StuntRanch,1.6840687100033682,StR
264,SALMEL,2015-10-07,-4.21,0.8907,StuntRanch,both,SALMEL_StuntRanch,1.1227124733355787,StR
265,SALMEL,2015-10-07,-4.96,0.6336,StuntRanch,both,SALMEL_StuntRanch,1.578282828282828,StR
266,SALMEL,2015-10-07,-5.03,0.8137,StuntRanch,both,SALMEL_StuntRanch,1.2289541600098317,StR
267,SALMEL,2015-10-07,-5.24,0.4552,StuntRanch,both,SALMEL_StuntRanch,2.196836555360281,StR
268,ADEFAS,2015-10-30,-6.48,0.5064,StuntRanch,both,ADEFAS_StuntRanch,1.9747235387045816,StR
269,ADEFAS,2015-10-30,-6.83,0.5535,StuntRanch,both,ADEFAS_StuntRanch,1.806684733514002,StR
270,ADEFAS,2015-10-30,-7.17,0.5008,StuntRanch,both,ADEFAS_StuntRanch,1.996805111821086,StR
271,ARCGLA,2015-10-30,-4.34,0.7068,StuntRanch,both,ARCGLA_StuntRanch,1.414827391058291,StR
272,ARCGLA,2015-10-30,-4.76,0.7245,StuntRanch,both,ARCGLA_StuntRanch,1.3802622498274673,StR
273,CERBET,2015-10-30,-4.69,0.5243,StuntRanch,both,CERBET_StuntRanch,1.9073049780659928,StR
274,CERBET,2015-10-30,-5.45,0.5309,StuntRanch,both,CERBET_StuntRanch,1.883593897155773,StR
275,CERBET,2015-10-30,-5.79,0.5304,StuntRanch,both,CERBET_StuntRanch,1.885369532428356,StR
276,CEASPI,2015-10-30,-5.45,0.5614,StuntRanch,both,CEASPI_StuntRanch,1.7812611328820804,StR
277,CEASPI,2015-10-30,-5.45,0.6082,StuntRanch,both,CEASPI_StuntRanch,1.644195988161789,StR
278,CEASPI,2015-10-30,-5.79,0.621,StuntRanch,both,CEASPI_StuntRanch,1.6103059581320451,StR
279,ERIFAS,2015-10-30,-5.1,0.4496,StuntRanch,both,ERIFAS_StuntRanch,2.224199288256228,StR
280,ERIFAS,2015-10-30,-6.14,0.5389,StuntRanch,both,ERIFAS_StuntRanch,1.8556318426424196,StR
281,ERIFAS,2015-10-30,-7.1,0.4697,StuntRanch,both,ERIFAS_StuntRanch,2.1290185224611453,StR
282,HETARB,2015-10-30,-4.14,0.7641,StuntRanch,both,HETARB_StuntRanch,1.3087292239235702,StR
283,HETARB,2015-10-30,-4.69,0.7677,StuntRanch,both,HETARB_StuntRanch,1.3025921583952065,StR
284,HETARB,2015-10-30,-4.76,0.7358,StuntRanch,both,HETARB_StuntRanch,1.359064963305246,StR
285,MALLAU,2015-10-30,-1.31,1.1107,StuntRanch,both,MALLAU_StuntRanch,0.9003331232556046,StR
286,MALLAU,2015-10-30,-1.79,1.0162,StuntRanch,both,MALLAU_StuntRanch,0.98405825624877,StR
287,MALLAU,2015-10-30,-1.93,1.0463,StuntRanch,both,MALLAU_StuntRanch,0.9557488292076842,StR
288,QUEAGR,2015-10-30,-3.72,0.7627,StuntRanch,both,QUEAGR_StuntRanch,1.3111315064901008,StR
289,QUEAGR,2015-10-30,-3.79,0.6373,StuntRanch,both,QUEAGR_StuntRanch,1.5691197238349286,StR
290,QUEAGR,2015-10-30,-3.93,0.644,StuntRanch,both,QUEAGR_StuntRanch,1.5527950310559007,StR
291,QUEBER,2015-10-30,-5.45,0.5364,StuntRanch,both,QUEBER_StuntRanch,1.8642803877703207,StR
292,QUEBER,2015-10-30,-5.72,0.5881,StuntRanch,both,QUEBER_StuntRanch,1.7003910899506889,StR
293,QUEBER,2015-10-30,-5.86,0.5667,StuntRanch,both,QUEBER_StuntRanch,1.7646020822304571,StR
294,SALLEU,2015-10-30,-5.93,0.555,StuntRanch,both,SALLEU_StuntRanch,1.8018018018018016,StR
295,SALLEU,2015-10-30,-6.21,0.6074,StuntRanch,both,SALLEU_StuntRanch,1.6463615409944021,StR
296,SALMEL,2015-10-30,-6.41,0.5691,StuntRanch,both,SALMEL_StuntRanch,1.7571604287471445,StR
297,SALMEL,2015-10-30,-7.1,0.5618,StuntRanch,both,SALMEL_StuntRanch,1.7799928800284799,StR
298,SALMEL,2015-10-30,-7.58,0.5924,StuntRanch,both,SALMEL_StuntRanch,1.6880486158001349,StR
299,ADEFAS,2015-12-16,-4.76,0.6304,StuntRanch,both,ADEFAS_StuntRanch,1.586294416243655,StR
300,ADEFAS,2015-12-16,-4.83,0.6022,StuntRanch,both,ADEFAS_StuntRanch,1.6605778811026237,StR
301,ADEFAS,2015-12-16,-5.24,0.5598,StuntRanch,both,ADEFAS_StuntRanch,1.7863522686673814,StR
302,ADEFAS,2015-12-16,-6.27,0.4361,StuntRanch,both,ADEFAS_StuntRanch,2.293052052281587,StR
303,ARCGLA,2015-12-16,-4.65,0.6168,StuntRanch,both,ARCGLA_StuntRanch,1.6212710765239948,StR
304,ARCGLA,2015-12-16,-6.07,0.533,StuntRanch,both,ARCGLA_StuntRanch,1.8761726078799248,StR
305,ARCGLA,2015-12-16,-6.14,0.5259,StuntRanch,both,ARCGLA_StuntRanch,1.9015021867275146,StR
306,ARCGLA,2015-12-16,-6.48,0.6023,StuntRanch,both,ARCGLA_StuntRanch,1.6603021749958493,StR
307,CERBET,2015-12-16,-5.03,0.5727,StuntRanch,both,CERBET_StuntRanch,1.7461148943600489,StR
308,CERBET,2015-12-16,-6.14,0.5086,StuntRanch,both,CERBET_StuntRanch,1.966181675186787,StR
309,CERBET,2015-12-16,-6.27,0.4333,StuntRanch,both,CERBET_StuntRanch,2.3078698361412417,StR
310,CERBET,2015-12-16,-6.62,0.5322,StuntRanch,both,CERBET_StuntRanch,1.8789928598271326,StR
311,CEASPI,2015-12-16,-4.69,0.645,StuntRanch,both,CEASPI_StuntRanch,1.5503875968992247,StR
312,CEASPI,2015-12-16,-4.83,0.674,StuntRanch,both,CEASPI_StuntRanch,1.4836795252225519,StR
313,CEASPI,2015-12-16,-5.45,0.6712,StuntRanch,both,CEASPI_StuntRanch,1.4898688915375446,StR
314,CEASPI,2015-12-16,-6.07,0.5614,StuntRanch,both,CEASPI_StuntRanch,1.7812611328820804,StR
315,ERIFAS,2015-12-16,-5.72,0.5391,StuntRanch,both,ERIFAS_StuntRanch,1.8549434242255611,StR
316,ERIFAS,2015-12-16,-6.34,0.5324,StuntRanch,both,ERIFAS_StuntRanch,1.8782870022539444,StR
317,ERIFAS,2015-12-16,-6.34,0.5813,StuntRanch,both,ERIFAS_StuntRanch,1.720282126268708,StR
318,ERIFAS,2015-12-16,-6.41,0.5667,StuntRanch,both,ERIFAS_StuntRanch,1.7646020822304571,StR
319,HETARB,2015-12-16,-2.76,0.8295,StuntRanch,both,HETARB_StuntRanch,1.2055455093429777,StR
320,HETARB,2015-12-16,-4.03,0.7434,StuntRanch,both,HETARB_StuntRanch,1.3451708366962605,StR
321,HETARB,2015-12-16,-4.14,0.8177,StuntRanch,both,HETARB_StuntRanch,1.2229423994129878,StR
322,HETARB,2015-12-16,-4.21,0.7712,StuntRanch,both,HETARB_StuntRanch,1.2966804979253113,StR
323,MALLAU,2015-12-16,-1.52,0.8539,StuntRanch,both,MALLAU_StuntRanch,1.1710973181871414,StR
324,MALLAU,2015-12-16,-1.59,0.8918,StuntRanch,both,MALLAU_StuntRanch,1.1213276519398967,StR
325,MALLAU,2015-12-16,-1.65,0.7787,StuntRanch,both,MALLAU_StuntRanch,1.284191601386927,StR
326,MALLAU,2015-12-16,-1.69,0.9618,StuntRanch,both,MALLAU_StuntRanch,1.039717196922437,StR
327,QUEAGR,2015-12-16,-3.1,0.7911,StuntRanch,both,QUEAGR_StuntRanch,1.2640626975097964,StR
328,QUEAGR,2015-12-16,-3.17,0.7477,StuntRanch,both,QUEAGR_StuntRanch,1.3374348000534972,StR
329,QUEAGR,2015-12-16,-3.24,0.6881,StuntRanch,both,QUEAGR_StuntRanch,1.4532771399505884,StR
330,QUEAGR,2015-12-16,-3.38,0.6261,StuntRanch,both,QUEAGR_StuntRanch,1.5971889474524836,StR
331,QUEBER,2015-12-16,-4.76,0.5757,StuntRanch,both,QUEBER_StuntRanch,1.7370158068438424,StR
332,QUEBER,2015-12-16,-4.83,0.619,StuntRanch,both,QUEBER_StuntRanch,1.6155088852988693,StR
333,QUEBER,2015-12-16,-4.83,0.5728,StuntRanch,both,QUEBER_StuntRanch,1.7458100558659218,StR
334,QUEBER,2015-12-16,-5.03,0.5792,StuntRanch,both,QUEBER_StuntRanch,1.7265193370165743,StR
335,SALLEU,2015-12-16,-5.72,0.6436,StuntRanch,both,SALLEU_StuntRanch,1.5537600994406464,StR
336,SALLEU,2015-12-16,-5.93,0.6526,StuntRanch,both,SALLEU_StuntRanch,1.5323322096230463,StR
337,SALLEU,2015-12-16,-6.89,0.6023,StuntRanch,both,SALLEU_StuntRanch,1.6603021749958493,StR
338,SALLEU,2015-12-16,-7.38,0.5635,StuntRanch,both,SALLEU_StuntRanch,1.774622892635315,StR
339,SALMEL,2015-12-16,-4.96,0.8791,StuntRanch,both,SALMEL_StuntRanch,1.1375270162666364,StR
340,SALMEL,2015-12-16,-6.69,0.6013,StuntRanch,both,SALMEL_StuntRanch,1.6630633627141196,StR
341,SALMEL,2015-12-16,-7.17,0.5273,StuntRanch,both,SALMEL_StuntRanch,1.8964536317087048,StR
342,SALMEL,2015-12-16,-7.31,0.5253,StuntRanch,both,SALMEL_StuntRanch,1.9036740909956216,StR
343,ADEFAS,2016-01-29,-2.07,1.0839,StuntRanch,both,ADEFAS_StuntRanch,0.9225943352707814,StR
344,ADEFAS,2016-01-29,-2.62,0.8824,StuntRanch,both,ADEFAS_StuntRanch,1.1332728921124207,StR
345,ADEFAS,2016-01-29,-2.62,0.7463,StuntRanch,both,ADEFAS_StuntRanch,1.3399437223636608,StR
346,ADEFAS,2016-01-29,-2.76,0.8905,StuntRanch,both,ADEFAS_StuntRanch,1.1229646266142617,StR
347,ADEFAS,2016-01-29,-3.24,0.79990000000000006,StuntRanch,both,ADEFAS_StuntRanch,1.2501562695336916,StR
348,ARCGLA,2016-01-29,-1.52,0.863,StuntRanch,both,ARCGLA_StuntRanch,1.1587485515643106,StR
349,ARCGLA,2016-01-29,-1.65,0.8861,StuntRanch,both,ARCGLA_StuntRanch,1.1285407967498025,StR
350,ARCGLA,2016-01-29,-1.79,0.8924,StuntRanch,both,ARCGLA_StuntRanch,1.1205737337516808,StR
351,CERBET,2016-01-29,-1.52,0.8305,StuntRanch,both,CERBET_StuntRanch,1.2040939193257074,StR
352,CERBET,2016-01-29,-1.93,0.836,StuntRanch,both,CERBET_StuntRanch,1.1961722488038278,StR
353,CEASPI,2016-01-29,-1.38,1.7173,StuntRanch,both,CEASPI_StuntRanch,0.58230943923601,StR
354,CEASPI,2016-01-29,-1.93,0.5282,StuntRanch,both,CEASPI_StuntRanch,1.8932222642938281,StR
355,CEASPI,2016-01-29,-2.07,1.7457,StuntRanch,both,CEASPI_StuntRanch,0.5728361115884745,StR
356,ERIFAS,2016-01-29,-2.07,1.0938,StuntRanch,both,ERIFAS_StuntRanch,0.9142439202779301,StR
357,ERIFAS,2016-01-29,-2.21,1.0343,StuntRanch,both,ERIFAS_StuntRanch,0.9668374746205163,StR
358,ERIFAS,2016-01-29,-2.34,0.9236,StuntRanch,both,ERIFAS_StuntRanch,1.0827197921178,StR
359,HETARB,2016-01-29,-1.24,0.8534,StuntRanch,both,HETARB_StuntRanch,1.1717834544176235,StR
360,HETARB,2016-01-29,-1.59,0.937,StuntRanch,both,HETARB_StuntRanch,1.0672358591248665,StR
361,HETARB,2016-01-29,-2.14,0.7149,StuntRanch,both,HETARB_StuntRanch,1.3987970345502867,StR
362,MALLAU,2016-01-29,-1.93,1.0164,StuntRanch,both,MALLAU_StuntRanch,0.9838646202282566,StR
363,MALLAU,2016-01-29,-2.07,1.0018,StuntRanch,both,MALLAU_StuntRanch,0.9982032341784787,StR
364,MALLAU,2016-01-29,-2.31,0.9083,StuntRanch,both,MALLAU_StuntRanch,1.100957833314984,StR
365,QUEAGR,2016-01-29,-1.93,0.7715,StuntRanch,both,QUEAGR_StuntRanch,1.2961762799740766,StR
366,QUEAGR,2016-01-29,-2.21,0.6667,StuntRanch,both,QUEAGR_StuntRanch,1.4999250037498126,StR
367,QUEAGR,2016-01-29,-2.69,0.7313,StuntRanch,both,QUEAGR_StuntRanch,1.3674278681799537,StR
368,QUEBER,2016-01-29,-1.52,0.7559,StuntRanch,both,QUEBER_StuntRanch,1.3229263130043656,StR
369,QUEBER,2016-01-29,-1.97,0.8863,StuntRanch,both,QUEBER_StuntRanch,1.128286133363421,StR
370,SALLEU,2016-01-29,-1.24,1.7536,StuntRanch,both,SALLEU_StuntRanch,0.5702554744525548,StR
371,SALLEU,2016-01-29,-1.31,2.1217,StuntRanch,both,SALLEU_StuntRanch,0.4713201677899797,StR
372,SALLEU,2016-01-29,-1.45,2.4531,StuntRanch,both,SALLEU_StuntRanch,0.40764746647099587,StR
373,SALMEL,2016-01-29,-1.38,2.0278,StuntRanch,both,SALMEL_StuntRanch,0.49314528059966467,StR
374,SALMEL,2016-01-29,-1.52,2.0284,StuntRanch,both,SALMEL_StuntRanch,0.49299940840070994,StR
375,SALMEL,2016-01-29,-1.93,1.6765,StuntRanch,both,SALMEL_StuntRanch,0.5964807634953773,StR
376,ADEFAS,2016-02-19,-1.79,1.3645,StuntRanch,both,ADEFAS_StuntRanch,0.7328691828508611,StR
377,ARCGLA,2016-02-19,-1.17,0.8518,StuntRanch,both,ARCGLA_StuntRanch,1.173984503404555,StR
378,ARCGLA,2016-02-19,-1.59,0.8393,StuntRanch,both,ARCGLA_StuntRanch,1.191469081377338,StR
379,ARCGLA,2016-02-19,-1.65,0.8638,StuntRanch,both,ARCGLA_StuntRanch,1.157675387821255,StR
380,CERBET,2016-02-19,-1.24,1.1707,StuntRanch,both,CERBET_StuntRanch,0.8541898009737763,StR
381,CERBET,2016-02-19,-1.24,1.1165,StuntRanch,both,CERBET_StuntRanch,0.8956560680698611,StR
382,CERBET,2016-02-19,-1.31,0.9925,StuntRanch,both,CERBET_StuntRanch,1.0075566750629723,StR
383,CEASPI,2016-02-19,-1.38,1.386,StuntRanch,both,CEASPI_StuntRanch,0.7215007215007215,StR
384,CEASPI,2016-02-19,-1.59,1.1654,StuntRanch,both,CEASPI_StuntRanch,0.8580744808649391,StR
385,CEASPI,2016-02-19,-1.65,1.5835,StuntRanch,both,CEASPI_StuntRanch,0.6315124723713293,StR
386,ERIFAS,2016-02-19,-1.38,1.4235,StuntRanch,both,ERIFAS_StuntRanch,0.7024938531787847,StR
387,ERIFAS,2016-02-19,-1.79,1.2461,StuntRanch,both,ERIFAS_StuntRanch,0.8025038118931065,StR
388,ERIFAS,2016-02-19,-1.93,1.2702,StuntRanch,both,ERIFAS_StuntRanch,0.7872775940796725,StR
389,HETARB,2016-02-19,-1.31,0.9424,StuntRanch,both,HETARB_StuntRanch,1.061120543293718,StR
390,HETARB,2016-02-19,-1.52,0.9798,StuntRanch,both,HETARB_StuntRanch,1.0206164523372117,StR
391,HETARB,2016-02-19,-1.65,1.087,StuntRanch,both,HETARB_StuntRanch,0.9199632014719411,StR
392,MALLAU,2016-02-19,-1.17,1.0209,StuntRanch,both,MALLAU_StuntRanch,0.9795278675678324,StR
393,MALLAU,2016-02-19,-1.24,1.1476,StuntRanch,both,MALLAU_StuntRanch,0.871383757406762,StR
394,MALLAU,2016-02-19,-1.38,0.9638,StuntRanch,both,MALLAU_StuntRanch,1.0375596596804317,StR
395,QUEAGR,2016-02-19,-1.41,0.8766,StuntRanch,both,QUEAGR_StuntRanch,1.1407711613050422,StR
396,QUEAGR,2016-02-19,-1.59,1.8436,StuntRanch,both,QUEAGR_StuntRanch,0.5424170101974398,StR
397,QUEAGR,2016-02-19,-1.72,1.4472,StuntRanch,both,QUEAGR_StuntRanch,0.6909894969596462,StR
398,QUEBER,2016-02-19,-2,0.71,StuntRanch,both,QUEBER_StuntRanch,1.4084507042253522,StR
399,QUEBER,2016-02-19,-2.62,0.6488,StuntRanch,both,QUEBER_StuntRanch,1.5413070283600492,StR
400,QUEBER,2016-02-19,-2.69,0.723,StuntRanch,both,QUEBER_StuntRanch,1.3831258644536653,StR
401,SALLEU,2016-02-19,-1.45,2.5746000000000002,StuntRanch,both,SALLEU_StuntRanch,0.38840985007379786,StR
402,SALLEU,2016-02-19,-1.52,2.1368,StuntRanch,both,SALLEU_StuntRanch,0.4679895170348184,StR
403,SALLEU,2016-02-19,-1.59,1.6186,StuntRanch,both,SALLEU_StuntRanch,0.6178178672927221,StR
404,SALMEL,2016-02-19,-1.1,2.9911,StuntRanch,both,SALMEL_StuntRanch,0.3343251646551436,StR
405,SALMEL,2016-02-19,-1.17,2.6008,StuntRanch,both,SALMEL_StuntRanch,0.38449707782220854,StR
406,SALMEL,2016-02-19,-1.24,2.5699,StuntRanch,both,SALMEL_StuntRanch,0.389120199229542,StR
407,ADEFAS,2016-03-09,-2.07,1.0123,StuntRanch,both,ADEFAS_StuntRanch,0.9878494517435543,StR
408,ADEFAS,2016-03-09,-2.21,0.8004,StuntRanch,both,ADEFAS_StuntRanch,1.249375312343828,StR
409,ADEFAS,2016-03-09,-2.48,0.8608,StuntRanch,both,ADEFAS_StuntRanch,1.161710037174721,StR
410,ARCGLA,2016-03-09,-1.38,0.86240000000000006,StuntRanch,both,ARCGLA_StuntRanch,1.1595547309833023,StR
411,ARCGLA,2016-03-09,-1.93,0.9501,StuntRanch,both,ARCGLA_StuntRanch,1.0525207872855489,StR
412,ARCGLA,2016-03-09,-2.07,0.6216,StuntRanch,both,ARCGLA_StuntRanch,1.6087516087516087,StR
413,CERBET,2016-03-09,-1.45,0.9958,StuntRanch,both,CERBET_StuntRanch,1.004217714400482,StR
414,CERBET,2016-03-09,-1.52,0.9312,StuntRanch,both,CERBET_StuntRanch,1.0738831615120275,StR
415,CERBET,2016-03-09,-1.55,0.9581,StuntRanch,both,CERBET_StuntRanch,1.0437323870159692,StR
416,CEASPI,2016-03-09,-1.65,1.8348,StuntRanch,both,CEASPI_StuntRanch,0.5450185306300415,StR
417,CEASPI,2016-03-09,-1.76,1.5062,StuntRanch,both,CEASPI_StuntRanch,0.6639224538573895,StR
418,CEASPI,2016-03-09,-1.9,1.0637,StuntRanch,both,CEASPI_StuntRanch,0.940114693992667,StR
419,ERIFAS,2016-03-09,-1.52,1.3471,StuntRanch,both,ERIFAS_StuntRanch,0.7423353871279044,StR
420,ERIFAS,2016-03-09,-1.86,1.2382,StuntRanch,both,ERIFAS_StuntRanch,0.8076239702794379,StR
421,ERIFAS,2016-03-09,-2.41,0.7083,StuntRanch,both,ERIFAS_StuntRanch,1.4118311449950585,StR
422,HETARB,2016-03-09,-2.07,0.9265,StuntRanch,both,HETARB_StuntRanch,1.0793308148947653,StR
423,HETARB,2016-03-09,-2.21,1.0078,StuntRanch,both,HETARB_StuntRanch,0.9922603691208572,StR
424,HETARB,2016-03-09,-2.48,0.9042,StuntRanch,both,HETARB_StuntRanch,1.1059500110595002,StR
425,MALLAU,2016-03-09,-0.69,2.3535,StuntRanch,both,MALLAU_StuntRanch,0.4248990864669641,StR
426,MALLAU,2016-03-09,-1.38,1.028,StuntRanch,both,MALLAU_StuntRanch,0.9727626459143969,StR
427,MALLAU,2016-03-09,-1.59,0.9626,StuntRanch,both,MALLAU_StuntRanch,1.0388531061707875,StR
428,QUEAGR,2016-03-09,-1.59,0.652,StuntRanch,both,QUEAGR_StuntRanch,1.5337423312883436,StR
429,QUEAGR,2016-03-09,-1.65,0.921,StuntRanch,both,QUEAGR_StuntRanch,1.0857763300760044,StR
430,QUEAGR,2016-03-09,-1.86,1.0198,StuntRanch,both,QUEAGR_StuntRanch,0.9805844283192783,StR
431,QUEBER,2016-03-09,-1.72,1.0827,StuntRanch,both,QUEBER_StuntRanch,0.9236168837166343,StR
432,QUEBER,2016-03-09,-1.93,0.9493,StuntRanch,both,QUEBER_StuntRanch,1.0534077741493733,StR
433,QUEBER,2016-03-09,-2.24,1.0393,StuntRanch,both,QUEBER_StuntRanch,0.9621860867891852,StR
434,SALLEU,2016-03-09,-1.03,2.2631,StuntRanch,both,SALLEU_StuntRanch,0.4418717688126905,StR
435,SALLEU,2016-03-09,-1.38,2.4151,StuntRanch,both,SALLEU_StuntRanch,0.4140615295432902,StR
436,SALLEU,2016-03-09,-1.72,2.523,StuntRanch,both,SALLEU_StuntRanch,0.3963535473642489,StR
437,SALMEL,2016-03-09,-1.38,2.4276,StuntRanch,both,SALMEL_StuntRanch,0.4119294776734223,StR
438,SALMEL,2016-03-09,-1.48,2.1486,StuntRanch,both,SALMEL_StuntRanch,0.46541934282788794,StR
439,SALMEL,2016-03-09,-1.55,2.8598,StuntRanch,both,SALMEL_StuntRanch,0.34967480243373666,StR
440,ADEFAS,2016-03-31,-2.07,0.7129,StuntRanch,both,ADEFAS_StuntRanch,1.4027212792818067,StR
441,ADEFAS,2016-03-31,-2.17,0.7482,StuntRanch,both,ADEFAS_StuntRanch,1.3365410318096766,StR
442,ADEFAS,2016-03-31,-2.21,0.7726,StuntRanch,both,ADEFAS_StuntRanch,1.2943308309603936,StR
443,ARCGLA,2016-03-31,-1.31,1.8859,StuntRanch,both,ARCGLA_StuntRanch,0.5302508086324832,StR
444,ARCGLA,2016-03-31,-1.59,0.9962,StuntRanch,both,ARCGLA_StuntRanch,1.003814495081309,StR
445,ARCGLA,2016-03-31,-1.65,0.8465,StuntRanch,both,ARCGLA_StuntRanch,1.1813349084465445,StR
446,CERBET,2016-03-31,-1.1,1.019,StuntRanch,both,CERBET_StuntRanch,0.9813542688910698,StR
447,CERBET,2016-03-31,-1.41,0.9616,StuntRanch,both,CERBET_StuntRanch,1.0399334442595674,StR
448,CERBET,2016-03-31,-1.48,0.9119,StuntRanch,both,CERBET_StuntRanch,1.096611470555982,StR
449,CEASPI,2016-03-31,-1.38,1.3837,StuntRanch,both,CEASPI_StuntRanch,0.7227000072270001,StR
450,CEASPI,2016-03-31,-1.45,1.2079,StuntRanch,both,CEASPI_StuntRanch,0.82788310290586975,StR
451,CEASPI,2016-03-31,-1.52,1.0574,StuntRanch,both,CEASPI_StuntRanch,0.9457159069415548,StR
452,ERIFAS,2016-03-31,-2,1.0752,StuntRanch,both,ERIFAS_StuntRanch,0.9300595238095238,StR
453,ERIFAS,2016-03-31,-2.03,1.2428,StuntRanch,both,ERIFAS_StuntRanch,0.804634695848085,StR
454,ERIFAS,2016-03-31,-2.07,1.2081,StuntRanch,both,ERIFAS_StuntRanch,0.8277460475126232,StR
455,HETARB,2016-03-31,-1.38,0.9475,StuntRanch,both,HETARB_StuntRanch,1.0554089709762533,StR
456,HETARB,2016-03-31,-1.55,1.6854,StuntRanch,both,HETARB_StuntRanch,0.5933309600094933,StR
457,HETARB,2016-03-31,-1.93,1.2277,StuntRanch,both,HETARB_StuntRanch,0.8145312372729494,StR
458,MALLAU,2016-03-31,-1.14,1.843,StuntRanch,both,MALLAU_StuntRanch,0.5425935973955507,StR
459,MALLAU,2016-03-31,-1.24,1.2039,StuntRanch,both,MALLAU_StuntRanch,0.8306337735692333,StR
460,MALLAU,2016-03-31,-1.38,1.3249,StuntRanch,both,MALLAU_StuntRanch,0.7547739452034116,StR
461,QUEAGR,2016-03-31,-1.45,0.9944,StuntRanch,both,QUEAGR_StuntRanch,1.005631536604988,StR
462,QUEAGR,2016-03-31,-1.76,0.9341,StuntRanch,both,QUEAGR_StuntRanch,1.0705491917353602,StR
463,QUEAGR,2016-03-31,-1.86,0.7483,StuntRanch,both,QUEAGR_StuntRanch,1.3363624214887078,StR
464,QUEBER,2016-03-31,-1.52,0.8202,StuntRanch,both,QUEBER_StuntRanch,1.21921482565228,StR
465,QUEBER,2016-03-31,-1.62,0.8377,StuntRanch,both,QUEBER_StuntRanch,1.193744777366599,StR
466,QUEBER,2016-03-31,-1.76,0.9189,StuntRanch,both,QUEBER_StuntRanch,1.0882576994232234,StR
467,SALLEU,2016-03-31,-0.69,2.3143,StuntRanch,both,SALLEU_StuntRanch,0.43209609817223354,StR
468,SALLEU,2016-03-31,-0.93,1.706,StuntRanch,both,SALLEU_StuntRanch,0.5861664712778429,StR
469,SALLEU,2016-03-31,-0.97,2.0745,StuntRanch,both,SALLEU_StuntRanch,0.48204386599180526,StR
470,SALMEL,2016-03-31,-0.83,2,StuntRanch,both,SALMEL_StuntRanch,0.5,StR
471,SALMEL,2016-03-31,-0.83,2.6892,StuntRanch,both,SALMEL_StuntRanch,0.3718578015766771,StR
472,SALMEL,2016-03-31,-1.03,2.2878,StuntRanch,both,SALMEL_StuntRanch,0.4371011452050005,StR
473,HETARB,2017-02-25,-1.17,0.822590068,StuntRanch,both,HETARB_StuntRanch,1.2156723487208454,StR
474,HETARB,2017-02-25,-1.17,0.748518205,StuntRanch,both,HETARB_StuntRanch,1.3359728505200485,StR
475,HETARB,2017-02-25,-1.31,0.860096931,StuntRanch,both,HETARB_StuntRanch,1.162659653764071,StR
476,MALLAU,2017-02-25,-0.97,0.912197996,StuntRanch,both,MALLAU_StuntRanch,1.0962532305322013,StR
477,MALLAU,2017-02-25,-1.45,0.933728726,StuntRanch,both,MALLAU_StuntRanch,1.0709748689899468,StR
478,MALLAU,2017-02-25,-1.24,0.728103946,StuntRanch,both,MALLAU_StuntRanch,1.3734302711772421,StR
479,QUEAGR,2017-02-25,-1.24,1.23476005,StuntRanch,both,QUEAGR_StuntRanch,0.8098739508133584,StR
480,QUEAGR,2017-02-25,-1.72,0.694276094,StuntRanch,both,QUEAGR_StuntRanch,1.4403491761304976,StR
481,QUEAGR,2017-02-25,-1.38,0.71255814,StuntRanch,both,QUEAGR_StuntRanch,1.40339425495862,StR
482,SALLEU,2017-02-25,-1.52,2.15576324,StuntRanch,both,SALLEU_StuntRanch,0.4638728323431287,StR
483,SALLEU,2017-02-25,-1.45,2.1751026,StuntRanch,both,SALLEU_StuntRanch,0.45974842749946593,StR
484,SALLEU,2017-02-25,-0.97,2.43398533,StuntRanch,both,SALLEU_StuntRanch,0.41084881970097986,StR
485,ABICON,2021-04-24,-0.765,1.367987918,SEKI,new,ABICON_SEKI,0.7310006081501079,PrC
486,ABICON,2021-04-24,-0.97,1.404427031,SEKI,new,ABICON_SEKI,0.7120341448341149,PrC
487,ABICON,2021-04-24,-1.125,1.246264749,SEKI,new,ABICON_SEKI,0.802397725525333,PrC
488,ABICON,2021-04-24,-0.935,1.242028867,SEKI,new,ABICON_SEKI,0.8051342658527759,PrC
489,ABICON,2021-04-24,-1.115,1.310974719,SEKI,new,ABICON_SEKI,0.7627912159608929,PrC
490,ABICON,2021-04-24,-0.89,1.277849324,SEKI,new,ABICON_SEKI,0.7825648777351468,PrC
491,ABICON,2021-04-24,-1.545,1.366259488,SEKI,new,ABICON_SEKI,0.7319253837086619,PrC
492,ABICON,2021-04-24,-0.815,1.337575195,SEKI,new,ABICON_SEKI,0.7476215197008045,PrC
493,ABICON,2021-04-24,-1.57,1.316718142,SEKI,new,ABICON_SEKI,0.7594639794975955,PrC
494,ABICON,2021-04-24,-1.56,1.18928846,SEKI,new,ABICON_SEKI,0.8408388995887508,PrC
495,ABICON,2021-04-24,-1.48,1.262829053,SEKI,new,ABICON_SEKI,0.7918728173258143,PrC
496,ABICON,2020-08-04,-1.7,1.899899179,SEKI,new,ABICON_SEKI,0.5263437192105866,PrC
497,ABICON,2020-08-26,-1.9385,1.680235936,SEKI,new,ABICON_SEKI,0.5951545128719351,PrC
498,ABICON,2021-06-16,-2.17,1.919749403,SEKI,new,ABICON_SEKI,0.5209013209939256,PrC
499,ABICON,2021-07-30,-2.05,1.908559853,SEKI,new,ABICON_SEKI,0.5239552736206486,PrC
500,ABICON,2021-09-16,-1.86,1.360741386,SEKI,new,ABICON_SEKI,0.7348935001819663,PrC
501,ABICON,2021-07-08,-2.136666667,2.665707434,SEKI,new,ABICON_SEKI,0.3751349406335489,PrC
502,ABICON,2021-08-19,-2.045,1.618935469,SEKI,new,ABICON_SEKI,0.617689845672286,PrC
503,ABICON,2021-09-16,-1.96,1.940756397,SEKI,new,ABICON_SEKI,0.5152630188651132,PrC
504,ABICON,2021-10-16,-1.97,2.21149576,SEKI,new,ABICON_SEKI,0.4521826440218904,PrC
505,ABICON,2021-05-15,-0.795,1.219488833,SEKI,new,ABICON_SEKI,0.8200157089917363,PrC
506,ABICON,2021-07-30,-2.046666667,1.838530411,SEKI,new,ABICON_SEKI,0.5439126783092412,PrC
507,ABICON,2021-08-19,-2.005,1.523414655,SEKI,new,ABICON_SEKI,0.6564200998840989,PrC
508,ABICON,2021-09-16,-2.235,1.450229112,SEKI,new,ABICON_SEKI,0.6895462184046958,PrC
509,ABICON,2021-10-16,-1.9,1.285439901,SEKI,new,ABICON_SEKI,0.777943799023242,PrC
510,ABICON,2021-07-08,-2.27,2.678534393,SEKI,new,ABICON_SEKI,0.37333849534035085,PrC
511,ABICON,2021-10-16,-1.9,1.307082925,SEKI,new,ABICON_SEKI,0.7650624003063922,PrC
512,ABICON,2021-07-30,-2.275,1.16507718,SEKI,new,ABICON_SEKI,0.8583122364477176,PrC
513,ABICON,2021-08-19,-2.21,1.335897057,SEKI,new,ABICON_SEKI,0.7485606729650877,PrC
514,ABICON,2021-05-15,-1.515,1.170487395,SEKI,new,ABICON_SEKI,0.8543449543085425,PrC
515,ABICON,2021-07-08,-2.193333333,2.495819519,SEKI,new,ABICON_SEKI,0.400669997324434,PrC
516,ABICON,2021-07-30,-2.16,1.477605512,SEKI,new,ABICON_SEKI,0.6767706210343374,PrC
517,ABICON,2021-08-19,-2.115,1.406290549,SEKI,new,ABICON_SEKI,0.7110906069240746,PrC
518,ABICON,2021-09-16,-2.195,1.58148316,SEKI,new,ABICON_SEKI,0.6323178300551743,PrC
519,ABICON,2021-10-16,-1.825,1.389745866,SEKI,new,ABICON_SEKI,0.7195560170135451,PrC
520,ABICON,2020-08-04,-1.92,1.910454938,SEKI,new,ABICON_SEKI,0.5234355336571671,PrC
521,ABICON,2020-08-26,-2.3915,1.724758793,SEKI,new,ABICON_SEKI,0.5797912172174675,PrC
522,ABICON,2020-10-19,-2.0865,1.619039524,SEKI,new,ABICON_SEKI,0.6176501470015997,PrC
523,ABICON,2020-08-04,-1.805,1.77085171,SEKI,new,ABICON_SEKI,0.564700022228287,PrC
524,ABICON,2020-08-26,-1.9645,1.830025152,SEKI,new,ABICON_SEKI,0.5464405770090749,PrC
525,ABICON,2020-10-19,-2.0355,1.66799407,SEKI,new,ABICON_SEKI,0.5995225150890374,PrC
526,ABICON,2020-08-04,-1.8,1.73710297,SEKI,new,ABICON_SEKI,0.5756711129219934,PrC
527,ABICON,2020-08-26,-2.3265,1.72039528,SEKI,new,ABICON_SEKI,0.5812617667725757,PrC
528,ABICON,2020-10-19,-2.265,1.600374515,SEKI,new,ABICON_SEKI,0.6248537393136381,PrC
529,ABICON,2020-08-04,-1.925,1.787627112,SEKI,new,ABICON_SEKI,0.55940077955139,PrC
530,ABICON,2020-08-26,-2.2285,1.71456421,SEKI,new,ABICON_SEKI,0.5832385828233286,PrC
531,ABICON,2020-10-19,-2.202,1.607845977,SEKI,new,ABICON_SEKI,0.62195012103451,PrC
532,ABICON,2020-08-04,-1.445,1.746981691,SEKI,new,ABICON_SEKI,0.572415844511561,PrC
533,ABICON,2020-08-26,-2.019,1.658264518,SEKI,new,ABICON_SEKI,0.6030400995409829,PrC
534,ABICON,2020-10-19,-2.2345,1.614821905,SEKI,new,ABICON_SEKI,0.6192633360395244,PrC
535,ABICON,2020-08-04,-1.865,2.396032968,SEKI,new,ABICON_SEKI,0.41735652779215016,PrC
536,ABICON,2020-08-26,-2.195,1.95389157,SEKI,new,ABICON_SEKI,0.5117991271132819,PrC
537,ABICON,2020-10-19,-1.998,1.598613426,SEKI,new,ABICON_SEKI,0.6255421002575766,PrC
538,ABICON,2020-08-04,-1.845,2.06695348,SEKI,new,ABICON_SEKI,0.48380382513495174,PrC
539,ABICON,2020-08-26,-1.7505,1.312832034,SEKI,new,ABICON_SEKI,0.7617120652922764,PrC
540,ABICON,2020-10-19,-2.394,1.599327393,SEKI,new,ABICON_SEKI,0.6252628476050869,PrC
541,ABICON,2021-07-31,-1.825,2.031806205,SEKI,new,ABICON_SEKI,0.4921729235490744,PrC
542,ABICON,2021-08-20,-2.04,1.591595407,SEKI,new,ABICON_SEKI,0.6283003806129983,PrC
543,ABICON,2021-09-17,-1.885,1.404497696,SEKI,new,ABICON_SEKI,0.71199832000294,PrC
544,ABICON,2021-10-17,-1.87,1.403265107,SEKI,new,ABICON_SEKI,0.7126237195036305,PrC
545,ABICON,2021-07-31,-1.793333333,2.02282029,SEKI,new,ABICON_SEKI,0.4943592888323263,PrC
546,ABICON,2021-08-20,-2.016666667,1.583967756,SEKI,new,ABICON_SEKI,0.6313259826230957,PrC
547,ABICON,2021-09-17,-1.865,1.335532933,SEKI,new,ABICON_SEKI,0.7487647629577397,PrC
548,ABICON,2021-10-17,-1.955,1.428093831,SEKI,new,ABICON_SEKI,0.7002341010742732,PrC
549,ABICON,2021-07-31,-1.8,1.934981399,SEKI,new,ABICON_SEKI,0.5168008335980908,PrC
550,ABICON,2021-08-20,-1.89,1.835597331,SEKI,new,ABICON_SEKI,0.5447817901626705,PrC
551,ABICON,2021-09-17,-1.865,1.861346046,SEKI,new,ABICON_SEKI,0.5372456143493481,PrC
552,ABICON,2021-10-17,-1.93,1.658039517,SEKI,new,ABICON_SEKI,0.6031219339146788,PrC
553,ABICON,2021-07-09,-1.97,2.393787596,SEKI,new,ABICON_SEKI,0.41774800808183316,PrC
554,ABICON,2021-07-31,-1.825,1.601263334,SEKI,new,ABICON_SEKI,0.6245068995003916,PrC
555,ABICON,2021-07-09,-1.92,2.425369686,SEKI,new,ABICON_SEKI,0.41230827851618496,PrC
556,ABICON,2021-07-31,-1.98,1.331894835,SEKI,new,ABICON_SEKI,0.750810029231775,PrC
557,ABICON,2021-08-20,-2.115,1.313307393,SEKI,new,ABICON_SEKI,0.7614363593245986,PrC
558,ABICON,2021-09-17,-1.97,1.198367575,SEKI,new,ABICON_SEKI,0.8344685060424804,PrC
559,ABICON,2020-08-04,-1.805,1.959206412,SEKI,new,ABICON_SEKI,0.5104107427757847,PrC
560,ABICON,2020-08-26,-1.877,1.991485746,SEKI,new,ABICON_SEKI,0.5021376638063068,PrC
561,ABICON,2020-10-19,-2.2435,1.282792728,SEKI,new,ABICON_SEKI,0.779549165015223,PrC
562,ABICON,2020-10-19,-2.2435,1.444046781,SEKI,new,ABICON_SEKI,0.6924983408830437,PrC
563,ABICON,2020-10-19,-2.2435,1.663814574,SEKI,new,ABICON_SEKI,0.6010285134093314,PrC
564,ABICON,2020-08-04,-1.725,0.8842143311,SEKI,new,ABICON_SEKI,1.130947514451567,PrC
565,ABICON,2020-08-26,-1.796,0.8471023191,SEKI,new,ABICON_SEKI,1.180494938394745,PrC
566,ABICON,2020-08-04,-1.87,1.296646052,SEKI,new,ABICON_SEKI,0.7712204872390264,PrC
567,ABICON,2020-08-26,-1.727,1.542216714,SEKI,new,ABICON_SEKI,0.6484173014869815,PrC
691,ARCPAT,2020-08-04,-1.65,1.443414957,SEKI,new,ARCPAT_SEKI,0.6928014672082963,PrC
692,ARCPAT,2020-08-26,-2.661,1.256296716,SEKI,new,ARCPAT_SEKI,0.7959903001131462,PrC
693,ARCPAT,2020-10-19,-6.411,0.7305716838,SEKI,new,ARCPAT_SEKI,1.3687910744070915,PrC
694,ARCPAT,2021-07-08,-1.7,2.076236507,SEKI,new,ARCPAT_SEKI,0.4816406977858809,PrC
695,ARCPAT,2021-06-16,-1.903333333,2.005565863,SEKI,new,ARCPAT_SEKI,0.4986123958572783,PrC
696,ARCPAT,2021-06-16,-1.74,1.826684828,SEKI,new,ARCPAT_SEKI,0.5474398126440233,PrC
697,ARCPAT,2021-07-08,-2.26,1.861682799,SEKI,new,ARCPAT_SEKI,0.5371484339529529,PrC
698,ARCPAT,2020-08-04,-2.685,1.342995798,SEKI,new,ARCPAT_SEKI,0.7446039678524743,PrC
699,ARCPAT,2020-08-26,-3.052,1.117165878,SEKI,new,ARCPAT_SEKI,0.8951222192627691,PrC
700,ARCPAT,2020-10-19,-3.6535,1.171872681,SEKI,new,ARCPAT_SEKI,0.8533350219809417,PrC
701,ARCPAT,2020-08-04,-2.055,1.170170715,SEKI,new,ARCPAT_SEKI,0.8545761632737493,PrC
702,ARCPAT,2020-08-26,-1.9825,1.155191853,SEKI,new,ARCPAT_SEKI,0.8656570745396349,PrC
703,ARCPAT,2020-10-19,-5.035,0.8436418207,SEKI,new,ARCPAT_SEKI,1.1853371602302312,PrC
704,ARCPAT,2020-08-04,-2.55,1.17694099,SEKI,new,ARCPAT_SEKI,0.8496602705629277,PrC
705,ARCPAT,2020-08-26,-2.762,1.122478411,SEKI,new,ARCPAT_SEKI,0.8908857312534986,PrC
706,ARCPAT,2020-10-19,-3.7375,1.062017357,SEKI,new,ARCPAT_SEKI,0.941604196399212,PrC
707,ARCPAT,2020-08-04,-2.005,1.339722219,SEKI,new,ARCPAT_SEKI,0.7464233897280762,PrC
708,ARCPAT,2020-08-26,-3.0805,1.230890631,SEKI,new,ARCPAT_SEKI,0.8124198647832587,PrC
709,ARCPAT,2020-10-19,-2.8645,1.032457854,SEKI,new,ARCPAT_SEKI,0.9685625385343817,PrC
710,ARCPAT,2020-08-04,-2.265,1.346157819,SEKI,new,ARCPAT_SEKI,0.742854950501164,PrC
711,ARCPAT,2020-08-26,-3.126,1.187640165,SEKI,new,ARCPAT_SEKI,0.8420058781019755,PrC
712,ARCPAT,2020-10-19,-3.8005,0.8056910171,SEKI,new,ARCPAT_SEKI,1.2411705961416757,PrC
713,ARCPAT,2020-08-04,-1.435,1.476912001,SEKI,new,ARCPAT_SEKI,0.6770884110379708,PrC
714,ARCPAT,2020-08-26,-2.081,1.849312396,SEKI,new,ARCPAT_SEKI,0.5407415221803337,PrC
715,ARCPAT,2020-10-19,-5.319,0.7225904411,SEKI,new,ARCPAT_SEKI,1.3839098099300886,PrC
716,ARCPAT,2020-08-04,-2.0045,1.414335486,SEKI,new,ARCPAT_SEKI,0.7070458246283443,PrC
717,ARCPAT,2020-08-26,-2.7615,1.364167295,SEKI,new,ARCPAT_SEKI,0.7330479213694975,PrC
718,ARCPAT,2020-10-19,-4.8265,0.8450142965,SEKI,new,ARCPAT_SEKI,1.1834119305932949,PrC
719,ARCPAT,2021-07-09,-1.515,2.018646243,SEKI,new,ARCPAT_SEKI,0.49538149810432136,PrC
720,ARCPAT,2021-07-09,-1.81,1.925729981,SEKI,new,ARCPAT_SEKI,0.5192836014739286,PrC
721,ARCPAT,2021-07-09,-1.97,1.800850226,SEKI,new,ARCPAT_SEKI,0.5552932640162824,PrC
722,ARCPAT,2020-08-04,-2.255,1.37172034,SEKI,new,ARCPAT_SEKI,0.7290115709737162,PrC
723,ARCPAT,2020-08-26,-2.5445,1.274452104,SEKI,new,ARCPAT_SEKI,0.7846509075244148,PrC
724,ARCPAT,2020-10-19,-3.58,0.7898981538,SEKI,new,ARCPAT_SEKI,1.2659859947630632,PrC
725,ARCPAT,2020-08-04,-2.08,1.472526774,SEKI,new,ARCPAT_SEKI,0.6791047997610127,PrC
726,ARCPAT,2020-08-26,-2.4965,1.369142478,SEKI,new,ARCPAT_SEKI,0.730384175546703,PrC
727,ARCPAT,2020-10-19,-4.636,0.7625441273,SEKI,new,ARCPAT_SEKI,1.3113995166952221,PrC
728,ARCPAT,2020-08-04,-1.89,1.677395466,SEKI,new,ARCPAT_SEKI,0.5961623363539007,PrC
729,ARCPAT,2020-08-26,-2.412,1.26273202,SEKI,new,ARCPAT_SEKI,0.7919336677626976,PrC
730,ARCPAT,2020-10-19,-4.2915,0.8646355453,SEKI,new,ARCPAT_SEKI,1.1565566618626961,PrC
809,CALDEC,2021-04-24,-1.235,0.9564025459,SEKI,new,CALDEC_SEKI,1.0455848369359722,PrC
810,CALDEC,2021-04-24,-1.005,1.017575982,SEKI,new,CALDEC_SEKI,0.9827275974365518,PrC
811,CALDEC,2021-04-24,-0.845,1.009016942,SEKI,new,CALDEC_SEKI,0.9910636366698391,PrC
812,CALDEC,2021-04-24,-0.915,0.9914238742,SEKI,new,CALDEC_SEKI,1.0086503119636092,PrC
813,CALDEC,2021-04-24,-0.525,0.8620055574,SEKI,new,CALDEC_SEKI,1.1600853282387436,PrC
814,CALDEC,2021-04-24,-0.86,1.04327026,SEKI,new,CALDEC_SEKI,0.9585243999958363,PrC
815,CALDEC,2021-04-24,-1.385,1.021029459,SEKI,new,CALDEC_SEKI,0.9794036706633359,PrC
816,CALDEC,2021-04-24,-1.45,1.000605907,SEKI,new,CALDEC_SEKI,0.9993944599009849,PrC
817,CALDEC,2021-04-24,-1.605,0.9814264142,SEKI,new,CALDEC_SEKI,1.0189250926317692,PrC
818,CALDEC,2021-04-24,-1.22,1.091698531,SEKI,new,CALDEC_SEKI,0.9160037973890065,PrC
819,CALDEC,2021-04-24,-1.69,1.144207167,SEKI,new,CALDEC_SEKI,0.8739676073013096,PrC
820,CALDEC,2020-08-04,-1.94,1.131305017,SEKI,new,CALDEC_SEKI,0.8839349114280468,PrC
821,CALDEC,2020-08-26,-1.9695,1.061078399,SEKI,new,CALDEC_SEKI,0.9424374305823562,PrC
822,CALDEC,2020-10-19,-2.96,1.072978004,SEKI,new,CALDEC_SEKI,0.9319855544774056,PrC
823,CALDEC,2021-05-15,-1.533333333,0.9620601023,SEKI,new,CALDEC_SEKI,1.0394360992720693,PrC
824,CALDEC,2021-05-15,-1.595,0.9944937004,SEKI,new,CALDEC_SEKI,1.0055367868069807,PrC
825,CALDEC,2021-05-15,-1.663333333,1.059839167,SEKI,new,CALDEC_SEKI,0.9435393889344721,PrC
826,CALDEC,2021-05-15,-1.355,1.103902591,SEKI,new,CALDEC_SEKI,0.9058770295068543,PrC
827,CALDEC,2020-08-04,-1.805,1.328522138,SEKI,new,CALDEC_SEKI,0.7527160981340003,PrC
828,CALDEC,2020-08-26,-2.1805,1.186885863,SEKI,new,CALDEC_SEKI,0.8425409984009556,PrC
829,CALDEC,2020-10-19,-3.4055,1.058267328,SEKI,new,CALDEC_SEKI,0.9449408231187499,PrC
830,CALDEC,2020-08-04,-1.86,1.097549314,SEKI,new,CALDEC_SEKI,0.9111207917897709,PrC
831,CALDEC,2020-08-26,-2.3325,1.110271415,SEKI,new,CALDEC_SEKI,0.9006806682490336,PrC
832,CALDEC,2020-10-19,-2.862,1.019708458,SEKI,new,CALDEC_SEKI,0.9806724580487887,PrC
833,CALDEC,2020-08-04,-1.774,1.047165336,SEKI,new,CALDEC_SEKI,0.9549590361917787,PrC
834,CALDEC,2020-08-26,-2.2655,1.074174326,SEKI,new,CALDEC_SEKI,0.9309475899724677,PrC
835,CALDEC,2020-10-19,-3.584,1.054198905,SEKI,new,CALDEC_SEKI,0.9485875912572684,PrC
836,CALDEC,2020-08-04,-1.98,1.178588963,SEKI,new,CALDEC_SEKI,0.8484722251721952,PrC
837,CALDEC,2020-08-26,-2.639,1.07787132,SEKI,new,CALDEC_SEKI,0.9277545301047624,PrC
838,CALDEC,2020-10-19,-2.6205,1.252048176,SEKI,new,CALDEC_SEKI,0.7986913116991754,PrC
839,CALDEC,2020-08-04,-2.19,1.180749393,SEKI,new,CALDEC_SEKI,0.8469197663182708,PrC
840,CALDEC,2020-08-26,-2.5545,1.122841277,SEKI,new,CALDEC_SEKI,0.8905978257869122,PrC
841,CALDEC,2020-10-19,-3.516,1.017647816,SEKI,new,CALDEC_SEKI,0.9826582283944095,PrC
842,CALDEC,2020-08-04,-1.56,1.542952278,SEKI,new,CALDEC_SEKI,0.6481081847172981,PrC
843,CALDEC,2020-08-26,-1.926,1.206148968,SEKI,new,CALDEC_SEKI,0.8290849857942257,PrC
844,CALDEC,2020-08-26,-1.926,1.408555018,SEKI,new,CALDEC_SEKI,0.7099474193204713,PrC
845,CALDEC,2020-10-19,-3.232,0.957084433,SEKI,new,CALDEC_SEKI,1.044839896586219,PrC
846,CALDEC,2020-10-19,-2.2225,0.957084433,SEKI,new,CALDEC_SEKI,1.044839896586219,PrC
847,CALDEC,2020-10-19,-3.232,1.017609162,SEKI,new,CALDEC_SEKI,0.9826955547792129,PrC
848,CALDEC,2020-10-19,-2.2225,1.017609162,SEKI,new,CALDEC_SEKI,0.9826955547792129,PrC
849,CALDEC,2020-08-04,-1.84,1.52907117,SEKI,new,CALDEC_SEKI,0.6539917955552063,PrC
850,CALDEC,2020-08-26,-1.6755,1.34596739,SEKI,new,CALDEC_SEKI,0.7429600504660072,PrC
851,CALDEC,2021-05-14,-1.7,1.234010128,SEKI,new,CALDEC_SEKI,0.8103661204310635,PrC
852,CALDEC,2021-06-15,-1.403333333,1.407070367,SEKI,new,CALDEC_SEKI,0.7106965106031545,PrC
853,CALDEC,2021-05-14,-1.515,1.074029024,SEKI,new,CALDEC_SEKI,0.9310735349364263,PrC
854,CALDEC,2021-06-15,-1.34,1.005789651,SEKI,new,CALDEC_SEKI,0.994243676106387,PrC
855,CALDEC,2021-05-14,-1.245,1.131719083,SEKI,new,CALDEC_SEKI,0.8836115030853465,PrC
856,CALDEC,2021-06-15,-1.355,1.09413074,SEKI,new,CALDEC_SEKI,0.9139675574785514,PrC
857,CALDEC,2021-05-14,-1.68,1.107045171,SEKI,new,CALDEC_SEKI,0.9033055074859272,PrC
858,CALDEC,2021-06-15,-1.365,1.2639876,SEKI,new,CALDEC_SEKI,0.7911470017585615,PrC
859,CALDEC,2021-05-14,-1.665,1.178334592,SEKI,new,CALDEC_SEKI,0.8486553876880499,PrC
860,CALDEC,2020-08-04,-1.65,1.590896132,SEKI,new,CALDEC_SEKI,0.6285765487045637,PrC
861,CALDEC,2020-08-26,-1.8805,1.465812206,SEKI,new,CALDEC_SEKI,0.68221563165234,PrC
862,CALDEC,2020-10-19,-2.725,0.9836219948,SEKI,new,CALDEC_SEKI,1.0166507106252032,PrC
863,CALDEC,2020-08-04,-1.865,1.510434853,SEKI,new,CALDEC_SEKI,0.6620609939010723,PrC
864,CALDEC,2020-08-26,-2.4275,1.30575331,SEKI,new,CALDEC_SEKI,0.7658414436644239,PrC
865,CALDEC,2020-10-19,-3.4375,0.9441032369,SEKI,new,CALDEC_SEKI,1.0592061979191378,PrC
866,CALDEC,2020-08-04,-1.675,1.541915636,SEKI,new,CALDEC_SEKI,0.6485439129433668,PrC
867,CALDEC,2020-08-26,-1.9605,1.458722957,SEKI,new,CALDEC_SEKI,0.6855311320091879,PrC
868,CALDEC,2020-10-19,-2.0605,1.167962633,SEKI,new,CALDEC_SEKI,0.856191775101079,PrC
953,CEACOR,2020-08-04,-1.705,1.434872315,SEKI,new,CEACOR_SEKI,0.6969261233533521,PrC
954,CEACOR,2020-08-26,-2.3655,1.993306306,SEKI,new,CEACOR_SEKI,0.5016790430000275,PrC
955,CEACOR,2020-10-19,-3.3415,0.8108330798,SEKI,new,CEACOR_SEKI,1.2332994606567604,PrC
956,CEACOR,2021-05-15,-1,2.391161432,SEKI,new,CEACOR_SEKI,0.41820681222830963,PrC
957,CEACOR,2021-06-16,-1.743333333,1.957218167,SEKI,new,CEACOR_SEKI,0.5109292448132073,PrC
958,CEACOR,2021-05-15,-1.09,2.325147348,SEKI,new,CEACOR_SEKI,0.43008027033648455,PrC
959,CEACOR,2021-06-16,-1.525,1.905731119,SEKI,new,CEACOR_SEKI,0.524732996187171,PrC
960,CEACOR,2021-05-15,-1.72,1.952803407,SEKI,new,CEACOR_SEKI,0.5120843175587516,PrC
961,CEACOR,2021-06-16,-1.66,1.661824052,SEKI,new,CEACOR_SEKI,0.6017484214387817,PrC
962,CEACOR,2021-05-15,-1.036666667,2.06372674,SEKI,new,CEACOR_SEKI,0.4845602766187931,PrC
963,CEACOR,2021-06-16,-1.94,1.774143081,SEKI,new,CEACOR_SEKI,0.5636523968722678,PrC
964,CEACOR,2021-05-15,-1.02,2.5087916200000002,SEKI,new,CEACOR_SEKI,0.39859827019033167,PrC
965,CEACOR,2021-06-16,-1.72,2.070404016,SEKI,new,CEACOR_SEKI,0.4829975175241353,PrC
966,CEACOR,2021-05-15,-1.426666667,1.763513514,SEKI,new,CEACOR_SEKI,0.5670498082726912,PrC
967,CEACOR,2021-06-16,-1.775,1.202821429,SEKI,new,CEACOR_SEKI,0.8313786035815628,PrC
968,CEACOR,2020-08-04,-2.58,1.059111436,SEKI,new,CEACOR_SEKI,0.9441877086860196,PrC
969,CEACOR,2020-08-26,-3.506,0.9367190649,SEKI,new,CEACOR_SEKI,1.0675559380301025,PrC
970,CEACOR,2020-10-19,-3.6495,0.7994967762,SEKI,new,CEACOR_SEKI,1.2507867820968457,PrC
971,CEACOR,2020-08-04,-1.9,1.137795276,SEKI,new,CEACOR_SEKI,0.8788927332477341,PrC
972,CEACOR,2020-08-26,-3.509,1.228392245,SEKI,new,CEACOR_SEKI,0.8140722184386633,PrC
973,CEACOR,2020-10-19,-3.677,0.7562751315,SEKI,new,CEACOR_SEKI,1.3222701082562305,PrC
974,CEACOR,2020-08-04,-2.175,1.143551339,SEKI,new,CEACOR_SEKI,0.8744688287230452,PrC
975,CEACOR,2020-08-26,-2.6555,0.9994332672,SEKI,new,CEACOR_SEKI,1.0005670541681964,PrC
976,CEACOR,2020-10-19,-3.655,1.902571819,SEKI,new,CEACOR_SEKI,0.5256043372520909,PrC
977,CEACOR,2020-08-04,-2.155,1.210245885,SEKI,new,CEACOR_SEKI,0.8262783723491033,PrC
978,CEACOR,2020-08-26,-2.6615,1.081851643,SEKI,new,CEACOR_SEKI,0.9243411575611019,PrC
979,CEACOR,2020-10-19,-3.937,0.7745353339,SEKI,new,CEACOR_SEKI,1.2910966824001728,PrC
980,CEACOR,2020-08-04,-2.085,1.195196992,SEKI,new,CEACOR_SEKI,0.836682159253627,PrC
981,CEACOR,2020-08-26,-2.643,1.077511691,SEKI,new,CEACOR_SEKI,0.9280641763356979,PrC
982,CEACOR,2020-10-19,-4.0845,0.8121936515,SEKI,new,CEACOR_SEKI,1.231233460336891,PrC
983,CEACOR,2020-08-04,-1.455,1.658910874,SEKI,new,CEACOR_SEKI,0.6028051390059186,PrC
984,CEACOR,2020-10-19,-3.3145,0.8425807345,SEKI,new,CEACOR_SEKI,1.186829889474526,PrC
985,CEACOR,2020-08-04,-1.534,2.03350631,SEKI,new,CEACOR_SEKI,0.4917614443006081,PrC
986,CEACOR,2020-08-26,-1.8755,2.960844687,SEKI,new,CEACOR_SEKI,0.337741457493748,PrC
987,CEACOR,2020-10-19,-4.08,0.8052020317,SEKI,new,CEACOR_SEKI,1.2419243377823186,PrC
988,CEACOR,2020-10-19,-3.3295,0.8052020317,SEKI,new,CEACOR_SEKI,1.2419243377823186,PrC
989,CEACOR,2020-10-19,-4.08,0.8827494766,SEKI,new,CEACOR_SEKI,1.132824234404083,PrC
990,CEACOR,2020-10-19,-3.3295,0.8827494766,SEKI,new,CEACOR_SEKI,1.132824234404083,PrC
991,CEACOR,2021-05-14,-2,2.106060606,SEKI,new,CEACOR_SEKI,0.47482014389855604,PrC
992,CEACOR,2021-06-15,-1.36,1.479619429,SEKI,new,CEACOR_SEKI,0.675849465342483,PrC
993,CEACOR,2021-05-14,-1.375,2.188643533,SEKI,new,CEACOR_SEKI,0.4569040069441038,PrC
994,CEACOR,2021-06-15,-1.045,1.981276387,SEKI,new,CEACOR_SEKI,0.5047251390878258,PrC
995,CEACOR,2021-05-14,-1.245,0.5266666667,SEKI,new,CEACOR_SEKI,1.898734177095017,PrC
996,CEACOR,2021-06-15,-1.295,2.053347655,SEKI,new,CEACOR_SEKI,0.48700959020015533,PrC
997,CEACOR,2021-06-15,-1.285,1.923656927,SEKI,new,CEACOR_SEKI,0.5198432142261092,PrC
998,CEACOR,2021-05-14,-1.165,2.227983131,SEKI,new,CEACOR_SEKI,0.44883643241551996,PrC
999,CEACOR,2021-06-15,-1.143333333,2.337137187,SEKI,new,CEACOR_SEKI,0.42787389870066705,PrC
1000,CEACOR,2020-08-04,-1.62,1.355944602,SEKI,new,CEACOR_SEKI,0.7374932563801009,PrC
1001,CEACOR,2020-08-26,-2.3345,1.165427951,SEKI,new,CEACOR_SEKI,0.8580539012660079,PrC
1002,CEACOR,2020-08-04,-2.22,1.20999189,SEKI,new,CEACOR_SEKI,0.8264518202679855,PrC
1003,CEACOR,2020-08-26,-2.581,1.118356263,SEKI,new,CEACOR_SEKI,0.894169445895078,PrC
1004,CEACOR,2020-10-19,-3.6485,0.8101107557,SEKI,new,CEACOR_SEKI,1.234399115138177,PrC
1005,CEACOR,2020-08-04,-1.885,1.616008672,SEKI,new,CEACOR_SEKI,0.6188085604530716,PrC
1006,CEACOR,2020-08-26,-2.038,1.281208367,SEKI,new,CEACOR_SEKI,0.7805131669109682,PrC
1007,CEACOR,2020-10-19,-3.527,0.8395852825,SEKI,new,CEACOR_SEKI,1.191064232358075,PrC
1093,PINJEF,2021-04-24,-0.88,1.293963316,SEKI,new,PINJEF_SEKI,0.7728194359414128,PrC
1094,PINJEF,2021-04-24,-1.13,1.079474607,SEKI,new,PINJEF_SEKI,0.9263765849751017,PrC
1095,PINJEF,2021-04-24,-1.13,1.031629367,SEKI,new,PINJEF_SEKI,0.9693403774536015,PrC
1096,PINJEF,2021-04-24,-1.275,1.172271104,SEKI,new,PINJEF_SEKI,0.8530449966631609,PrC
1097,PINJEF,2021-04-24,-1.28,1.089111581,SEKI,new,PINJEF_SEKI,0.918179567131056,PrC
1098,PINJEF,2020-08-04,-2.545,1.600049722,SEKI,new,PINJEF_SEKI,0.6249805779473145,PrC
1099,PINJEF,2020-08-26,-2.2125,1.627884124,SEKI,new,PINJEF_SEKI,0.6142943378198337,PrC
1100,PINJEF,2020-10-19,-2.2975,1.305198147,SEKI,new,PINJEF_SEKI,0.7661671925435242,PrC
1101,PINJEF,2021-05-15,-1.77,1.096734842,SEKI,new,PINJEF_SEKI,0.9117974205838169,PrC
1102,PINJEF,2021-07-08,-2.05,1.959679988,SEKI,new,PINJEF_SEKI,0.5102873969849407,PrC
1103,PINJEF,2021-07-30,-2.73,1.537159991,SEKI,new,PINJEF_SEKI,0.6505503694182475,PrC
1104,PINJEF,2021-08-19,-2.473333333,2.957245592,SEKI,new,PINJEF_SEKI,0.33815250336502994,PrC
1105,PINJEF,2021-09-16,-2.785,1.645225188,SEKI,new,PINJEF_SEKI,0.6078195296873853,PrC
1106,PINJEF,2021-10-16,-2.24,1.450247798,SEKI,new,PINJEF_SEKI,0.6895373338122456,PrC
1107,PINJEF,2021-05-15,-1.86,0.974258467,SEKI,new,PINJEF_SEKI,1.0264216672186233,PrC
1108,PINJEF,2021-06-16,-2.915,2.383103822,SEKI,new,PINJEF_SEKI,0.41962082842062604,PrC
1109,PINJEF,2021-07-08,-2.725,1.767522602,SEKI,new,PINJEF_SEKI,0.5657636280681632,PrC
1110,PINJEF,2021-07-30,-2.81,1.502232304,SEKI,new,PINJEF_SEKI,0.6656760058596104,PrC
1111,PINJEF,2021-08-19,-2.5,1.472688142,SEKI,new,PINJEF_SEKI,0.679030387684075,PrC
1112,PINJEF,2021-09-16,-3.003333333,0.9722355831,SEKI,new,PINJEF_SEKI,1.0285572935023344,PrC
1113,PINJEF,2021-10-16,-2.31,1.277818792,SEKI,new,PINJEF_SEKI,0.7825835762164938,PrC
1114,PINJEF,2021-05-15,-1.595,0.9884848219,SEKI,new,PINJEF_SEKI,1.011649322118944,PrC
1115,PINJEF,2021-06-16,-2.215,2.518070978,SEKI,new,PINJEF_SEKI,0.3971293933875759,PrC
1116,PINJEF,2021-07-08,-2.545,1.804331793,SEKI,new,PINJEF_SEKI,0.5542217921778869,PrC
1117,PINJEF,2021-07-30,-3.03,1.512818307,SEKI,new,PINJEF_SEKI,0.6610179129726779,PrC
1118,PINJEF,2021-09-16,-2.465,1.543142212,SEKI,new,PINJEF_SEKI,0.6480284138582038,PrC
1119,PINJEF,2021-10-16,-1.95,1.381039872,SEKI,new,PINJEF_SEKI,0.7240920557578225,PrC
1120,PINJEF,2021-05-15,-1.49,0.9535045518,SEKI,new,PINJEF_SEKI,1.0487626913916952,PrC
1121,PINJEF,2021-07-08,-2.08,2.251157723,SEKI,new,PINJEF_SEKI,0.4442158760281587,PrC
1122,PINJEF,2021-07-08,-2.62,1.541603603,SEKI,new,PINJEF_SEKI,0.6486751834608939,PrC
1123,PINJEF,2021-07-30,-2.336666667,1.112925375,SEKI,new,PINJEF_SEKI,0.8985328418807954,PrC
1124,PINJEF,2021-08-19,-2.36,0.569088379,SEKI,new,PINJEF_SEKI,1.7571963106278787,PrC
1125,PINJEF,2021-09-16,-2.67,1.16836012,SEKI,new,PINJEF_SEKI,0.8559004906809041,PrC
1126,PINJEF,2021-10-16,-1.675,1.252084087,SEKI,new,PINJEF_SEKI,0.798668404448782,PrC
1127,PINJEF,2021-06-16,-3.02,2.73316913,SEKI,new,PINJEF_SEKI,0.3658756382924609,PrC
1128,PINJEF,2021-07-08,-2.2,2.03848283,SEKI,new,PINJEF_SEKI,0.49056091387338296,PrC
1129,PINJEF,2021-07-30,-2.33,1.632239773,SEKI,new,PINJEF_SEKI,0.6126550869190222,PrC
1130,PINJEF,2021-08-19,-2.07,1.366686997,SEKI,new,PINJEF_SEKI,0.731696432464119,PrC
1131,PINJEF,2021-09-16,-2.195,0.5786318217,SEKI,new,PINJEF_SEKI,1.72821466517696,PrC
1132,PINJEF,2021-10-16,-1.68,1.465459481,SEKI,new,PINJEF_SEKI,0.6823798357888546,PrC
1133,PINJEF,2021-05-15,-1.265,1.080045563,SEKI,new,PINJEF_SEKI,0.9258868646451723,PrC
1134,PINJEF,2021-06-16,-2.475,2.575630252,SEKI,new,PINJEF_SEKI,0.3882544861489692,PrC
1135,PINJEF,2021-07-08,-1.495,1.816213998,SEKI,new,PINJEF_SEKI,0.5505959105596542,PrC
1136,PINJEF,2021-07-30,-2.35,1.424598624,SEKI,new,PINJEF_SEKI,0.7019521029665126,PrC
1137,PINJEF,2021-08-19,-2.35,1.35610396,SEKI,new,PINJEF_SEKI,0.7374065923382452,PrC
1138,PINJEF,2021-09-16,-2.755,1.3173046,SEKI,new,PINJEF_SEKI,0.7591258695976618,PrC
1139,PINJEF,2021-10-16,-1.71,1.287328916,SEKI,new,PINJEF_SEKI,0.7768022512126962,PrC
1140,PINJEF,2020-08-04,-2.5,1.682416553,SEKI,new,PINJEF_SEKI,0.5943831200524333,PrC
1141,PINJEF,2020-08-26,-2.391,1.466145505,SEKI,new,PINJEF_SEKI,0.6820605435065601,PrC
1142,PINJEF,2020-08-26,-2.583,1.467154952,SEKI,new,PINJEF_SEKI,0.6815912652149096,PrC
1143,PINJEF,2020-08-04,-2.5,1.408168656,SEKI,new,PINJEF_SEKI,0.7101422089883529,PrC
1144,PINJEF,2020-08-26,-2.466,1.335603703,SEKI,new,PINJEF_SEKI,0.748725087953728,PrC
1145,PINJEF,2020-08-04,-2.64,1.031400113,SEKI,new,PINJEF_SEKI,0.9695558371535684,PrC
1146,PINJEF,2020-08-26,-2.7615,1.437079863,SEKI,new,PINJEF_SEKI,0.6958555510703722,PrC
1147,PINJEF,2020-08-04,-2.525,1.474465809,SEKI,new,PINJEF_SEKI,0.6782117251523192,PrC
1148,PINJEF,2020-08-26,-2.331,1.381664815,SEKI,new,PINJEF_SEKI,0.7237645405336605,PrC
1149,PINJEF,2020-10-19,-2.9545,1.271193197,SEKI,new,PINJEF_SEKI,0.7866624855765334,PrC
1150,PINJEF,2020-10-19,-3.343,1.286168834,SEKI,new,PINJEF_SEKI,0.7775029013026139,PrC
1151,PINJEF,2020-10-19,-2.734,1.349276003,SEKI,new,PINJEF_SEKI,0.7411382087701741,PrC
1152,PINJEF,2020-10-19,-2.871,1.354219388,SEKI,new,PINJEF_SEKI,0.7384327892963234,PrC
1153,PINJEF,2020-10-19,-2.389,1.289390273,SEKI,new,PINJEF_SEKI,0.7755603721698,PrC
1207,QUEKEL,2020-08-04,-2.91,1.018884819,SEKI,new,QUEKEL_SEKI,0.9814652072070965,PrC
1208,QUEKEL,2020-08-26,-3.6655,1.052774849,SEKI,new,QUEKEL_SEKI,0.9498707163738483,PrC
1209,QUEKEL,2020-10-19,-3.8435,0.8965155087,SEKI,new,QUEKEL_SEKI,1.115429672209529,PrC
1210,QUEKEL,2020-08-04,-2.6,0.9499868893,SEKI,new,QUEKEL_SEKI,1.0526461062392685,PrC
1211,QUEKEL,2020-08-26,-3.177,1.047241781,SEKI,new,QUEKEL_SEKI,0.954889327510511,PrC
1212,QUEKEL,2020-10-19,-4.3985,0.8436975632,SEKI,new,QUEKEL_SEKI,1.1852588458442048,PrC
1213,QUEKEL,2020-08-04,-2.975,0.9229246744,SEKI,new,QUEKEL_SEKI,1.0835120435479821,PrC
1214,QUEKEL,2020-08-26,-3.8585,1.0006866,SEKI,new,QUEKEL_SEKI,0.9993138710961054,PrC
1215,QUEKEL,2020-10-19,-3.5565,0.9954154524,SEKI,new,QUEKEL_SEKI,1.004605662478864,PrC
1216,QUEKEL,2020-08-04,-3.49,1.046512714,SEKI,new,QUEKEL_SEKI,0.9555545638597948,PrC
1217,QUEKEL,2020-08-26,-3.691,1.061939749,SEKI,new,QUEKEL_SEKI,0.9416730101134956,PrC
1218,QUEKEL,2020-10-19,-4.122,0.8925745619,SEKI,new,QUEKEL_SEKI,1.1203545817744642,PrC
1219,QUEKEL,2020-08-04,-2.545,0.9454095081,SEKI,new,QUEKEL_SEKI,1.0577426939673065,PrC
1220,QUEKEL,2020-08-26,-3.203,1.033352938,SEKI,new,QUEKEL_SEKI,0.9677235755824599,PrC
1221,QUEKEL,2020-10-19,-3.9305,0.8851532282,SEKI,new,QUEKEL_SEKI,1.129747899167183,PrC
1222,QUEKEL,2020-08-04,-3.115,0.9317393413,SEKI,new,QUEKEL_SEKI,1.0732615396541698,PrC
1223,QUEKEL,2020-08-26,-3.061,0.8931427893,SEKI,new,QUEKEL_SEKI,1.1196417996989587,PrC
1224,QUEKEL,2020-10-19,-2.4995,0.7880889837,SEKI,new,QUEKEL_SEKI,1.2688922452704499,PrC
1225,QUEKEL,2021-06-16,-1.895,1.866985534,SEKI,new,QUEKEL_SEKI,0.5356227896728846,PrC
1226,QUEKEL,2021-07-08,-2.9,0.6957057443,SEKI,new,QUEKEL_SEKI,1.4373893103415045,PrC
1227,QUEKEL,2021-07-30,-3.52,1.077238093,SEKI,new,QUEKEL_SEKI,0.928299886996291,PrC
1228,QUEKEL,2021-08-19,-3.68,1.016199305,SEKI,new,QUEKEL_SEKI,0.9840589292668331,PrC
1229,QUEKEL,2021-09-16,-4.383333333,1.012242525,SEKI,new,QUEKEL_SEKI,0.9879055417080013,PrC
1230,QUEKEL,2021-10-16,-3.415,1.015393922,SEKI,new,QUEKEL_SEKI,0.9848394581979781,PrC
1231,QUEKEL,2021-06-16,-2.16,1.288229489,SEKI,new,QUEKEL_SEKI,0.7762592057850339,PrC
1232,QUEKEL,2021-07-08,-2.83,1.11499029,SEKI,new,QUEKEL_SEKI,0.8968687969471018,PrC
1233,QUEKEL,2021-07-30,-3.205,0.9825927324,SEKI,new,QUEKEL_SEKI,1.0177156486365235,PrC
1234,QUEKEL,2021-08-19,-3.355,0.9476302125,SEKI,new,QUEKEL_SEKI,1.0552639487525837,PrC
1235,QUEKEL,2021-09-16,-3.076666667,0.8970374465,SEKI,new,QUEKEL_SEKI,1.1147806637300732,PrC
1236,QUEKEL,2021-10-16,-3.31,0.9444287143,SEKI,new,QUEKEL_SEKI,1.0588411648847302,PrC
1237,QUEKEL,2021-06-16,-2.375,1.285107551,SEKI,new,QUEKEL_SEKI,0.7781449881154733,PrC
1238,QUEKEL,2021-07-08,-3.65,1.063207743,SEKI,new,QUEKEL_SEKI,0.9405499598585975,PrC
1239,QUEKEL,2021-07-30,-4.145,0.945972857,SEKI,new,QUEKEL_SEKI,1.057112783522498,PrC
1240,QUEKEL,2021-08-19,-3.753333333,0.9006370191,SEKI,new,QUEKEL_SEKI,1.1103252240278694,PrC
1241,QUEKEL,2021-09-16,-4.425,0.8516810809,SEKI,new,QUEKEL_SEKI,1.1741484253040662,PrC
1242,QUEKEL,2021-10-16,-3.99,1.041753552,SEKI,new,QUEKEL_SEKI,0.959919933155169,PrC
1243,QUEKEL,2021-06-16,-3.586666667,0.9814276514,SEKI,new,QUEKEL_SEKI,1.0189238081620247,PrC
1244,QUEKEL,2021-07-08,-3.66,1.117130933,SEKI,new,QUEKEL_SEKI,0.8951502196027723,PrC
1245,QUEKEL,2021-07-30,-3.86,0.9418793556,SEKI,new,QUEKEL_SEKI,1.0617071008664116,PrC
1246,QUEKEL,2021-08-19,-3.54,0.8906004205,SEKI,new,QUEKEL_SEKI,1.122838005666538,PrC
1247,QUEKEL,2021-09-16,-4.115,0.900102496,SEKI,new,QUEKEL_SEKI,1.110984587248606,PrC
1248,QUEKEL,2021-10-16,-3.52,1.081937779,SEKI,new,QUEKEL_SEKI,0.92426756825542,PrC
1249,QUEKEL,2021-06-16,-1.69,2.216198325,SEKI,new,QUEKEL_SEKI,0.4512231548591212,PrC
1250,QUEKEL,2021-07-08,-2.99,1.17004306,SEKI,new,QUEKEL_SEKI,0.85466939994499,PrC
1251,QUEKEL,2021-07-30,-3.235,1.083156145,SEKI,new,QUEKEL_SEKI,0.9232279248159553,PrC
1252,QUEKEL,2021-08-19,-3.01,0.9765226671,SEKI,new,QUEKEL_SEKI,1.024041769526683,PrC
1253,QUEKEL,2021-09-16,-2.735,1.063481037,SEKI,new,QUEKEL_SEKI,0.9403082567611405,PrC
1254,QUEKEL,2021-06-16,-1.716666667,2.088373526,SEKI,new,QUEKEL_SEKI,0.47884154225770437,PrC
1255,QUEKEL,2021-07-08,-2.735,1.226487504,SEKI,new,QUEKEL_SEKI,0.8153364765141545,PrC
1256,QUEKEL,2021-07-30,-3.075,0.9028462412,SEKI,new,QUEKEL_SEKI,1.1076083106586012,PrC
1257,QUEKEL,2021-08-19,-3.09,0.906104442,SEKI,new,QUEKEL_SEKI,1.1036255354766267,PrC
1258,QUEKEL,2021-09-16,-3.67,0.9236416696,SEKI,new,QUEKEL_SEKI,1.0826709457933705,PrC
1259,QUEKEL,2021-10-16,-3.04,1.019237184,SEKI,new,QUEKEL_SEKI,0.9811259005244455,PrC
1261,QUEDOU,2022-05-25,-3.9875,0.729859719438878,Sedgwick,both,QUEDOU_Sedgwick,1.3701263042284455,SeR
1262,QUEDOU,2022-09-16,-4.073,0.677816816672282,Sedgwick,both,QUEDOU_Sedgwick,1.475324859759994,SeR
1263,QUEDOU,2022-03-08,-1.65333333333333,1.75405358241543,Sedgwick,both,QUEDOU_Sedgwick,0.5701080115368791,SeR
1264,QUEDOU,2022-04-12,-2.2,0.994408431886783,Sedgwick,both,QUEDOU_Sedgwick,1.0056230095541403,SeR
1265,QUEDOU,2022-04-27,-2.62066666666667,0.808619901035386,Sedgwick,both,QUEDOU_Sedgwick,1.2366749800735353,SeR
1266,QUEDOU,2022-05-25,-2.6858,0.788674292143259,Sedgwick,both,QUEDOU_Sedgwick,1.2679505468378507,SeR
1267,QUEDOU,2022-09-15,-3.59033333333333,0.603137458831687,Sedgwick,both,QUEDOU_Sedgwick,1.6579968386262383,SeR
1268,QUEDOU,2022-04-04,-2.125,1.08362634786685,Sedgwick,both,QUEDOU_Sedgwick,0.9228273213996034,SeR
1269,QUEDOU,2022-04-27,-2.733,0.784051184295421,Sedgwick,both,QUEDOU_Sedgwick,1.275426936442471,SeR
1270,QUEDOU,2022-05-25,-3,1.06703935205564,Sedgwick,both,QUEDOU_Sedgwick,0.9371725588878335,SeR
1271,QUEDOU,2022-05-23,-3,0.749499521281225,Sedgwick,both,QUEDOU_Sedgwick,1.334223667402161,SeR
1272,QUEDOU,2022-07-19,-4.3,0.640625,Sedgwick,both,QUEDOU_Sedgwick,1.5609756097560976,SeR
1273,QUEDOU,2022-09-15,-3.5775,0.631027638929727,Sedgwick,both,QUEDOU_Sedgwick,1.5847166404566357,SeR
1274,QUEDOU,2022-03-08,-1.40666666666667,1.60109994776784,Sedgwick,both,QUEDOU_Sedgwick,0.624570628082364,SeR
1275,QUEDOU,2022-04-12,-1.727,1.01309504200297,Sedgwick,both,QUEDOU_Sedgwick,0.9870742216079943,SeR
1276,QUEDOU,2022-04-27,-2.717,0.793058580601364,Sedgwick,both,QUEDOU_Sedgwick,1.260940899525626,SeR
1277,QUEDOU,2022-05-25,-3.19933333333333,0.873489630297566,Sedgwick,both,QUEDOU_Sedgwick,1.1448332817177653,SeR
1278,QUEDOU,2022-07-19,-4.46666666666667,0.63816054860831,Sedgwick,both,QUEDOU_Sedgwick,1.567003792667509,SeR
1279,QUEDOU,2022-09-15,-2.566,0.58031939877877,Sedgwick,both,QUEDOU_Sedgwick,1.7231889923108035,SeR
1280,QUEDOU,2022-03-08,-1.77,1.3532197656088,Sedgwick,both,QUEDOU_Sedgwick,0.7389782690249946,SeR
1281,QUEDOU,2022-04-04,-2.1,0.937573356807512,Sedgwick,both,QUEDOU_Sedgwick,1.0665832094515293,SeR
1282,QUEDOU,2022-04-27,-2.42633333333333,0.789125471742068,Sedgwick,both,QUEDOU_Sedgwick,1.2672256007557414,SeR
1283,QUEDOU,2022-05-25,-3.4,0.828391226583827,Sedgwick,both,QUEDOU_Sedgwick,1.2071590909090917,SeR
1284,QUEDOU,2022-09-15,-3.4215,0.501430292080699,Sedgwick,both,QUEDOU_Sedgwick,1.994295150878245,SeR
1285,QUEDOU,2022-09-16,-3.4215,0.583933213357328,Sedgwick,both,QUEDOU_Sedgwick,1.7125246126187843,SeR
1286,QUEDOU,2022-04-04,-1.88333333333333,1.03546052631579,Sedgwick,both,QUEDOU_Sedgwick,0.9657538598386168,SeR
1287,QUEDOU,2022-05-25,-3.3,0.701880437833286,Sedgwick,both,QUEDOU_Sedgwick,1.424744081893795,SeR
1288,QUEDOU,2022-04-25,-3.03333333333333,0.91171686578047,Sedgwick,both,QUEDOU_Sedgwick,1.0968317440787452,SeR
1289,QUEDOU,2022-05-23,-3.276,0.614859437751004,Sedgwick,both,QUEDOU_Sedgwick,1.6263879817112998,SeR
1290,QUEDOU,2022-07-19,-3.95,0.602637614678899,Sedgwick,both,QUEDOU_Sedgwick,1.6593720266412944,SeR
1291,QUEDOU,2022-08-18,-4.0635,0.602371633857118,Sedgwick,both,QUEDOU_Sedgwick,1.660104732350659,SeR
1293,QUEDOU,2022-04-25,-2.62666666666667,1.28309768637532,Sedgwick,both,QUEDOU_Sedgwick,0.779363886801904,SeR
1294,QUEDOU,2022-05-23,-3.56833333333333,0.89495026778883,Sedgwick,both,QUEDOU_Sedgwick,1.117380524920919,SeR
1295,QUEDOU,2022-08-18,-4.2655,0.643712330998534,Sedgwick,both,QUEDOU_Sedgwick,1.5534889605870816,SeR
1297,QUEDOU,2022-04-25,-1.695,0.936826783114993,Sedgwick,both,QUEDOU_Sedgwick,1.0674331883157238,SeR
1298,QUEDOU,2022-05-23,-2.22,0.718262886971652,Sedgwick,both,QUEDOU_Sedgwick,1.3922479055213492,SeR
1299,QUEDOU,2022-07-19,-4.875,0.566019417475728,Sedgwick,both,QUEDOU_Sedgwick,1.7667238421955407,SeR
1300,QUEDOU,2022-08-18,-4.2785,0.593693460842595,Sedgwick,both,QUEDOU_Sedgwick,1.6843709185894644,SeR
1301,QUEDOU,2022-09-15,-3.836,0.569183673469388,Sedgwick,both,QUEDOU_Sedgwick,1.7569021154535667,SeR
1303,QUEDOU,2022-04-27,-2.50333333333333,0.82860852629301,Sedgwick,both,QUEDOU_Sedgwick,1.206842517628624,SeR
1304,QUEDOU,2022-05-25,-2.97216666666667,0.867345013041923,Sedgwick,both,QUEDOU_Sedgwick,1.1529437363026207,SeR
1305,QUEDOU,2022-09-15,-4.1735,0.6312952410288,Sedgwick,both,QUEDOU_Sedgwick,1.584044888997317,SeR
1306,QUEDOU,2022-04-04,-1.6,1.88848894967965,Sedgwick,both,QUEDOU_Sedgwick,0.5295238821331907,SeR
1307,QUEDOU,2022-04-27,-2.29,0.977027497389488,Sedgwick,both,QUEDOU_Sedgwick,1.0235126469540439,SeR
1308,QUEDOU,2022-07-19,-3.96666666666667,0.633348687240903,Sedgwick,both,QUEDOU_Sedgwick,1.5789090909090904,SeR
1309,QUEDOU,2022-04-04,-2.46666666666667,1.85153922542205,Sedgwick,both,QUEDOU_Sedgwick,0.5400911772593177,SeR
1311,QUEDOU,2022-09-15,-3.63933333333333,0.57375862568161,Sedgwick,both,QUEDOU_Sedgwick,1.7428931875525646,SeR
1313,QUEDOU,2022-04-27,-2.731,0.836149187121454,Sedgwick,both,QUEDOU_Sedgwick,1.1959588257720162,SeR
1314,QUEDOU,2022-05-25,-3.1685,0.874920270442658,Sedgwick,both,QUEDOU_Sedgwick,1.1429612889115703,SeR
1315,QUEDOU,2022-07-19,-4.75,0.651905252317199,Sedgwick,both,QUEDOU_Sedgwick,1.5339652448657184,SeR
1316,QUEDOU,2022-09-13,-4.4435,0.592994161801501,Sedgwick,both,QUEDOU_Sedgwick,1.6863572433192693,SeR
1317,QUEDOU,2022-03-08,-2.17333333333333,1.30653336595938,Sedgwick,both,QUEDOU_Sedgwick,0.7653842037671236,SeR
1318,QUEDOU,2022-04-04,-2.43333333333333,1.0637868574311,Sedgwick,both,QUEDOU_Sedgwick,0.9400379343046815,SeR
1319,QUEDOU,2022-04-27,-1.781,0.826173391731121,Sedgwick,both,QUEDOU_Sedgwick,1.2103996691356178,SeR
1320,QUEDOU,2022-05-23,-2.9805,0.799793377195367,Sedgwick,both,QUEDOU_Sedgwick,1.2503229315385143,SeR
1321,QUEDOU,2022-07-19,-3.86666666666667,0.634358288770053,Sedgwick,both,QUEDOU_Sedgwick,1.576396206533194,SeR
1322,QUEDOU,2022-09-16,-2.643,0.645137814973165,Sedgwick,both,QUEDOU_Sedgwick,1.5500564015792435,SeR
1323,QUEDOU,2022-03-08,-1.87333333333333,1.22167042889391,Sedgwick,both,QUEDOU_Sedgwick,0.818551367331852,SeR
1324,QUEDOU,2022-04-04,-2.875,1.27213027229044,Sedgwick,both,QUEDOU_Sedgwick,0.7860830150669428,SeR
1325,QUEDOU,2022-04-27,-2.14233333333333,0.818946724289594,Sedgwick,both,QUEDOU_Sedgwick,1.2210806519404092,SeR
1326,QUEDOU,2022-05-23,-3.7402,0.727192205491585,Sedgwick,both,QUEDOU_Sedgwick,1.3751522533495746,SeR
1327,QUEDOU,2022-07-19,-4.175,0.636,Sedgwick,both,QUEDOU_Sedgwick,1.572327044025157,SeR
1331,QUEAGR,2022-05-23,-2.65083333333333,0.664019296729577,Sedgwick,both,QUEAGR_Sedgwick,1.5059803305795367,SeR
1334,QUEAGR,2022-03-08,-1.656,1.05864408295992,Sedgwick,both,QUEAGR_Sedgwick,0.9446045333801386,SeR
1336,QUEAGR,2022-05-25,-2.149,0.687765048420786,Sedgwick,both,QUEAGR_Sedgwick,1.4539849070495126,SeR
1337,QUEAGR,2022-07-19,-3.46666666666667,0.591294902803906,Sedgwick,both,QUEAGR_Sedgwick,1.6912034845185109,SeR
1339,QUEDOU,2022-03-08,-1.685,1.71107445410574,Sedgwick,both,QUEDOU_Sedgwick,0.5844281045751634,SeR
1340,QUEDOU,2022-04-04,-2.25,1.16238159675237,Sedgwick,both,QUEDOU_Sedgwick,0.8603026775320125,SeR
1341,QUEDOU,2022-04-27,-1.871,0.865596790371113,Sedgwick,both,QUEDOU_Sedgwick,1.155272305909618,SeR
1342,QUEDOU,2022-05-23,-2.692,0.772057451967916,Sedgwick,both,QUEDOU_Sedgwick,1.2952403962309744,SeR
1343,QUEDOU,2022-07-19,-4.1,0.628688152519292,Sedgwick,both,QUEDOU_Sedgwick,1.590613718411552,SeR
1344,QUEDOU,2022-09-15,-3.92866666666667,0.513475017804266,Sedgwick,both,QUEDOU_Sedgwick,1.9475144171107364,SeR
1345,QUEDOU,2022-03-08,-1.8025,1.23072844040301,Sedgwick,both,QUEDOU_Sedgwick,0.8125269289076829,SeR
1347,QUEDOU,2022-04-27,-1.428,0.876361744333518,Sedgwick,both,QUEDOU_Sedgwick,1.1410813017180594,SeR
1348,QUEDOU,2022-05-23,-3.0585,0.771422473588731,Sedgwick,both,QUEDOU_Sedgwick,1.296306543090331,SeR
1349,QUEDOU,2022-07-19,-4.1,0.595717066839715,Sedgwick,both,QUEDOU_Sedgwick,1.6786492374727653,SeR
1350,QUEDOU,2022-09-15,-3.658,0.617318253138075,Sedgwick,both,QUEDOU_Sedgwick,1.6199099814667735,SeR
1351,QUEDOU,2022-04-04,-2.6,0.977123578888992,Sedgwick,both,QUEDOU_Sedgwick,1.0234120039729457,SeR
1352,QUEDOU,2022-04-27,-2.98233333333333,0.798013245033112,Sedgwick,both,QUEDOU_Sedgwick,1.2531120331950216,SeR
1353,QUEDOU,2022-05-25,-3.367,0.727073107724102,Sedgwick,both,QUEDOU_Sedgwick,1.3753775093267016,SeR
1354,QUEDOU,2022-07-19,-4.53333333333333,0.600141043723554,Sedgwick,both,QUEDOU_Sedgwick,1.6662749706227975,SeR
1355,QUEDOU,2022-09-15,-4.189,0.577552356020942,Sedgwick,both,QUEDOU_Sedgwick,1.7314447592068,SeR
1358,QUEDOU,2022-04-27,-2.66533333333333,0.795442775763853,Sedgwick,both,QUEDOU_Sedgwick,1.2571614583333333,SeR
1359,QUEDOU,2022-05-23,-3.34425,0.735964095181641,Sedgwick,both,QUEDOU_Sedgwick,1.358761937636636,SeR
1361,QUEDOU,2022-04-27,-2.0795,0.73318667504714,Sedgwick,both,QUEDOU_Sedgwick,1.363909129875697,SeR
1362,QUEDOU,2022-05-23,-3.2125,0.696586074504514,Sedgwick,both,QUEDOU_Sedgwick,1.4355727692536866,SeR
1363,QUEDOU,2022-07-19,-5,0.57787610619469,Sedgwick,both,QUEDOU_Sedgwick,1.7304747320061264,SeR
1364,QUEDOU,2022-09-15,-3.787,0.52635909119676,Sedgwick,both,QUEDOU_Sedgwick,1.8998436936395322,SeR
1367,QUEAGR,2022-05-23,-2.5555,0.613691603983243,Sedgwick,both,QUEAGR_Sedgwick,1.6294829414470942,SeR
1368,QUEAGR,2022-07-19,-3.3,0.588915121566496,Sedgwick,both,QUEAGR_Sedgwick,1.6980375666701018,SeR
1369,QUEAGR,2022-09-15,-3.1065,0.513289246661086,Sedgwick,both,QUEAGR_Sedgwick,1.9482192672161682,SeR
1372,QUEAGR,2022-05-23,-2.02375,0.669160088277736,Sedgwick,both,QUEAGR_Sedgwick,1.4944107060744907,SeR
1373,QUEAGR,2022-07-19,-3.4625,0.591722824110926,Sedgwick,both,QUEAGR_Sedgwick,1.6899804422831206,SeR
1375,QUEDOU,2022-05-23,-2.971,0.704772727272727,Sedgwick,both,QUEDOU_Sedgwick,1.4188971299580786,SeR
1376,QUEDOU,2022-04-27,-1.873,0.80955749935683,Sedgwick,both,QUEDOU_Sedgwick,1.235242710733297,SeR
1377,QUEDOU,2022-05-25,-3.21666666666667,1.27549852893102,Sedgwick,both,QUEDOU_Sedgwick,0.7840071762670617,SeR
1378,QUEDOU,2022-07-19,-4.1,0.600883800341468,Sedgwick,both,QUEDOU_Sedgwick,1.6642152766170826,SeR
1379,QUEDOU,2022-09-15,-3.556,0.64247656302691,Sedgwick,both,QUEDOU_Sedgwick,1.5564770102876346,SeR
1380,QUEDOU,2022-04-04,-0.8625,1.8858940397351,Sedgwick,both,QUEDOU_Sedgwick,0.5302524844611439,SeR
1381,QUEDOU,2022-04-27,-1.99433333333333,1.2706149245523,Sedgwick,both,QUEDOU_Sedgwick,0.7870205053292201,SeR
1382,QUEDOU,2022-05-25,-3.252,0.918885601577909,Sedgwick,both,QUEDOU_Sedgwick,1.0882747518111084,SeR
1383,QUEDOU,2022-07-19,-4.1,0.620322691383454,Sedgwick,both,QUEDOU_Sedgwick,1.6120641947980066,SeR
1384,QUEDOU,2022-09-15,-4.3785,0.631753711873251,Sedgwick,both,QUEDOU_Sedgwick,1.5828953296290729,SeR
1386,QUEDOU,2022-04-27,-2.32733333333333,0.966947876586287,Sedgwick,both,QUEDOU_Sedgwick,1.0341819080573404,SeR
1388,QUEDOU,2022-07-19,-3.63333333333333,0.645807259073842,Sedgwick,both,QUEDOU_Sedgwick,1.5484496124031015,SeR
1389,QUEDOU,2022-09-15,-3.72733333333333,0.640068672090767,Sedgwick,both,QUEDOU_Sedgwick,1.562332361516034,SeR
1391,QUEDOU,2022-04-27,-2.08566666666667,0.957553562674817,Sedgwick,both,QUEDOU_Sedgwick,1.0443280031318705,SeR
1392,QUEDOU,2022-05-25,-2.8935,0.937802907915993,Sedgwick,both,QUEDOU_Sedgwick,1.0663221360895787,SeR
1395,QUEAGR,2022-05-25,-1.9712,0.78222501351839,Sedgwick,both,QUEAGR_Sedgwick,1.2784045290268515,SeR
1396,QUEAGR,2022-07-19,-2.45,0.594663293683454,Sedgwick,both,QUEAGR_Sedgwick,1.681623888042283,SeR
1397,QUEAGR,2022-09-15,-3.42933333333333,0.60313804045143,Sedgwick,both,QUEAGR_Sedgwick,1.657995239782142,SeR
1398,QUEDOU,2022-05-25,-2.665,1.12120567375887,Sedgwick,both,QUEDOU_Sedgwick,0.8918970206844165,SeR
1399,QUEDOU,2022-07-19,-4,0.652358490566038,Sedgwick,both,QUEDOU_Sedgwick,1.53289949385394,SeR
1402,QUEAGR,2022-05-25,-2.122,0.698620896417329,Sedgwick,both,QUEAGR_Sedgwick,1.431391481600686,SeR
1403,QUEAGR,2022-09-15,-2.94475,0.638190148231776,Sedgwick,both,QUEAGR_Sedgwick,1.566931114136884,SeR
1406,QUEAGR,2022-05-25,-2.2205,0.725170535582309,Sedgwick,both,QUEAGR_Sedgwick,1.378985977687309,SeR
1407,QUEAGR,2022-07-19,-3.2,0.573107568565655,Sedgwick,both,QUEAGR_Sedgwick,1.7448731352523401,SeR
1408,QUEAGR,2022-09-15,-3.0824,0.654486282191864,Sedgwick,both,QUEAGR_Sedgwick,1.5279159047474855,SeR
1409,QUEAGR,2022-03-08,-2.064,0.713036519854702,Sedgwick,both,QUEAGR_Sedgwick,1.4024527105621092,SeR
1412,QUEAGR,2022-05-25,-2.7215,0.678436966030383,Sedgwick,both,QUEAGR_Sedgwick,1.4739762867744683,SeR
1413,QUEAGR,2022-09-15,-2.20625,0.602488759988132,Sedgwick,both,QUEAGR_Sedgwick,1.6597820016089566,SeR
1414,QUEAGR,2022-04-25,-3.4964,0.724340261560019,Sedgwick,both,QUEAGR_Sedgwick,1.3805666384556476,SeR
1415,QUEAGR,2022-05-23,-2.87666666666667,0.584203018244613,Sedgwick,both,QUEAGR_Sedgwick,1.7117337103200103,SeR
1416,QUEAGR,2022-07-19,-4.38333333333333,0.518326693227092,Sedgwick,both,QUEAGR_Sedgwick,1.9292851652574927,SeR
1417,QUEAGR,2022-08-18,-3.7614,0.539980871978535,Sedgwick,both,QUEAGR_Sedgwick,1.8519174509569507,SeR
1418,QUEAGR,2022-09-15,-4.946,0.495772657457843,Sedgwick,both,QUEAGR_Sedgwick,2.0170535525853057,SeR
1419,QUEAGR,2022-03-08,-2.22933333333333,1.31237069207754,Sedgwick,both,QUEAGR_Sedgwick,0.761979832403112,SeR
1420,QUEAGR,2022-04-25,-2.99033333333333,0.451005025125628,Sedgwick,both,QUEAGR_Sedgwick,2.217270194986073,SeR
1421,QUEAGR,2022-05-23,-2.64,0.541440743609605,Sedgwick,both,QUEAGR_Sedgwick,1.8469241773962801,SeR
1422,QUEAGR,2022-08-18,-3.86975,0.547922596928315,Sedgwick,both,QUEAGR_Sedgwick,1.8250753037127077,SeR
1423,QUEAGR,2022-09-15,-4.2825,0.53884287749096,Sedgwick,both,QUEAGR_Sedgwick,1.8558285574012743,SeR
1424,QUEDOU,2022-04-25,-2.6195,1.02001912655403,Sedgwick,both,QUEDOU_Sedgwick,0.9803737733608375,SeR
1425,QUEDOU,2022-07-19,-3.2,0.649001331557923,Sedgwick,both,QUEDOU_Sedgwick,1.5408288879770204,SeR
1426,QUEDOU,2022-08-18,-4.00233333333333,0.61590174531351,Sedgwick,both,QUEDOU_Sedgwick,1.623635600335852,SeR
1427,QUEAGR,2022-03-08,-1.35233333333333,0.775506143361687,Sedgwick,both,QUEAGR_Sedgwick,1.2894804361770371,SeR
1428,QUEAGR,2022-04-25,-2.211,0.643932952751124,Sedgwick,both,QUEAGR_Sedgwick,1.5529567103649897,SeR
1429,QUEAGR,2022-05-23,-2.16975,0.599590163934426,Sedgwick,both,QUEAGR_Sedgwick,1.6678058783321947,SeR
1430,QUEAGR,2022-07-19,-3.45,0.51032565528197,Sedgwick,both,QUEAGR_Sedgwick,1.9595330739299601,SeR
1431,QUEAGR,2022-08-18,-2.44433333333333,0.595696708275948,Sedgwick,both,QUEAGR_Sedgwick,1.678706607082281,SeR
1432,QUEAGR,2022-09-15,-3.51366666666667,0.512337985581698,Sedgwick,both,QUEAGR_Sedgwick,1.9518365378757163,SeR
1433,QUEDOU,2022-04-25,-2.211,1.01466177940686,Sedgwick,both,QUEDOU_Sedgwick,0.9855500821018105,SeR
1434,QUEDOU,2022-05-23,-3.3165,0.638433228180862,Sedgwick,both,QUEDOU_Sedgwick,1.566334513711604,SeR
1435,QUEDOU,2022-08-18,-5.112,0.592234962784148,Sedgwick,both,QUEDOU_Sedgwick,1.6885190217391306,SeR
1437,QUEDOU,2022-04-25,-2.35985714285714,1.34142561983471,Sedgwick,both,QUEDOU_Sedgwick,0.7454755487100504,SeR
1438,QUEDOU,2022-05-23,-2.86,0.847755367599219,Sedgwick,both,QUEDOU_Sedgwick,1.179585571757483,SeR
1439,QUEDOU,2022-07-19,-4.2,0.6309963099631,Sedgwick,both,QUEDOU_Sedgwick,1.584795321637426,SeR
1440,QUEDOU,2022-08-18,-4.4565,0.633377425044092,Sedgwick,both,QUEDOU_Sedgwick,1.5788374521406188,SeR
1441,QUEAGR,2022-03-08,-2.44166666666667,0.427924590433852,Sedgwick,both,QUEAGR_Sedgwick,2.3368603308964984,SeR
1442,QUEAGR,2022-04-25,-2.734,0.849787845995014,Sedgwick,both,QUEAGR_Sedgwick,1.1767643003049815,SeR
1443,QUEAGR,2022-05-23,-4.1634,0.463587684069612,Sedgwick,both,QUEAGR_Sedgwick,2.1570892289922026,SeR
1444,QUEAGR,2022-08-18,-4.201,0.499104920626713,Sedgwick,both,QUEAGR_Sedgwick,2.0035867383241306,SeR
1445,QUEAGR,2022-09-15,-5.033,0.57600341588386,Sedgwick,both,QUEAGR_Sedgwick,1.7361008154188287,SeR
1447,QUEAGR,2022-05-23,-3.67633333333333,0.561852449472166,Sedgwick,both,QUEAGR_Sedgwick,1.7798267159633336,SeR
1448,QUEAGR,2022-07-19,-4.1,0.554474724503902,Sedgwick,both,QUEAGR_Sedgwick,1.8035087188053829,SeR
1449,QUEAGR,2022-08-18,-3.49833333333333,0.623348246754652,Sedgwick,both,QUEAGR_Sedgwick,1.6042396929907419,SeR
1450,QUEAGR,2022-09-15,-4.433,0.461636793864063,Sedgwick,both,QUEAGR_Sedgwick,2.166205149354857,SeR
1451,QUEDOU,2022-04-25,-2.75833333333333,0.72272826641405,Sedgwick,both,QUEDOU_Sedgwick,1.3836458963500695,SeR
1452,QUEDOU,2022-05-23,-3.27725,0.710935143288084,Sedgwick,both,QUEDOU_Sedgwick,1.4065980693751998,SeR
1453,QUEDOU,2022-07-19,-4.55,0.588100686498856,Sedgwick,both,QUEDOU_Sedgwick,1.700389105058365,SeR
1454,QUEDOU,2022-08-18,-4.88075,0.648404867122707,Sedgwick,both,QUEDOU_Sedgwick,1.5422462888619182,SeR
1455,QUEDOU,2022-04-25,-3.18333333333333,1.15845575062702,Sedgwick,both,QUEDOU_Sedgwick,0.8632181241784547,SeR
1456,QUEDOU,2022-05-23,-2.97266666666667,0.73280977312391,Sedgwick,both,QUEDOU_Sedgwick,1.3646106215765643,SeR
1457,QUEDOU,2022-07-19,-3.85,0.627757352941176,Sedgwick,both,QUEDOU_Sedgwick,1.592972181551978,SeR
1458,QUEDOU,2022-08-18,-5.1675,0.567483116621308,Sedgwick,both,QUEDOU_Sedgwick,1.7621669626998233,SeR
1459,QUEDOU,2022-04-25,-2.71266666666667,0.923592788038698,Sedgwick,both,QUEDOU_Sedgwick,1.0827282466373054,SeR
1460,QUEDOU,2022-05-23,-2.96033333333333,0.74944,Sedgwick,both,QUEDOU_Sedgwick,1.334329632792485,SeR
1461,QUEDOU,2022-07-19,-3.88333333333333,0.58252427184466,Sedgwick,both,QUEDOU_Sedgwick,1.716666666666667,SeR
1462,QUEDOU,2022-08-18,-5.2685,0.580503443362622,Sedgwick,both,QUEDOU_Sedgwick,1.7226426672121078,SeR
1463,QUEDOU,2022-04-25,-3.36,0.98011390159649,Sedgwick,both,QUEDOU_Sedgwick,1.020289578967422,SeR
1464,QUEDOU,2022-08-18,-4.926,0.560326497016256,Sedgwick,both,QUEDOU_Sedgwick,1.7846737666789088,SeR
1465,QUEDOU,2022-04-25,-2.28725,0.795868544600939,Sedgwick,both,QUEDOU_Sedgwick,1.2564889098631429,SeR
1466,QUEDOU,2022-05-23,-3.2,0.82535046728972,Sedgwick,both,QUEDOU_Sedgwick,1.2116065109695677,SeR
1467,QUEDOU,2022-07-19,-4.43333333333333,0.566191979778254,Sedgwick,both,QUEDOU_Sedgwick,1.7661853853734286,SeR
1468,QUEDOU,2022-08-18,-4.79925,0.578995854444956,Sedgwick,both,QUEDOU_Sedgwick,1.7271280827366753,SeR
1469,QUEDOU,2022-09-15,-4.005,0.559142475809142,Sedgwick,both,QUEDOU_Sedgwick,1.7884529315232,SeR
1470,QUEDOU,2022-04-25,-2.696,1.22377025874325,Sedgwick,both,QUEDOU_Sedgwick,0.817146840148697,SeR
1471,QUEDOU,2022-05-23,-2.55666666666667,0.770657672849916,Sedgwick,both,QUEDOU_Sedgwick,1.2975929978118157,SeR
1472,QUEDOU,2022-08-18,-4.72,0.616343616343616,Sedgwick,both,QUEDOU_Sedgwick,1.622471578325706,SeR
1473,QUEDOU,2022-09-15,-3.87375,0.563885183113138,Sedgwick,both,QUEDOU_Sedgwick,1.773410669312373,SeR
1474,QUEDOU,2022-04-25,-1.9765,0.97768231349539,Sedgwick,both,QUEDOU_Sedgwick,1.0228271353552671,SeR
1475,QUEDOU,2022-05-23,-2.18,0.704167221408601,Sedgwick,both,QUEDOU_Sedgwick,1.4201172244280578,SeR
1476,QUEDOU,2022-07-19,-3.92,0.595424836601307,Sedgwick,both,QUEDOU_Sedgwick,1.6794731064764001,SeR
1477,QUEDOU,2022-09-15,-3.533,0.540240308320109,Sedgwick,both,QUEDOU_Sedgwick,1.8510281158203936,SeR
1479,QUEDOU,2022-05-23,-3.442,0.746327319587629,Sedgwick,both,QUEDOU_Sedgwick,1.3398946732280064,SeR
1480,QUEDOU,2022-07-19,-4.5,0.621310295176386,Sedgwick,both,QUEDOU_Sedgwick,1.609501738122827,SeR
1481,QUEDOU,2022-08-18,-4.1515,0.596007604562738,Sedgwick,both,QUEDOU_Sedgwick,1.6778309409888346,SeR
1482,QUEDOU,2022-09-15,-3.98766666666667,0.559904855473396,Sedgwick,both,QUEDOU_Sedgwick,1.786017731806427,SeR
1483,QUEAGR,2022-03-08,-2.683,0.735319484487815,Sedgwick,both,QUEAGR_Sedgwick,1.3599530831099185,SeR
1484,QUEAGR,2022-04-25,-2.48825,0.73178096899745,Sedgwick,both,QUEAGR_Sedgwick,1.3665291150848233,SeR
1485,QUEAGR,2022-05-23,-2.35,0.612740899357602,Sedgwick,both,QUEAGR_Sedgwick,1.6320111829460064,SeR
1486,QUEAGR,2022-07-19,-4.95,0.569121447028424,Sedgwick,both,QUEAGR_Sedgwick,1.7570942111237222,SeR
1487,QUEAGR,2022-08-18,-3.76166666666667,0.52040111605293,Sedgwick,both,QUEAGR_Sedgwick,1.9215946491134925,SeR
1488,QUEAGR,2022-09-15,-3.085,0.513144580054933,Sedgwick,both,QUEAGR_Sedgwick,1.9487685125563408,SeR
1489,QUEAGR,2022-03-08,-2.21666666666667,1.74906010752629,Sedgwick,both,QUEAGR_Sedgwick,0.5717356400142865,SeR
1490,QUEAGR,2022-04-25,-2.96633333333333,0.708648129372,Sedgwick,both,QUEAGR_Sedgwick,1.4111375710342937,SeR
1491,QUEAGR,2022-05-23,-1.61575,0.589143559346264,Sedgwick,both,QUEAGR_Sedgwick,1.6973791601993204,SeR
1492,QUEAGR,2022-08-18,-4.0285,0.507449010912438,Sedgwick,both,QUEAGR_Sedgwick,1.970641342273802,SeR
1493,QUEAGR,2022-09-15,-2.54766666666667,0.495801081303805,Sedgwick,both,QUEAGR_Sedgwick,2.0169379166546113,SeR
1494,QUEDOU,2022-03-08,-1.7875,1.55201121724652,Sedgwick,both,QUEDOU_Sedgwick,0.6443252399774125,SeR
1495,QUEDOU,2022-04-25,-3.0975,1.19779126455079,Sedgwick,both,QUEDOU_Sedgwick,0.834870005814437,SeR
1496,QUEDOU,2022-05-23,-3.192,0.754483695652174,Sedgwick,both,QUEDOU_Sedgwick,1.32540968845669,SeR
1497,QUEDOU,2022-08-18,-3.946,0.6626288580955,Sedgwick,both,QUEDOU_Sedgwick,1.5091404302465152,SeR
1498,QUEDOU,2022-09-15,-4.317,0.598611665694014,Sedgwick,both,QUEDOU_Sedgwick,1.6705320950279632,SeR
1499,QUEDOU,2022-04-25,-2.82,0.639444610331443,Sedgwick,both,QUEDOU_Sedgwick,1.5638571095026832,SeR
1500,QUEDOU,2022-04-25,-2.82,0.639444610331443,Sedgwick,both,QUEDOU_Sedgwick,1.5638571095026832,SeR
1501,QUEDOU,2022-05-23,-3.3255,0.696957123098202,Sedgwick,both,QUEDOU_Sedgwick,1.4348084937487595,SeR
1502,QUEDOU,2022-05-23,-3.3255,0.696957123098202,Sedgwick,both,QUEDOU_Sedgwick,1.4348084937487595,SeR
1503,QUEDOU,2022-07-19,-4.65,0.615749525616698,Sedgwick,both,QUEDOU_Sedgwick,1.624036979969184,SeR
1504,QUEDOU,2022-07-19,-4.65,0.615749525616698,Sedgwick,both,QUEDOU_Sedgwick,1.624036979969184,SeR
1505,QUEDOU,2022-08-18,-4.349,0.611705565529623,Sedgwick,both,QUEDOU_Sedgwick,1.6347734209908429,SeR
1506,QUEDOU,2022-08-18,-4.349,0.611705565529623,Sedgwick,both,QUEDOU_Sedgwick,1.6347734209908429,SeR
1507,QUEDOU,2022-09-15,-4.87066666666667,0.57323382240692,Sedgwick,both,QUEDOU_Sedgwick,1.7444888297085384,SeR
1508,QUEDOU,2022-09-15,-4.87066666666667,0.57323382240692,Sedgwick,both,QUEDOU_Sedgwick,1.7444888297085384,SeR
1509,QUEAGR,2022-04-04,-3.2,1.25481403323661,Sedgwick,both,QUEAGR_Sedgwick,0.7969308387639288,SeR
1510,QUEAGR,2022-04-25,-2.5075,0.492335217338267,Sedgwick,both,QUEAGR_Sedgwick,2.0311364387182027,SeR
1511,QUEAGR,2022-05-23,-3.78,0.54987732631201,Sedgwick,both,QUEAGR_Sedgwick,1.8185874415061487,SeR
1512,QUEAGR,2022-07-19,-4.1,0.500779022253579,Sedgwick,both,QUEAGR_Sedgwick,1.9968887584385095,SeR
1513,QUEAGR,2022-08-18,-3.1325,0.508077042426909,Sedgwick,both,QUEAGR_Sedgwick,1.9682054422757316,SeR
1514,QUEAGR,2022-09-15,-3.496,0.496748958961154,Sedgwick,both,QUEAGR_Sedgwick,2.0130892716741466,SeR
1515,QUEDOU,2022-03-08,-1.68828571428571,1.8309866064858,Sedgwick,both,QUEDOU_Sedgwick,0.5461536400417987,SeR
1516,QUEDOU,2022-04-25,-2.001,0.945343883140597,Sedgwick,both,QUEDOU_Sedgwick,1.0578161215554978,SeR
1517,QUEDOU,2022-05-23,-2.6365,0.75039603960396,Sedgwick,both,QUEDOU_Sedgwick,1.3326296345164277,SeR
1518,QUEDOU,2022-07-19,-4.63333333333333,0.640752351097179,Sedgwick,both,QUEDOU_Sedgwick,1.5606653620352242,SeR
1519,QUEDOU,2022-08-18,-4.657,0.627759529447712,Sedgwick,both,QUEDOU_Sedgwick,1.5929666585543933,SeR
1520,QUEDOU,2022-09-15,-4.74066666666667,0.598844582217839,Sedgwick,both,QUEDOU_Sedgwick,1.6698823529411753,SeR
1521,QUEDOU,2022-04-25,-2.695,0.876240779528276,Sedgwick,both,QUEDOU_Sedgwick,1.141238827686552,SeR
1522,QUEDOU,2022-05-23,-3.88833333333333,0.653261600537996,Sedgwick,both,QUEDOU_Sedgwick,1.530780317068149,SeR
1523,QUEDOU,2022-08-18,-4.44666666666667,0.478359307195955,Sedgwick,both,QUEDOU_Sedgwick,2.090478819910073,SeR
1525,QUEDOU,2022-04-25,-2.96,0.848654970760234,Sedgwick,both,QUEDOU_Sedgwick,1.1783351708930538,SeR
1526,QUEDOU,2022-05-23,-3.34333333333333,0.715020723167072,Sedgwick,both,QUEDOU_Sedgwick,1.39856086348191,SeR
1527,QUEDOU,2022-07-19,-4.2,0.614563106796116,Sedgwick,both,QUEDOU_Sedgwick,1.6271721958925762,SeR
1528,QUEDOU,2022-08-18,-4.6335,0.627397401526088,Sedgwick,both,QUEDOU_Sedgwick,1.5938861040348422,SeR
1529,QUEDOU,2022-09-15,-4.16766666666667,0.561421116017664,Sedgwick,both,QUEDOU_Sedgwick,1.7811941365749004,SeR
1530,QUEDOU,2022-04-25,-2.56333333333333,0.933291264761561,Sedgwick,both,QUEDOU_Sedgwick,1.0714768666087129,SeR
1531,QUEDOU,2022-05-23,-3.01666666666667,0.732066217044758,Sedgwick,both,QUEDOU_Sedgwick,1.3659966499162475,SeR
1532,QUEDOU,2022-08-18,-5.094,0.584344766930519,Sedgwick,both,QUEDOU_Sedgwick,1.7113184828416614,SeR
